Item;Descrição;2026-05;2026-06;2026-07;2026-08;2026-09;Estoque Padrão;Estoque Produção;Ponto;OC;Neces;Dispon;Saldo Virtual;Prazo Fornecedor;Valor Unitário;Valor Estoque;Média Diária;Lote Mínimo;Lote Econom;Observação;Última Data Entrada;Última Data Saída;Família;Baixa;Neces (30 dias)
3COUACOU301;COURO ESTOF NATURALLE ABUHLER COR 301BOOK COURO SEQ- 21;175,82999999999998;183,21;131,30;127,86;181,05;224,19;32,65;(0,00);500,00;190,08;34,11;534,11(406,25);60;80,36;18.014,79;4,92;500,00;100,00;;26/06/2026;29/09/2026;REV;S;190,08
3COUACOU306;COURO COURO ESTOF NATURALLE ABUHLER COR 306BOOK COURO SEQ- 24;175,87;138,70;161,58;245,45;108,48;121,85;70,65;(0,00);500,00;177,55;-55,70;444,30(198,85);60;80,49;9.808,07;6,06;500,00;100,00;;02/06/2026;29/09/2026;REV;S;177,55
3COUACOU307;!COURO COURO ESTOF NATURALLE ABUHLER COR 307BOOK COURO SEQ- 23;946,46;892,00;1.372,27;971,98;730,82;1.486,52;203,45;(0,00);2.000,00;1.366,59;119,93;2.119,93(1.147,95);60;81,09;120.543,39;35,96;500,00;100,00;;25/08/2026;29/09/2026;REV;S;1.244,99
3COUACOU309;COURO COURO ESTOF NATURALLE ABUHLER COR 309BOOK COURO SEQ- 26;211,18;96,57;274,64;134,42;203,51;451,23;47,70;(0,00);500,00;243,40;207,83;707,83(573,41);60;80,63;36.383,58;5,62;500,00;100,00;;07/07/2026;29/09/2026;REV;S;238,20
3COUACOU322;COURO COSMOS VENEZA BEIGE BOOK COURO SEQ- 20;107,55;150,47;141,70;177,94;165,28;206,59;26,60;(0,00);500,00;152,01;54,58;554,58(376,64);60;64,08;13.237,87;5,22;500,00;100,00;CODIGO ANTIGO - 3COUBCOU322;29/07/2026;28/09/2026;REV;S;152,01
3COUACOU355;COURO COURO ESTOF NATURALLE ABUHLER COR 355BOOK COURO SEQ- 27;301,24;241,26;296,85;279,07;239,71;10,90;16,57;(0,00);1.000,00;447,85;-436,95;563,05(283,98);60;80,37;876,04;9,08;500,00;100,00;;28/05/2026;29/09/2026;REV;S;341,45
3COUACOU364;COURO NATURALLE COR VINHO 364 A.BUHLER BOOK COURO SEQ- 39;16,76;93,07;18,23;16,84;25,17;237,82;13,20;(0,00);0,00;68,60;169,22;169,22(152,38);60;78,66;18.705,97;1,42;500,00;100,00;3COUBCOU364;03/11/2025;29/09/2026;REV;S;68,60
3COUACOU369;COURO COURO ESTOF NATURALLE ABUHLER COR 369BOOK COURO SEQ- 25;44,21;127,65;144,42;105,30;153,49;364,18;14,70;(0,00);500,00;170,97;193,21;693,21(587,91);60;80,21;29.210,51;4,19;500,00;100,00;3COUBCOU369;05/05/2026;28/09/2026;REV;S;170,97
3COUACOU378;$ COURO CAMURCA PORTOBELO 11-13 HAZELNUT - BOOK COURO/SEQ- 4 FORA LINH A;0,0;0,00;9,07;0,00;2,58;0,00;3,10;(0,00);0,00;3,10;-3,10;-3,10(-3,10);90;110,77;0,00;0,10;50,00;50,00;3COUPCOU378;29/09/2026;29/09/2026;REV;S;3,10
3COUDCOU344;COURO MADRAS GELO FUGA/ABULHERBOOK COURO SEQ- 17;335,329;454,38;292,06;392,72;243,31;865,69;110,39;(0,00);500,00;626,01;239,68;739,68(346,96);60;58,75;50.856,69;12,66;250,00;100,00;;25/08/2026;29/09/2026;REV;S;445,36
3COUDCOU345;COURO MADRAS CREME FUGA/ABULHERBOOK COURO SEQ- 19;160,0;400,61;303,05;334,22;326,52;874,48;191,15;(0,00);250,00;458,55;415,93;665,93(331,71);60;59,00;51.591,70;11,53;250,00;100,00;;23/09/2026;29/09/2026;REV;S;398,05
3COUDCOU346;COURO MADRAS COR 1550 FUGA/ABULHER BOOK COUROBOOK COURO SEQ- 31;190,05;160,17;135,73;88,25;209,55;297,93;39,30;(0,00);250,00;219,72;78,21;328,21(239,96);60;58,99;17.574,59;4,27;250,00;100,00;;10/08/2026;25/09/2026;REV;S;204,60
3COUDCOU347;COURO MADRAS CARAMELO FUGA/ABULHER BOOK COURO SEQ- 28;58,35;76,15;225,17;346,90;209,08;189,25;45,50;(0,00);500,00;260,40;-71,15;428,85(81,95);60;57,61;10.902,50;7,20;250,00;100,00;;05/08/2026;29/09/2026;REV;S;250,60
3COUDCOU348;COURO MADRAS CHOCOLATE FUGA/ABULHER BOOK COURO SEQ- 29;101,27;95,37;359,24;351,71;236,86;210,24;74,80;(0,00);500,00;261,25;-51,01;448,99(97,28);60;58,56;12.312,50;8,96;250,00;100,00;;29/07/2026;29/09/2026;REV;S;219,25
3COUDCOU349;COURO MADRAS CIMENTO 30053 FUGA/ABULHERBOOK COURO SEQ- 33;218,84;323,81;172,66;257,96;233,14;182,82;2,85;(0,00);500,00;89,50;93,32;593,32(335,36);60;58,73;10.737,02;8,38;250,00;100,00;;25/08/2026;29/09/2026;REV;S;63,20
3COUDCOU350;COURO MADRAS ASH GRAY FUGA/ABULHER BOOK COURO SEQ- 32;112,22;72,13;75,42;58,15;62,91;297,22;31,96;(0,00);0,00;115,76;181,46;181,46(123,31);60;56,60;16.822,65;2,29;250,00;100,00;;23/03/2026;24/09/2026;REV;S;115,76
3COUDCOU351;COURO MADRAS PRETO FUGA/ABULHER BOOK COURO SEQ- 38;167,37;63,09;125,97;101,39;75,52;327,57;56,90;(0,00);0,00;136,98;190,59;190,59(89,20);60;57,68;18.893,58;3,23;250,00;100,00;;20/07/2026;28/09/2026;REV;S;124,98
3COUPCOU304;*** COURO COURO NANUKE TRIL TOPO LBS BOOK COUROBOOK COURO SEQ- 30;51,95;26,61;5,43;0,00;36,10;36,63;13,50;(0,00);500,00;13,50;23,13;523,13(523,13);60;86,64;3.173,70;0,36;500,00;100,00;3COUACOU304;07/11/2025;17/09/2026;REV;S;13,50
3COUPCOU310;COURO NANUKE BROWN 38562 JBS BOOK COURO SEQ- 40;0,4;62,63;37,26;16,60;0,50;402,82;4,50;(0,00);0,00;63,10;339,72;339,72(323,12);60;111,25;44.814,78;1,29;500,00;100,00;3COUACOU310;06/03/2026;28/09/2026;REV;S;63,10
3COUPCOU314;COURO NANUKE COR KIWI JBS BOOK COURO SEQ- 35;5,36;57,51;9,40;49,33;24,51;271,38;0,00;(0,00);0,00;77,20;194,18;194,18(144,86);60;111,79;30.337,20;1,29;500,00;100,00;3COUACOU314;04/03/2026;29/09/2026;REV;S;77,20
3COUPCOU374;COURO CAMURCA PORTOBELO 11-13 MADEROBOOK COURO SEQ- 14;0,0;19,36;3,93;26,37;31,28;131,75;5,25;(0,00);0,00;9,05;122,70;122,70(96,33);90;111,04;14.630,05;0,55;50,00;50,00;3COUACOU374;04/08/2026;29/09/2026;REV;S;9,05
3COUPCOU375;COURO CAMURCA PORTOBELO 11-13 OLIVABOOK COURO SEQ- 12;15,39;5,13;10,66;3,30;13,34;99,37;0,00;(0,00);0,00;2,05;97,32;97,32(94,02);90;106,95;10.627,52;0,21;50,00;50,00;3COUACOU375;08/01/2026;16/09/2026;REV;S;2,05
3COUPCOU376;*** COURO CAMURCA PORTOBELO 11-13 GREY - BOOK COURO/SEQ- 9;0,0;0,00;0,00;11,52;0,00;121,55;0,00;(0,00);0,00;8,10;113,45;113,45(101,93);90;108,01;13.128,13;0,13;50,00;50,00;3COUACOU376;08/09/2025;24/08/2026;REV;S;8,10
3COUPCOU377;*** COURO CAMURCA PORTOBELO 11-13 MOUSEBOOK COURO SEQ- 8;0,0;41,35;0,00;13,31;10,80;99,70;0,00;(0,00);0,00;11,55;88,15;88,15(74,84);90;110,14;10.981,26;0,61;50,00;50,00;3COUACOU377;22/07/2026;25/09/2026;REV;S;11,55
3COUPCOU378;COURO CAMURCA PORTOBELO 11-13 HAZELNUT - BOOK COURO/SEQ- 4;59,78;69,34;92,95;15,87;0,00;260,50;10,00;(0,00);0,00;34,55;225,95;225,95(210,08);90;110,77;28.855,85;1,98;50,00;50,00;3COUACOU378;11/09/2026;29/09/2026;REV;S;34,55
3COUPCOU384;COURO CAMURCA PORTOBELO 11-13 AVELA - BOOK COURO/SEQ- 3;26,63;24,67;1,10;8,28;3,85;130,24;2,20;(0,00);0,00;27,40;102,84;102,84(94,56);90;125,92;16.399,30;0,38;50,00;50,00;3COUACOU384;27/07/2026;24/09/2026;REV;S;27,40
3COUPCOU385;COURO CAMURCA PORTOBELO 11-13 GINGER - BOOK COURO/SEQ- 5;0,0;17,91;9,11;3,24;1,00;126,51;0,00;(0,00);0,00;10,20;116,31;116,31(113,07);60;109,97;13.912,05;0,34;50,00;50,00;3COUACOU385;14/07/2026;17/09/2026;REV;S;10,20
3COUPCOU387;COURO CAMURCA PORTOBELO 11-13 WHISKYBOOK COURO SEQ- 7;22,299999999999997;51,65;50,64;96,07;123,39;172,52;6,10;(0,00);100,00;141,40;31,12;131,12(35,05);60;111,81;19.289,29;2,20;50,00;50,00;3COUACOU387;22/09/2026;28/09/2026;REV;S;141,40
3COUPCOU391;COURO CAMURCA PORTOBELO 11-13MUSGOBOOK COURO SEQ- 13;11,25;7,23;12,79;22,81;8,00;97,92;0,00;(0,00);0,00;31,27;66,65;66,65(43,84);60;111,81;10.948,04;0,48;50,00;50,00;3COUACOU391;28/07/2026;01/09/2026;REV;S;31,27
3COUSOLETA3;SOLETA DE COURO BOV RUSH HAVANA SEL B;308,159;257,93;370,14;167,52;179,04;925,85;46,25;(100,00);500,00;455,28;470,57;970,57(803,05);42;110,66;102.457,34;8,84;250,00;100,00;;18/08/2026;29/09/2026;REV;S;436,12
3COUSOLETA4;SOLETA DE COURO BOV RUSH PRETO SEL B;6,625;19,26;8,95;12,50;11,75;219,36;0,50;(100,00);0,00;9,50;209,86;209,86(197,37);42;113,55;24.908,77;0,45;250,00;100,00;;26/11/2025;29/09/2026;REV;S;9,50
3COUSOLETA6;SOLETA DE COURO TAUPE - CHUMBO;29,391;91,21;46,76;45,37;23,11;412,79;34,01;(100,00);0,00;81,56;331,23;331,23(285,87);42;113,97;47.046,91;2,04;250,00;100,00;;22/05/2026;28/09/2026;REV;S;75,86
3COUSOLETA7;SOLETA DE COURO LINHO - OFF WHITE;53,815;34,13;70,21;64,46;47,24;243,70;25,76;(100,00);0,00;95,93;147,77;147,77(83,31);42;113,74;27.718,68;1,88;250,00;100,00;;11/03/2026;29/09/2026;REV;S;95,93
3COUSOLETA8;SOLETA DE COURO MUSGO - RELVA;78,45;60,01;50,51;56,34;33,23;75,64;26,24;(100,00);250,00;57,07;18,58;268,58(212,24);42;113,97;8.620,46;1,85;250,00;100,00;;22/05/2026;29/09/2026;REV;S;57,07
3MICFIBRIMPER;MICROFIBRA IMPERMEAVEL 016283 BRANCO FORN. CKS70 PES 30 PU;0,0;80,00;39,20;258,50;194,10;330,00;108,50;(0,00);440,00;312,30;17,70;457,70(199,20);30;12,92;4.262,61;4,20;60,00;0,00;;03/09/2026;29/09/2026;REV;S;312,30
3TEC0A11143;#TECIDO ANGELINA LD2267 PRETO COR 59 MARBLE LADY BOOK 21 FORA LINHA;0,0;0,00;0,00;0,00;0,00;0,00;0,00;(1.000,00);0,00;0,55;-0,55;-0,55(-0,55);27;81,86;0,00;0,00;50,00;50,00;;05/10/2023;05/03/2025;REV;S;0,55
3TEC0A22030;TECIDO ALASKA C0R 16583/01 LARTEX BOOK 31/SEQ-2 (BOO)(AMA);43,15;26,55;69,10;15,60;20,80;132,00;7,40;(0,00);0,00;12,70;119,30;119,30(103,70);22;91,70;12.104,14;1,24;50,00;50,00;;15/09/2026;29/09/2026;REV;S;12,70
3TEC0A22223;TECIDO ANKITA 127001 C0R 171 TRAMARE BOOK 37/SEQ-6 (BOO);15,1;130,80;73,20;14,10;10,25;137,35;7,40;(0,00);16,00;26,05;111,30;127,30(113,20);21;70,26;9.649,52;2,42;50,00;50,00;Tecidos CST alterados para REV;19/08/2026;24/09/2026;REV;S;26,05
3TEC0B11552;TECIDO ORLY C0R TAPIOCA D452 PROMEX BOOK 30/SEQ-41(AMA);33,2;35,00;30,60;6,60;19,80;49,40;0,00;(0,00);0,00;7,60;41,80;41,80(35,20);21;89,62;4.427,23;0,80;50,00;50,00;Tecidos CST alterados para REV;13/03/2026;23/09/2026;REV;S;7,60
3TEC0B11560;TECIDO DOMA C0R 005 LARTEX BOOK 34/SEQ-16 (BOO)(AMA);14,599999999999998;8,85;16,70;9,90;8,90;78,40;1,60;(0,00);0,00;1,60;76,80;76,80(66,90);22;86,99;6.819,70;0,39;50,00;50,00;Tecidos CST alterados para REV;20/07/2026;28/09/2026;REV;S;1,60
3TEC0B22029;TECIDO KENAI C0R 16584/01 LARTEX BOOK 31/SEQ-1 (BOO)(AMA);23,3;32,80;31,90;37,30;28,80;0,00;11,80;(0,00);100,00;25,35;-25,35;74,65(37,35);22;69,49;0,00;1,13;50,00;50,00;;20/07/2026;28/09/2026;REV;S;24,80
3TEC0B26028;TECIDO JACQUARD MOUSSE 16859/01 LARTEX BOOK 38 SEQ 28;27,9;19,20;32,00;75,90;67,10;0,00;9,40;(0,00);150,00;62,80;-62,80;87,20(11,30);23;75,99;0,00;1,41;50,00;1,00;;09/09/2026;29/09/2026;REV;S;52,10
3TEC0B26031;TECIDO ROSTOCK COR 64 TEXPOINT  BOOK 38 SEQ 31;1,4;0,00;12,40;80,10;34,90;25,00;54,90;(0,00);80,00;91,30;-66,30;13,70(-66,40);21;107,09;2.677,28;1,03;40,00;40,00;;15/09/2026;23/09/2026;REV;S;78,80
3TEC0B26057;***TECIDO ROSTOCK COR 69 TEXPOINT BOOK 39 SEQ 09;0,0;0,00;18,50;10,40;14,30;81,00;5,60;(0,00);0,00;14,80;66,20;66,20(55,80);21;105,70;8.561,78;0,32;40,00;40,00;;10/03/2026;28/09/2026;REV;S;14,80
3TEC0B26062;TECIDO ROSTORCK COR 67 TEXPOINT BOOK 39 SEQ 14;15,0;31,90;0,00;50,00;30,00;46,50;8,10;(0,00);40,00;45,30;1,20;41,20(-8,80);21;107,98;5.021,02;0,91;40,00;40,00;;29/06/2026;29/09/2026;REV;S;26,40
3TEC0B26078;TECIDO JACQUARD NUDE 16723/15 LARTEX BOOK 39 SEQ 30;3,8;63,10;51,50;56,30;25,80;12,50;22,20;(0,00);116,40;67,30;-54,80;61,60(5,30);23;94,17;1.177,13;1,90;50,00;1,00;;03/09/2026;22/09/2026;REV;S;67,30
3TEC0C10035;TECIDO 64221 C0R 068 TRAMARE BOOK 32/SEQ-9 (BOO);25,1;21,90;1,90;36,60;9,10;53,40;13,20;(0,00);0,00;13,20;40,20;40,20(3,60);21;43,91;2.344,58;0,67;50,00;50,00;;21/08/2026;21/09/2026;REV;S;13,20
3TEC0C10767;TECIDO ELVAS COR 32110/20 TRAMARE BOOK 31/SEQ-6 (BOO);40,9;42,00;36,70;53,80;23,24;113,00;0,00;(0,00);0,00;6,20;106,80;106,80(53,00);21;44,40;5.016,86;1,47;50,00;50,00;Tecidos CST alterados para REV;18/09/2026;21/09/2026;REV;S;6,20
3TEC0C10778;TECIDO 32110 C0R 937 TRAMARE BOOK 32/SEQ-34 (BOO)(AMA);0,0;17,20;48,30;8,90;5,95;87,10;31,45;(0,00);0,00;80,95;6,15;6,15(-2,75);21;44,08;3.839,54;0,83;50,00;50,00;Tecidos CST alterados para REV;24/06/2026;11/09/2026;REV;S;58,65
3TEC0C22032;TECIDO DORPER C0R 16576/01 LARTEX BOOK 31/SEQ-5 (BOO)(AMA);18,9;28,00;59,60;36,60;13,70;34,00;1,50;(0,00);50,00;5,90;28,10;78,10(41,50);22;52,22;1.775,48;1,38;50,00;50,00;;15/09/2026;29/09/2026;REV;S;5,90
3TEC0C22090;TECIDO CRAFTED C0R SAND QUAKER BOOK 32/SEQ-43(AMA);5,2;21,80;27,00;2,40;1,80;61,40;24,30;(0,00);0,00;37,60;23,80;23,80(21,40);21;77,24;4.742,41;0,57;50,00;50,00;Tecidos CST alterados para REV;04/09/2026;28/09/2026;REV;S;31,40
3TEC0C22110;TECIDO CRAFTED C0R GLAZE QUAKER BOOK 33/SEQ-25(AMA)(BOO);24,3;5,10;44,40;0,30;22,30;63,20;0,00;(0,00);0,00;5,20;58,00;58,00(57,70);21;78,77;4.978,07;0,55;50,00;50,00;;24/08/2026;11/09/2026;REV;S;5,20
3TEC0C22197;TECIDO BOGOTA C0R 16 TEXPOINT BOOK 36/SEQ-10 (ORG);9,3;14,60;41,30;11,70;0,00;61,80;10,40;(1.000,00);0,00;6,70;55,10;55,10(43,40);18;89,40;5.524,92;0,75;50,00;50,00;;10/07/2026;19/08/2026;REV;S;6,70
3TEC0C26029;TECIDO JACQUARD LENT 16774/09 LARTEX BOOK 38 SEQ 29;3,4;19,30;5,70;24,40;41,80;20,40;43,10;(0,00);100,00;120,40;-100,00;0,00(-24,40);23;82,46;1.682,22;0,55;50,00;1,00;;23/09/2026;25/09/2026;REV;S;69,10
3TEC0D10393;# TECIDO DUBLIN TWEED WP GREY MN PERFORMATEX QUAKER PRO BOOK 07 (TP);0,9;32,30;5,00;7,20;9,40;73,00;0,00;(0,00);0,00;35,60;37,40;37,40(30,20);21;67,38;4.918,89;0,49;50,00;1,00;Tecidos CST alterados para REV;05/06/2026;17/09/2026;REV;S;35,60
3TEC0D10397;#TECIDO BIGGIE WP B&W  PERFORMATEX QUAKER PRO BOOK 07 (TP) FORA LINHA;0,0;0,00;0,00;0,00;0,00;0,00;0,00;(0,00);0,00;12,20;-12,20;-12,20(-12,20);18;68,15;0,00;0,00;50,00;50,00;;31/08/2026;09/09/2025;REV;S;12,20
3TEC0D22006;TECIDO TRAILS C0R LINEN QUAKER BOOK 30/SEQ-11 (BOO);60,0;24,05;53,40;62,20;10,30;84,40;31,10;(0,00);0,00;35,00;49,40;49,40(-12,80);21;76,97;6.496,18;1,55;50,00;1,00;;31/08/2026;29/09/2026;REV;S;35,00
3TEC0D22009;TECIDO COLOSSEO DES 04 C0R41 TEXPOINT BOOK 30/SEQ-15;24,1;144,30;120,50;63,60;44,55;85,95;52,80;(1.000,00);0,00;101,75;-15,80;-15,80(-79,40);18;64,01;5.501,40;3,65;50,00;50,00;;16/09/2026;29/09/2026;REV;S;66,15
3TEC0D22022;TECIDO SANTORINI C0R 02 TEXPOINT BOOK 30/SEQ-33 (BOO);12,5;18,30;21,20;16,80;38,60;53,00;11,00;(1.000,00);0,00;14,90;38,10;38,10(21,30);18;59,37;3.146,56;0,63;50,00;50,00;;01/07/2026;28/09/2026;REV;S;14,90
3TEC0D22044;TECIDO BOLOGNA DES 02 C0R 11 TEXPOINT BOOK 31/SEQ-21 (BOO);22,0;71,10;252,30;87,50;27,90;217,70;26,70;(1.000,00);0,00;169,00;48,70;48,70(-38,80);18;60,36;13.140,15;4,57;50,00;50,00;;04/09/2026;28/09/2026;REV;S;133,50
3TEC0D22062;TECIDO SANTORINI C0R 12 TEXPOINT BOOK 32/SEQ-5;48,6;30,50;132,50;14,30;76,60;59,10;14,10;(1.000,00);50,00;49,50;9,60;59,60(45,30);18;68,31;4.036,83;1,97;50,00;50,00;;29/07/2026;29/09/2026;REV;S;32,50
3TEC0D22069;TECIDO BENTO 36071 C0R 068 TRAMARE BOOK 32/SEQ-16 (BOO);18,3;17,30;97,00;66,40;26,40;86,80;9,00;(0,00);0,00;16,00;70,80;70,80(4,40);21;37,46;3.251,53;2,01;50,00;50,00;;14/08/2026;29/09/2026;REV;S;16,00
3TEC0D22083;TECIDO 20511/QKQ C0R 002 ABDUCHE BOOK 32/SEQ-36 (BOO);0,0;24,00;28,70;0,00;0,00;181,30;0,00;(1.000,00);0,00;0,80;180,50;180,50(180,50);27;60,04;10.885,07;0,59;50,00;50,00;;02/09/2026;28/07/2026;REV;S;0,80
3TEC0D22087;TECIDO 20511/QKQ C0R 057 ABDUCHE BOOK 32/SEQ-40 (BOO);10,6;12,10;26,90;13,90;0,00;49,40;35,60;(1.000,00);50,00;64,80;-15,40;34,60(20,70);27;60,74;3.000,31;0,59;50,00;50,00;;16/09/2026;20/08/2026;REV;S;54,70
3TEC0D22108;TECIDO TRAILS C0R FLAX QUAKER BOOK 33/SEQ-23 (BOO);0,0;110,00;62,30;29,50;43,30;73,00;20,60;(0,00);0,00;21,15;51,85;51,85(22,35);21;76,30;5.569,90;2,24;50,00;50,00;Tecidos CST alterados para REV;31/08/2026;21/09/2026;REV;S;21,15
3TEC0D22196;TECIDO SANTORINI C0R 16 TEXPOINT BOOK 36/SEQ-9 (BOO);12,1;41,00;32,00;15,10;17,60;55,70;0,00;(1.000,00);0,00;14,60;41,10;41,10(26,00);18;63,07;3.513,22;0,98;50,00;50,00;;11/02/2026;23/09/2026;REV;S;14,60
3TEC0D22215;TECIDO TRAILS C0R SPICEY QUAKER BOOK 36/SEQ-38 (AC);13,25;98,60;49,95;127,05;73,44;85,80;10,26;(0,00);0,00;33,31;52,49;52,49(-74,56);21;76,87;6.595,10;3,06;50,00;1,00;;15/09/2026;29/09/2026;REV;S;33,31
3TEC0D22221;TECIDO BENTO 36071 C0R 171 TRAMARE BOOK 37/SEQ-4(AMA);71,8;153,10;125,40;215,10;89,60;143,70;39,20;(0,00);16,00;53,40;90,30;106,30(-108,80);21;35,89;5.156,82;5,48;50,00;50,00;;18/09/2026;29/09/2026;REV;S;46,60
3TEC0D22226;TECIDO SANTORINI C0R25 TEXPOINT BOOK 37/SEQ-11 (BOO)(AMA);17,25;92,40;34,40;29,30;9,25;176,80;8,75;(1.000,00);0,00;10,85;165,95;165,95(136,65);18;67,21;11.881,84;1,73;50,00;50,00;;23/09/2026;29/09/2026;REV;S;10,85
3TEC0D22235;TECIDO 20511/QKQ C0R 060 ABDUCHE BOOK 37/SEQ-29 (BOO);0,0;3,00;25,50;0,00;3,50;42,80;3,00;(1.000,00);0,00;3,00;39,80;39,80(39,80);27;60,89;2.606,01;0,32;50,00;50,00;;11/11/2025;25/09/2026;REV;S;3,00
3TEC0D22241;TECIDO SANTORINI C0R 125 TEXPOINT BOOK 37/SEQ-42 (BOO)(AMA);16,299999999999997;64,40;30,25;73,99;25,36;137,00;3,00;(1.000,00);0,00;33,20;103,80;103,80(29,81);18;66,15;9.062,28;1,87;50,00;50,00;;09/09/2026;16/09/2026;REV;S;33,20
3TEC0D22244;TECIDO 21094/TQU C0R 081 ABDUCHE BOOK 37/SEQ-47 (BOO)(AMA);7,0;13,10;75,20;30,30;25,10;18,70;2,30;(1.000,00);100,00;50,70;-32,00;68,00(37,70);27;56,20;1.050,94;1,32;50,00;50,00;;04/08/2026;21/09/2026;REV;S;44,40
3TEC0D26013;TECIDO KIRUNA COR GENGIBRE D002 PROMEX BOOK 38 SEQ 13;10,65;53,75;40,00;35,50;19,30;76,90;43,60;(0,00);100,00;133,30;-56,40;43,60(8,10);23;55,51;4.268,41;1,44;50,00;1,00;;24/09/2026;29/09/2026;REV;S;110,10
3TEC0D26020;TECIDO KIRUNA COR GRUTA D050 PROMEX BOOK 38 SEQ 20;12,6;22,30;56,50;57,40;79,40;33,30;58,80;(0,00);50,00;121,00;-87,70;-37,70(-95,10);23;54,88;1.827,34;1,51;50,00;1,00;;11/09/2026;29/09/2026;REV;S;99,20
3TEC0E10014;TECIDO CASCINA DES 01 C0R 002 TEXPOINT BOOK 32/SEQ-2 (ORG);24,0;33,10;44,40;68,80;2,10;40,80;54,00;(1.000,00);100,00;121,20;-80,40;19,60(-49,20);27;44,00;1.795,20;1,63;50,00;50,00;3TEC0F10014;28/08/2026;01/09/2026;REV;S;94,20
3TEC0E10056;TECIDO CASCINA DES 03 C0R 004 TEXPOINT BOOK 35/SEQ-13 (ORG);1,5;38,40;14,90;2,30;36,20;63,20;5,50;(1.000,00);0,00;8,20;55,00;55,00(52,70);27;42,95;2.714,50;0,62;50,00;50,00;3TEC0F10056;09/09/2026;28/09/2026;REV;S;8,20
3TEC0E10060;TECIDO CANVAS C0R DARCKGREY QUAKER BOOK 35/SEQ-17 (ORG);13,5;1,50;2,10;0,00;23,00;74,20;0,00;(1.000,00);0,00;10,00;64,20;64,20(64,20);18;49,56;3.677,65;0,04;50,00;50,00;;26/06/2026;29/09/2026;REV;S;2,10
3TEC0E10138;TECIDO CANVAS C0R FOREST QUAKER BOOK 37/SEQ-3 (ORG);46,15;154,00;87,80;90,40;30,20;47,20;14,80;(0,00);50,00;45,00;2,20;52,20(-38,20);18;50,70;2.393,09;3,69;50,00;50,00;;15/09/2026;24/09/2026;REV;S;45,00
3TEC0E10243;TECIDO CASCINA DES 03 C0R 014 TEXPOINT BOOK 36/SEQ-46 (ORG);3,0;29,70;48,20;23,70;6,10;131,00;0,00;(1.000,00);0,00;16,75;114,25;114,25(90,55);27;43,55;5.705,31;1,13;50,00;50,00;3TEC0F10243;04/09/2026;17/09/2026;REV;S;15,35
3TEC0E22008;TECIDO 21654/EJG C0R 001 ABDUCHE BOOK 30/SEQ-14 (BOO);9,5;20,10;67,90;0,00;104,40;121,00;38,60;(1.000,00);0,00;56,10;64,90;64,90(64,90);27;50,43;6.101,67;0,98;50,00;50,00;;22/09/2026;28/09/2026;REV;S;42,20
3TEC0E22012;TECIDO FULHAM ROAD C0R NATURAL QUAKER BOOK 30/SEQ-19;36,8;22,60;78,20;46,30;42,50;50,80;17,70;(0,00);50,00;18,90;31,90;81,90(35,60);21;51,72;2.627,22;1,63;50,00;50,00;Tecidos CST alterados para REV;31/08/2026;25/09/2026;REV;S;18,90
3TEC0E22017;# TECIDO 21682/BSP C0R 215 ABDUCHE BOOK 30/SEQ-29 (ORG) - FORA LINHA;0,0;0,00;0,00;0,00;1,30;23,40;5,70;(1.000,00);0,00;5,70;17,70;17,70(17,70);27;45,20;1.057,68;0,00;50,00;50,00;;08/07/2024;28/09/2026;REV;S;5,70
3TEC0E22035;!TECIDO BOLOGNA DES 01 COR 11 TEXPOINT BOOK 31/SEQ-11 (BOO);293,7;295,70;295,20;257,30;158,80;392,00;35,20;(1.000,00);50,00;183,90;208,10;258,10(0,80);18;45,67;17.902,64;9,42;50,00;50,00;;04/09/2026;29/09/2026;REV;S;181,30
3TEC0E22063;TECIDO TRAME C0R07 DINOZOLLI BOOK 32/SEQ-6 (ORG);7,1;1,40;7,00;54,10;26,20;50,80;1,80;(0,00);0,00;8,00;42,80;42,80(-11,30);21;58,96;2.995,02;0,69;50,00;50,00;Tecidos CST alterados para REV;15/09/2026;23/09/2026;REV;S;8,00
3TEC0E22064;TECIDO MONACO C0R 08 TEXPOINT BOOK 32/SEQ-10;21,2;48,20;27,00;38,90;18,20;157,40;10,00;(1.000,00);0,00;21,30;136,10;136,10(97,20);18;45,46;7.155,09;1,27;50,00;50,00;;23/09/2026;17/09/2026;REV;S;21,30
3TEC0E22092;TECIDO MONACO C0R 01 TEXPOINT BOOK 33/SEQ-2;30,3;53,40;32,30;53,30;74,80;111,10;13,90;(1.000,00);0,00;26,50;84,60;84,60(31,30);18;40,06;4.450,55;1,54;50,00;50,00;;28/09/2026;29/09/2026;REV;S;26,50
3TEC0E22100;TECIDO MONACO C0R 14 TEXPOINT BOOK 33/SEQ-9;0,0;7,10;23,00;33,10;12,10;101,50;0,00;(1.000,00);0,00;12,20;89,30;89,30(56,20);18;45,22;4.590,13;0,70;50,00;50,00;;10/07/2026;23/09/2026;REV;S;12,20
3TEC0E22111;TECIDO LE CLERC C0R 14 TELLAIO BOOK 33/SEQ-26 (BOO)(AMA);10,5;40,60;5,50;72,30;3,70;72,90;0,00;(1.000,00);0,00;42,30;30,60;30,60(-41,70);18;48,94;3.567,43;1,32;50,00;50,00;;28/08/2026;04/09/2026;REV;S;42,30
3TEC0E22114;TECIDO 21654/EJG C0R 004 ABDUCHE BOOK 33/SEQ-31 (BOO);0,0;58,90;21,40;1,70;7,85;0,00;45,15;(1.000,00);150,00;103,75;-103,75;46,25(44,55);27;52,35;0,00;0,91;50,00;50,00;;16/09/2026;28/09/2026;REV;S;59,65
3TEC0E22127;TECIDO LE CLERC C0R 03 TELLAIO BOOK 34/SEQ-3 (BOO);16,1;19,70;37,30;82,14;0,00;57,20;0,00;(1.000,00);0,00;5,10;52,10;52,10(-30,04);18;48,88;2.795,76;1,55;50,00;50,00;;19/08/2026;24/08/2026;REV;S;5,10
3TEC0E22133;TECIDO 21654/EJG C0R 061 ABDUCHE BOOK 34/SEQ-13 (BOO);15,5;1,50;32,80;15,00;31,00;83,80;4,80;(1.000,00);0,00;4,80;79,00;79,00(64,00);27;51,31;4.299,78;0,55;50,00;50,00;;16/09/2026;24/09/2026;REV;S;4,80
3TEC0E22150;TECIDO 20292/BYY C0R 56 ABDUCHE BOOK 34/SEQ-38 (BOO);20,799999999999997;16,50;2,70;2,20;13,40;50,90;0,00;(1.000,00);0,00;11,80;39,10;39,10(36,90);27;39,39;2.005,00;0,24;50,00;50,00;;22/09/2026;11/09/2026;REV;S;11,80
3TEC0E22173;TECIDO LE CLERC C0R 19 TELLAIO BOOK 35/SEQ-19 (BOO)(AMA);15,600000000000001;10,70;19,00;42,00;19,70;57,90;24,10;(1.000,00);0,00;24,10;33,80;33,80(-8,20);18;48,75;2.822,86;0,80;50,00;50,00;;15/09/2026;22/09/2026;REV;S;24,10
3TEC0E22187;TECIDO LE CLERC C0R 21 TELLAIO BOOK 35/SEQ-41 (BOO)(AMA);0,0;3,20;19,00;5,90;2,60;68,20;3,00;(1.000,00);0,00;5,40;62,80;62,80(56,90);18;47,90;3.266,92;0,31;50,00;50,00;;19/05/2026;01/09/2026;REV;S;5,40
3TEC0E22192;TECIDO 21654/EJG C0R 035 ABDUCHE BOOK 36/SEQ-4 (BOO);0,0;1,70;0,00;0,00;2,00;63,30;15,40;(1.000,00);0,00;15,40;47,90;47,90(47,90);27;49,81;3.152,72;0,02;50,00;50,00;;28/08/2025;23/09/2026;REV;S;15,40
3TEC0E22200;TECIDO 21654/EJG C0R 034 ABDUCHE BOOK 37/SEQ-1 (BOO);25,900000000000002;41,70;45,90;39,50;52,70;0,00;0,00;(1.000,00);126,50;38,60;-38,60;87,90(48,40);27;50,62;0,00;1,41;50,00;50,00;;24/08/2026;21/09/2026;REV;S;13,40
3TEC0E22202;TECIDO LONDA C0R 69 DINOZOLLI BOOK 36/SEQ-17;72,5;171,70;287,40;117,00;102,80;235,50;45,10;(0,00);25,00;119,90;115,60;140,60(23,60);21;50,82;11.968,58;6,40;50,00;50,00;Tecidos CST alterados para REV;28/09/2026;25/09/2026;REV;S;96,20
3TEC0E22216;TECIDO LONDA C0R 88 DINOZOLLI BOOK 36/SEQ-39;48,1;111,95;102,40;38,00;33,70;127,50;54,40;(0,00);0,00;83,40;44,10;44,10(6,10);21;50,83;6.480,19;2,80;50,00;50,00;;28/09/2026;28/09/2026;REV;S;83,40
3TEC0E22236;TECIDO LE CLERC C0R 20 TELLAIO BOOK 37/SEQ-31 (BOO)(AMA);5,9;13,50;33,10;46,40;38,50;63,90;12,60;(1.000,00);7,50;28,20;35,70;43,20(-3,20);18;48,84;3.121,13;1,03;50,00;50,00;;28/09/2026;22/09/2026;REV;S;21,80
3TEC0E26001;***TECIDO PISANELLO COR 02 TELLAIO BOOK 38 SEQ 01;0,0;0,00;26,60;45,10;10,30;13,20;0,00;(0,00);120,00;70,20;-57,00;63,00(17,90);21;32,94;434,76;0,80;40,00;40,00;;13/01/2026;15/09/2026;REV;S;45,30
3TEC0E26017;TECIDO PISANELLO COR 04 TELLAIO BOOK 38 SEQ 17;22,0;64,10;109,85;106,35;106,00;2,60;97,30;(0,00);240,00;266,50;-263,90;-23,90(-130,25);21;43,39;112,80;3,11;40,00;40,00;;15/09/2026;29/09/2026;REV;S;181,70
3TEC0E26042;***TECIDO PISANELLO COR 10 TELLAIO BOOK 38 SEQ 42;0,0;1,30;0,00;23,00;47,10;66,70;12,40;(0,00);1,10;25,30;41,40;42,50(19,50);21;39,64;2.643,92;0,27;40,00;40,00;;28/09/2026;21/09/2026;REV;S;12,40
3TEC0E26045;TECIDO PISANELLO COR 11 TELLAIO BOOK 38 SEQ 45;0,0;18,70;8,30;9,00;13,60;49,20;18,10;(0,00);0,00;18,10;31,10;31,10(22,10);21;40,59;1.997,18;0,40;40,00;40,00;;25/05/2026;28/09/2026;REV;S;18,10
3TEC0E26053;TECIDO PISANELLO COR 09 TELLAIO BOOK 39 SEQ 05;2,9;2,00;16,40;15,00;21,75;57,55;32,60;(0,00);42,10;56,35;1,20;43,30(28,30);21;39,07;2.248,65;0,37;40,00;40,00;;28/09/2026;24/09/2026;REV;S;56,35
3TEC0E26065;TECIDO PISANELLO COR 08 TELLAIO BOOK 39 SEQ 17;14,9;38,00;46,40;90,30;31,95;0,00;0,65;(0,00);320,00;226,10;-226,10;93,90(3,60);21;41,49;0,00;1,94;40,00;40,00;;20/07/2026;21/09/2026;REV;S;150,20
3TEC0E26089;TECIDO PISANELLO COR07 TELLAIO BOOK 39 SEQ41;36,0;70,60;120,70;161,10;91,10;16,00;23,30;(0,00);160,00;119,20;-103,20;56,80(-104,30);21;43,38;694,14;3,92;40,00;40,00;;15/09/2026;29/09/2026;REV;S;86,20
3TEC0F10002;TECIDO JACQUARD MINT 14383/303 LARTEX BOOK 30/SEQ-10 (ORG);8,9;31,50;17,80;16,70;36,90;60,00;9,00;(1.000,00);50,00;42,70;17,30;67,30(50,60);22;38,76;2.325,54;0,73;50,00;50,00;;10/08/2026;23/09/2026;REV;S;42,70
3TEC0F10025;TECIDO TD1486 C0R 001 TEXION BOOK 31/SEQ-16 (BOO);17,2;112,90;82,20;119,85;16,85;148,70;24,40;(1.000,00);50,00;99,90;48,80;98,80(-21,05);27;30,18;4.488,36;3,50;50,00;50,00;3TEC0G10025;15/09/2026;04/09/2026;REV;S;58,80
3TEC0F10071;TECIDO CARAVAGGIO C0R 003 TELLAIO BOOK 30/SEQ-24 (ORG)(AC);18,799999999999997;173,20;110,60;147,00;117,44;38,20;13,56;(1.000,00);150,00;40,46;-2,26;147,74(0,74);18;35,06;1.339,33;4,79;50,00;50,00;;16/09/2026;28/09/2026;REV;S;40,46
3TEC0F10075;TECIDO FINLANDIA C0R D009 NATURAL  PROMEX BOOK 31/SEQ-36 (ORG);0,0;10,80;38,10;10,10;21,50;0,00;26,80;(1.000,00);100,00;38,30;-38,30;61,70(51,60);18;36,42;0,00;0,66;50,00;50,00;;07/07/2026;24/09/2026;REV;S;28,30
3TEC0F10094;TECIDO CARAVAGGIO C0R 001 TELLAIO BOOK 33/SEQ-22 (ORG);0,0;36,50;34,90;24,60;14,10;38,10;8,90;(1.000,00);50,00;20,60;17,50;67,50(42,90);18;34,94;1.331,02;1,07;50,00;50,00;;19/08/2026;28/09/2026;REV;S;20,60
3TEC0F10158;TECIDO LUGANO C0R 041 TEXPOINT BOOK 37/SEQ-20 (BOO);3,0;5,80;3,20;13,80;7,30;237,60;11,40;(1.000,00);0,00;11,40;226,20;226,20(212,40);27;32,58;7.741,96;0,25;50,00;50,00;3TEC0G10158;12/08/2026;23/09/2026;REV;S;11,40
3TEC0F11148;TECIDO PISANO  C0R 007 TELLAIO BOOK 30/SEQ-22 (ORG);49,0;81,10;132,10;52,30;44,20;137,60;0,00;(0,00);0,00;44,40;93,20;93,20(40,90);18;35,88;4.937,36;2,95;50,00;50,00;;28/09/2026;25/09/2026;REV;S;44,40
3TEC0F11218;TECIDO PISANO  C0R 005 TELLAIO BOOK 36/SEQ-3 (ORG);7,3;0,00;62,30;8,40;32,30;63,00;3,00;(0,00);0,00;3,80;59,20;59,20(50,80);18;35,75;2.252,19;0,79;50,00;50,00;;28/08/2026;28/09/2026;REV;S;1,60
3TEC0F11256;TECIDO PISANO  C0R 002 TELLAIO BOOK 34/SEQ-6 (ORG);5,3;37,10;14,60;2,80;25,70;69,70;1,70;(0,00);0,00;9,60;60,10;60,10(57,30);18;35,61;2.481,74;0,61;50,00;50,00;;26/06/2026;18/09/2026;REV;S;9,60
3TEC0F11281;TECIDO VENENZA ALVEJADO CILINDO 523 185733 AQUATEC FIAMA BOOK 25;0,0;10,90;24,20;71,20;7,40;48,20;12,70;(0,00);0,00;10,80;37,40;37,40(-33,80);21;31,73;1.529,34;1,18;50,00;50,00;;19/08/2026;01/09/2026;REV;S;10,80
3TEC0F11540;TECIDO SARJA CHIEVO C0R SALVIA D297 PROMEX BOOK 37/SEQ-9 (ORG);19,1;37,50;24,90;33,30;28,90;42,30;8,80;(0,00);100,00;56,90;-14,60;85,40(52,10);21;28,10;1.188,67;1,06;50,00;50,00;TECIDOS CST ALTERADOS PARA REV;26/08/2026;10/09/2026;REV;S;47,90
3TEC0F11541;TECIDO FINLANDIA C0R MUSGO D088 PROMEX BOOK 37/SEQ-12 (ORG) (AC);52,5;102,70;80,90;186,00;88,54;167,00;5,86;(0,00);50,00;79,16;87,84;137,84(-48,16);21;36,42;6.081,31;4,11;50,00;1,00;Tecidos CST alterados para REV;11/09/2026;28/09/2026;REV;S;79,16
3TEC0F22005;TECIDO VIENA C0R 05 GELO TORCK BOOK 30/SEQ-8 (BOO);16,799999999999997;48,30;19,65;64,35;47,40;96,30;14,40;(1.000,00);0,00;16,50;79,80;79,80(15,45);18;22,32;2.149,22;1,47;50,00;50,00;;21/09/2026;28/09/2026;REV;S;16,50
3TEC0F22014;TECIDO CESARE C0R 01 TELLAIO BOOK 30/SEQ-23 (BOO)(AMA)(AC);48,9;188,70;111,50;210,85;109,79;23,10;60,06;(1.000,00);200,00;169,06;-145,96;54,04(-156,81);18;35,90;829,29;5,68;50,00;50,00;;24/08/2026;28/09/2026;REV;S;119,36
3TEC0F22040;TECIDO HARVEST C0R NATURAL QUAKER BOOK 31/SEQ-15 (AC) (ORG);38,0;176,50;278,50;174,65;188,79;241,70;13,66;(0,00);0,00;156,26;85,44;85,44(-89,21);21;37,82;9.140,85;7,00;50,00;50,00;Tecidos CST alterados para REV;21/09/2026;28/09/2026;REV;S;154,96
3TEC0F22042;TECIDO SANZIO C0R 01 TELLAIO BOOK 31/SEQ-18 (ORG);34,8;10,60;31,90;54,80;72,50;1,50;8,00;(1.000,00);107,00;35,30;-33,80;73,20(18,40);18;39,69;59,53;1,08;50,00;50,00;;04/09/2026;28/09/2026;REV;S;35,30
3TEC0F22043;TECIDO PIAVE C0R 61 DINOZOLLI BOOK 31/SEQ-19 (ORG);16,8;18,00;26,10;8,50;81,20;50,10;0,00;(0,00);0,00;11,50;38,60;38,60(30,10);21;37,40;1.873,54;0,58;50,00;1,00;;08/09/2026;29/09/2026;REV;S;11,50
3TEC0F22054;TECIDO 19488/WJY C0R 22 ABDUCHE BOOK 31/SEQ-38 (BOO);14,4;16,30;24,70;42,00;21,50;46,80;2,00;(1.000,00);100,00;41,80;5,00;105,00(63,00);27;34,50;1.614,55;0,92;50,00;50,00;;05/06/2026;02/09/2026;REV;S;36,40
3TEC0F22060;!TECIDO CESARE C0R 05 TELLAIO BOOK 32/SEQ-3 (BOO)(AMA)(AC);110,2;158,20;194,70;137,60;112,64;66,60;98,96;(1.000,00);200,00;239,72;-173,12;26,88(-110,72);18;35,93;2.392,67;5,45;50,00;50,00;;24/08/2026;29/09/2026;REV;S;226,92
3TEC0F22070;TECIDO VIENA C0R 08 BEGE TORCK BOOK 32/SEQ-17 (BOO);14,4;78,10;31,40;0,00;67,75;85,40;9,75;(1.000,00);50,00;48,55;36,85;86,85(86,85);18;21,12;1.803,73;1,22;50,00;50,00;;28/08/2026;28/09/2026;REV;S;48,55
3TEC0F22084;TECIDO TRENTO C0R07 DINOZOLLI BOOK 32/SEQ-37 (ORG);0,0;52,70;28,40;18,80;19,10;90,50;23,40;(0,00);0,00;24,50;66,00;66,00(47,20);21;34,67;3.138,00;1,11;50,00;1,00;;21/07/2026;29/09/2026;REV;S;24,50
3TEC0F22118;TECIDO 19488/WJY C0R 24 ABDUCHE BOOK 33/SEQ-35 (BOO);9,2;86,80;12,90;63,20;4,90;0,00;0,00;(1.000,00);135,00;18,50;-18,50;116,50(53,30);27;34,42;0,00;1,81;50,00;50,00;;22/06/2026;25/09/2026;REV;S;18,50
3TEC0F22119;TECIDO HARVEST C0R JUTE QUAKER BOOK 33/SEQ-37 (ORG);45,400000000000006;61,00;73,90;28,60;9,00;58,00;4,50;(0,00);100,00;59,45;-1,45;98,55(69,95);21;37,89;2.197,68;1,82;50,00;50,00;;29/07/2026;25/09/2026;REV;S;33,55
3TEC0F22135;TECIDO VIENA C0R 14 CHUMBO TORCK BOOK 34/SEQ-15 (BOO);1,5;1,40;4,20;55,90;0,00;43,70;1,80;(1.000,00);0,00;3,20;40,50;40,50(-15,40);18;22,77;995,22;0,68;50,00;50,00;;25/05/2026;01/09/2026;REV;S;3,20
3TEC0F22136;TECIDO CESARE C0R 08 TELLAIO BOOK 34/SEQ-17 (BOO)(AMA)(AC);36,2;68,10;57,40;18,60;33,44;105,50;2,16;(1.000,00);0,00;0,06;105,44;105,44(86,84);18;35,90;3.787,03;1,60;50,00;50,00;;20/07/2026;29/09/2026;REV;S;0,06
3TEC0F22137;TECIDO 19488/WJY C0R 58 ABDUCHE BOOK 34/SEQ-20 (BOO);11,8;64,30;22,90;17,20;1,30;55,40;7,40;(1.000,00);50,00;27,60;27,80;77,80(60,60);27;34,55;1.913,96;1,16;50,00;50,00;;28/05/2026;23/09/2026;REV;S;27,60
3TEC0F22145;TECIDO VIENA C0R 15 AREIA TORCK BOOK 34/SEQ-33 (BOO);0,0;74,10;73,00;21,20;5,50;47,30;37,00;(1.000,00);100,00;103,10;-55,80;44,20(23,00);18;22,55;1.066,80;1,87;50,00;50,00;;28/08/2026;23/09/2026;REV;S;103,10
3TEC0F22165;TECIDO TRENTO C0R 27 DINOZOLLI BOOK 35/SEQ-9 (ORG) (AC);3,1;34,20;89,30;63,50;29,10;135,60;3,50;(0,00);0,00;14,20;121,40;121,40(57,90);21;35,11;4.760,78;2,08;50,00;50,00;Tecidos CST alterados para REV;24/08/2026;23/09/2026;REV;S;14,20
3TEC0F22167;TECIDO SANZIO C0R 02 TELLAIO BOOK 35/SEQ-11 (ORG) (AC);0,05;61,75;53,00;33,70;81,04;21,00;23,26;(1.000,00);100,00;76,06;-55,06;44,94(11,24);18;39,70;833,74;1,65;50,00;50,00;;15/09/2026;29/09/2026;REV;S;55,26
3TEC0F22179;TECIDO CESARE C0R07 TELLAIO BOOK 35/SEQ-29 (BOO)(AMA);14,6;40,10;50,90;48,70;18,10;49,60;44,30;(1.000,00);50,00;58,20;-8,60;41,40(-7,30);18;35,90;1.780,79;1,55;50,00;50,00;;28/08/2026;23/09/2026;REV;S;58,20
3TEC0F22195;TECIDO SANZIO C0R 03 TELLAIO BOOK 36/SEQ-8 (ORG);2,9000000000000004;0,00;27,30;33,70;4,20;71,40;2,10;(1.000,00);0,00;10,95;60,45;60,45(26,75);18;39,33;2.807,95;0,68;50,00;50,00;;01/09/2026;22/09/2026;REV;S;10,40
3TEC0F22203;TECIDO SANZIO C0R 04 TELLAIO BOOK 36/SEQ-18 (ORG);1,8;104,50;37,90;34,10;52,70;73,10;18,40;(1.000,00);50,00;48,40;24,70;74,70(40,60);18;39,70;2.901,70;1,96;50,00;50,00;;29/07/2026;28/09/2026;REV;S;48,40
3TEC0F22222;TECIDO VERO C0R 062 DINOZOLLI BOOK 37/SEQ-5 (ORG) (AC);72,3;104,60;124,20;87,40;56,84;104,70;32,06;(0,00);50,00;80,66;24,04;74,04(-13,36);21;42,51;4.450,27;3,51;50,00;50,00;;28/09/2026;29/09/2026;REV;S;80,66
3TEC0F26005;TECIDO 7259 COR 99 SAO JOAO  BOOK 38 SEQ 05;11,8;0,00;2,70;10,35;79,80;2,10;30,00;(0,00);120,00;81,40;-79,30;40,70(30,35);21;31,54;66,22;0,15;40,00;40,00;;28/07/2026;29/09/2026;REV;S;55,30
3TEC0F26011;TECIDO 7259 COR 382299 SAO JOAO  BOOK 38 SEQ11;0,4;62,00;82,50;51,10;129,30;19,40;48,80;(0,00);200,00;221,25;-201,85;-1,85(-52,95);21;34,92;677,51;2,17;40,00;40,00;;08/09/2026;29/09/2026;REV;S;89,80
3TEC0F26038;***TECIDO 7259 COR 22299 SAO JOAO  BOOK 38 SEQ 38;0,0;0,00;1,80;26,20;22,00;22,60;5,10;(0,00);40,00;11,70;10,90;50,90(24,70);21;26,47;598,20;0,31;40,00;40,00;;26/01/2026;29/09/2026;REV;S;10,60
3TEC0F26049;TECIDO 7259 COR 294299  SAO JOAO BOOK 39 SEQ 01;8,1;0,70;77,70;39,70;36,90;62,10;25,90;(0,00);0,00;54,80;7,30;7,30(-32,40);21;34,07;2.115,44;1,31;40,00;40,00;;16/09/2026;29/09/2026;REV;S;54,80
3TEC0G10007;TECIDO SCHUBERT C0R 002 TELLAIO BOOK 32/SEQ-35 (ORG);7,5;24,22;35,28;45,10;11,00;66,80;0,00;(1.000,00);0,00;30,30;36,50;36,50(-8,60);18;30,08;2.009,41;1,16;50,00;50,00;;26/06/2026;09/09/2026;REV;S;30,30
3TEC0G10037;TECIDO SCHUBERT C0R 003 TELLAIO BOOK 32/SEQ-32 (ORG);12,5;13,70;19,10;14,60;3,50;47,30;0,00;(1.000,00);50,00;19,50;27,80;77,80(63,20);18;29,72;1.405,76;0,53;50,00;50,00;;18/02/2026;04/09/2026;REV;S;19,50
3TEC0G10069;TECIDO VINICIUS C0R 001 TELLAIO BOOK 30/SEQ-21 (ORG);14,7;32,80;116,30;90,70;86,30;95,40;31,60;(1.000,00);50,00;85,20;10,20;60,20(-30,50);18;30,24;2.884,51;2,66;50,00;50,00;;28/09/2026;29/09/2026;REV;S;85,20
3TEC0G10070;TECIDO SCHUBERT C0R 001 TELLAIO BOOK 30/SEQ-26 (ORG) (BOO);0,0;0,00;22,50;20,30;13,80;52,00;5,70;(1.000,00);50,00;25,70;26,30;76,30(56,00);18;29,97;1.558,65;0,48;50,00;50,00;;10/07/2026;17/09/2026;REV;S;25,70
3TEC0G10081;TECIDO BOBBIO TD0410 C0R T0004 TEXION BOOK 33/SEQ-30 (BOO);2,3;41,80;49,70;15,10;28,40;32,30;12,80;(1.000,00);50,00;31,25;1,05;51,05(35,95);27;23,25;750,85;1,18;50,00;50,00;- DILATADO - ANTIGO 3TEC0H10081;10/07/2026;24/09/2026;REV;S;31,25
3TEC0G10091;TECIDO 00609.00400.000000.000 C0R BRANCO FIAMA BOOK 30/SEQ-44  (ORG);17,6;34,00;0,00;35,00;30,10;52,40;31,10;(1.000,00);0,00;34,50;17,90;17,90(-17,10);27;20,60;1.079,49;0,77;50,00;50,00;- DILATADO - ANTIGO 3TEC0H10091;06/11/2025;28/09/2026;REV;S;34,50
3TEC0G10097;TECIDO VINICIUS C0R 004 TELLAIO BOOK 34/SEQ-19 (ORG);0,0;36,30;1,60;0,00;0,00;100,00;0,00;(1.000,00);0,00;12,20;87,80;87,80(87,80);18;30,05;3.004,60;0,42;50,00;50,00;;12/06/2026;02/07/2026;REV;S;12,20
3TEC0G10179;TECIDO RIVERA C0R 003 TELLAIO BOOK 33/SEQ-43 (BOO);60,9;31,30;38,60;17,80;16,00;61,10;0,00;(1.000,00);50,00;30,60;30,50;80,50(62,70);18;27,04;1.652,39;0,97;50,00;50,00;;26/06/2026;15/09/2026;REV;S;18,50
3TEC0G10621;TECIDO 8501 STAR COR 15 AREIA  TORCK BOOK 12;0,0;20,10;11,80;244,70;28,40;80,00;15,10;(1.000,00);0,00;28,80;51,20;51,20(-193,50);18;36,82;2.945,84;3,07;50,00;50,00;;21/09/2026;28/09/2026;REV;S;28,80
3TEC0G10622;TECIDO 8501 STAR COR 29 CARAMELO TORCK BOOK 12;24,4;69,70;83,60;29,70;49,10;113,30;5,50;(1.000,00);0,00;57,95;55,35;55,35(25,65);18;36,96;4.187,79;2,03;50,00;50,00;;09/09/2026;28/09/2026;REV;S;56,55
3TEC0G10625;#TECIDO 8501 STAR COR 40 TABACO TORCK BOOK 12 - FORA LINHA;0,0;17,00;0,00;0,00;4,80;18,20;0,00;(1.000,00);0,00;6,80;11,40;11,40(11,40);27;31,00;564,13;0,19;50,00;50,00;;19/08/2021;18/09/2026;REV;S;6,80
3TEC0G10648;#TECIDO 8500 NEW SKY COR 08 BEGE TORCK BOOK 12 FORA LINHA;0,0;0,00;0,00;0,00;0,60;0,00;25,40;(1.000,00);0,00;25,40;-25,40;-25,40(-25,40);18;25,85;0,00;0,00;50,00;50,00;;16/09/2026;21/09/2026;REV;S;25,40
3TEC0G10689;TECIDO DONATELLO C0R 004 TELLAIO BOOK 36/SEQ-20 (AC);13,100000000000001;63,60;83,50;76,90;65,34;92,00;27,26;(1.000,00);50,00;87,06;4,94;54,94(-21,96);18;33,17;3.051,18;2,49;50,00;50,00;3TEC0F10689;16/09/2026;28/09/2026;REV;S;69,06
3TEC0G11152;TECIDO TURNER C0R 001 TELLAIO BOOK 30/SEQ-43  (ORG);0,0;4,70;0,00;12,60;1,00;55,50;14,20;(0,00);0,00;14,20;41,30;41,30(28,70);18;29,62;1.643,85;0,19;50,00;50,00;;12/01/2026;29/09/2026;REV;S;14,20
3TEC0G11167;TECIDO VINICIUS  C0R 002 TELLAIO BOOK 31/SEQ-42 (BOO);26,1;20,20;23,40;50,70;24,10;29,40;0,00;(0,00);50,00;4,20;25,20;75,20(24,50);45;30,14;886,17;1,05;50,00;50,00;;26/06/2026;22/09/2026;REV;S;4,20
3TEC0G11242;TECIDO 5901 C0R 99 SAO JOAO  BOOK 33/SEQ-12 (ORG);0,0;0,00;0,00;5,30;12,50;67,00;1,70;(0,00);0,00;1,70;65,30;65,30(60,00);18;24,32;1.629,11;0,06;50,00;50,00;;14/08/2025;17/09/2026;REV;S;1,70
3TEC0G22045;TECIDO BONGUSTO TD3210 C0R T0002 TEXION BOOK 31/SEQ-25 9 (BOO);73,8;71,50;90,30;249,35;153,44;273,20;40,81;(1.000,00);50,00;178,61;94,59;144,59(-104,76);25;27,38;7.481,04;4,57;50,00;50,00;;28/09/2026;28/09/2026;REV;S;119,31
3TEC0G22047;TECIDO PEGASUS VELUR MIX TD3057 C0R T0001 TEXION BOOK 31/SEQ-29 (BOO);20,5;40,25;78,15;18,90;19,10;109,80;1,50;(1.000,00);0,00;43,20;66,60;66,60(47,70);25;28,45;3.124,14;1,53;50,00;50,00;;24/08/2026;25/09/2026;REV;S;41,70
3TEC0G22051;TECIDO MERANO TD2598 C0R T0002 TEXION BOOK 31/SEQ-33;0,6;24,10;55,30;11,60;54,20;0,00;13,50;(1.000,00);50,00;20,10;-20,10;29,90(18,30);25;21,65;0,00;1,01;50,00;50,00;;09/04/2026;29/09/2026;REV;S;11,10
3TEC0G22053;TECIDO ELEGANCE C0R 15 AREIA TORCK BOOK 31/SEQ-37 (BOO);15,1;75,90;49,80;30,40;24,70;87,30;11,10;(1.000,00);0,00;32,50;54,80;54,80(24,40);18;17,73;1.547,57;1,73;50,00;50,00;;07/07/2026;28/09/2026;REV;S;22,70
3TEC0G22055;TECIDO BOBBIO TD0410 C0R T0002 TEXION BOOK 31/SEQ-40 (BOO);50,6;19,50;88,80;61,80;49,70;156,00;24,00;(1.000,00);0,00;69,80;86,20;86,20(24,40);25;23,21;3.619,98;1,89;50,00;50,00;;28/09/2026;28/09/2026;REV;S;69,80
3TEC0G22056;TECIDO TROPICO PO TD1599 C0R T0002 TEXION BOOK 31/SEQ-41 (BOO);27,1;73,80;54,70;98,10;61,40;85,10;37,30;(1.000,00);50,00;55,65;29,45;79,45(-18,65);25;22,56;1.919,60;2,52;50,00;50,00;;11/08/2026;24/09/2026;REV;S;36,00
3TEC0G22059;TECIDO TERRINE TD2186 C0R T0003 TEXION BOOK 32/SEQ-1 (BOO);0,0;20,70;38,90;16,50;33,00;44,00;13,10;(1.000,00);50,00;32,70;11,30;61,30(44,80);25;23,74;1.044,69;0,85;50,00;50,00;;10/08/2026;29/09/2026;REV;S;32,70
3TEC0G22073;TECIDO ELEGANCE C0R 38 ROSE TORCK BOOK 32/SEQ-21 (BOO);14,0;22,10;34,90;47,60;32,90;103,20;19,90;(1.000,00);100,00;112,07;-8,87;91,13(43,53);18;17,70;1.826,23;1,16;50,00;50,00;;21/09/2026;25/09/2026;REV;S;112,07
3TEC0G22101;TECIDO DOLLARO TD1161 C0R T0004 TEXION BOOK 33/SEQ-11 (ORG);1,3;36,00;47,20;5,50;8,30;37,70;0,00;(1.000,00);0,00;10,60;27,10;27,10(21,60);25;17,03;642,11;0,99;50,00;50,00;;29/01/2026;22/09/2026;REV;S;10,60
3TEC0G22122;TECIDO MADRI C0R 05 GELO TORCK BOOK 33/SEQ-42 (ORG);11,299999999999999;6,50;22,70;31,90;35,00;63,50;0,00;(1.000,00);0,00;29,50;34,00;34,00(2,10);18;26,82;1.703,07;0,68;50,00;50,00;;01/09/2026;24/09/2026;REV;S;19,40
3TEC0G22123;TECIDO BRAQUE C0R 04 TELLAIO BOOK 33/SEQ-44 9 (BOO)(AC);6,8999999999999995;84,20;51,40;56,30;44,24;85,20;1,26;(1.000,00);0,00;0,06;85,14;85,14(28,84);18;23,23;1.979,03;2,13;50,00;50,00;;10/07/2026;28/09/2026;REV;S;0,06
3TEC0G22125;TECIDO TROPICO PO TD1599 C0R T0004 TEXION BOOK 34/SEQ-1 (BOO);32,3;82,80;83,00;92,60;65,90;162,80;25,10;(1.000,00);0,00;54,10;108,70;108,70(16,10);25;22,54;3.670,00;2,87;50,00;50,00;;16/09/2026;24/09/2026;REV;S;40,10
3TEC0G22126;TECIDO PEGASUS VELUR MIX TD3057 C0R T0003 TEXION BOOK 34/SEQ-2;13,1;14,00;44,00;33,50;59,20;68,00;22,80;(1.000,00);0,00;57,70;10,30;10,30(-23,20);25;28,38;1.929,57;1,02;50,00;50,00;;28/09/2026;24/09/2026;REV;S;57,70
3TEC0G22138;TECIDO TERRINE TD2186 C0R T0008 TEXION BOOK 34/SEQ-22 (BOO);0,0;24,50;10,40;28,00;5,80;44,10;3,00;(1.000,00);0,00;5,00;39,10;39,10(11,10);25;23,82;1.050,51;0,70;50,00;50,00;;21/05/2026;28/09/2026;REV;S;5,00
3TEC0G22162;!TECIDO BRAQUE C0R 05 TELLAIO BOOK 35/SEQ-6 (AC)(BOO)(AMA)(AC);564,65;340,50;285,20;323,50;98,54;462,60;50,46;(1.000,00);0,00;113,96;348,64;348,64(25,14);18;23,20;10.733,25;10,55;50,00;50,00;;28/08/2026;28/09/2026;REV;S;109,16
3TEC0G22168;TECIDO BRAQUE C0R07 TELLAIO BOOK 35/SEQ-12 (BOO) (AC);54,9;52,40;55,70;119,20;74,34;78,10;5,46;(1.000,00);50,00;25,96;52,14;102,14(-17,06);18;23,23;1.814,42;2,53;50,00;50,00;;16/09/2026;28/09/2026;REV;S;25,96
3TEC0G22211;TECIDO CLARK C0R 36 TELLAIO BOOK 36/SEQ-33 (ORG);0,0;29,00;35,55;58,45;31,50;101,40;1,50;(1.000,00);0,00;10,70;90,70;90,70(32,25);18;25,15;2.550,21;1,37;50,00;50,00;;24/08/2026;29/09/2026;REV;S;10,70
3TEC0G22217;TECIDO BRAQUE C0R 14 TELLAIO BOOK 36/SEQ-40 (BOO) (AC);36,7;143,50;167,90;171,10;126,74;174,30;44,46;(1.000,00);50,00;176,76;-2,46;47,54(-123,56);18;23,25;4.051,95;5,36;50,00;50,00;;16/09/2026;29/09/2026;REV;S;156,96
3TEC0G22233;TECIDO BONGUSTO TD3210 C0R T0007 TEXION BOOK 37/SEQ-27 (BOO);4,6;31,60;40,20;18,60;4,20;89,20;0,00;(1.000,00);0,00;6,20;83,00;83,00(64,40);25;27,28;2.432,93;1,00;50,00;50,00;;29/07/2026;01/09/2026;REV;S;6,20
3TEC0G22240;TECIDO TERRINE TD2186 C0R T0015 TEXION BOOK 37/SEQ-38;0,0;0,05;74,35;14,10;32,90;0,00;0,00;(1.000,00);100,00;46,05;-46,05;53,95(39,85);25;23,50;0,00;0,98;50,00;50,00;;18/11/2025;02/09/2026;REV;S;37,65
3TEC0G22243;TECIDO BRAQUE C0R 23 TELLAIO BOOK 37/SEQ-45;14,2;64,45;76,15;45,10;95,90;80,10;28,30;(1.000,00);50,00;84,60;-4,50;45,50(0,40);18;23,22;1.859,68;2,06;50,00;50,00;;16/09/2026;28/09/2026;REV;S;79,40
3TEC0H10008;TECIDO TD1525 C0R 002 TEXION BOOK 31/SEQ-43;31,6;115,05;91,75;28,00;44,90;122,90;31,50;(1.000,00);100,00;147,50;-24,60;75,40(47,40);25;20,78;2.553,62;2,61;50,00;50,00;;02/09/2026;28/09/2026;REV;S;139,00
3TEC0H10029;TECIDO POLLOCK C0R 001 TELLAIO BOOK 30/SEQ-34 (BOO);11,200000000000001;98,20;90,30;28,30;79,30;116,55;13,75;(1.000,00);0,00;66,40;50,15;50,15(21,85);18;18,32;2.134,73;2,41;50,00;50,00;;01/09/2026;28/09/2026;REV;S;64,40
3TEC0H10045;!TECIDO LINATE C0R 043 TAUPE TORCK BOOK 32/SEQ-11 (ORG)(AC);195,8;234,00;166,20;218,90;167,24;39,70;25,56;(1.000,00);300,00;98,66;-58,96;241,04(22,14);18;17,49;694,43;6,88;50,00;50,00;3TEC0G10045 - PARA SOFA DE PE;07/07/2026;29/09/2026;REV;S;58,56
3TEC0H10046;TECIDO SL ESSENCE C0R079 J SERRANO BOOK 32/SEQ-23 (ORG);21,5;96,10;188,50;70,90;149,30;108,50;30,70;(1.000,00);50,00;64,70;43,80;93,80(22,90);18;19,21;2.084,39;3,95;50,00;50,00;;28/09/2026;28/09/2026;REV;S;64,70
3TEC0H10068;TECIDO LINATE C0R 001 BRANCO TORCK BOOK 30/SEQ-2 (ORG);1,5;22,80;21,20;14,40;5,00;82,10;0,00;(1.000,00);0,00;15,10;67,00;67,00(52,60);27;18,33;1.505,22;0,65;50,00;50,00;3TEC0G10068;26/06/2026;24/09/2026;REV;S;15,10
3TEC0H10087;TECIDO POLLOCK C0R 002 TELLAIO BOOK 34/SEQ-40 (BOO);4,2;0,00;15,80;0,00;15,80;144,10;3,00;(1.000,00);0,00;3,00;141,10;141,10(141,10);18;18,23;2.626,65;0,18;50,00;50,00;;10/07/2026;23/09/2026;REV;S;3,00
3TEC0H10125;TECIDO LINATE C0R 014 CHUMBO  TORCK BOOK 35/SEQ-28 (ORG);14,0;32,20;6,50;0,00;34,60;44,20;0,00;(1.000,00);50,00;25,00;19,20;69,20(69,20);27;18,28;808,15;0,43;50,00;50,00;3TEC0G10125;20/07/2026;23/09/2026;REV;S;25,00
3TEC0H10150;TECIDO POLLOCK C0R 006 TELLAIO BOOK 37/SEQ-18 (BOO);0,0;34,20;113,10;61,70;62,60;119,10;6,50;(1.000,00);0,00;37,00;82,10;82,10(20,40);18;18,38;2.188,58;2,32;50,00;50,00;;15/09/2026;28/09/2026;REV;S;12,70
3TEC0H10176;TECIDO TD1848 C0R T009 TEXION BOOK 37/SEQ-30;13,2;6,00;45,40;14,00;0,00;70,00;0,00;(1.000,00);0,00;17,10;52,90;52,90(38,90);25;17,22;1.205,68;0,73;50,00;50,00;;18/05/2026;24/08/2026;REV;S;17,10
3TEC0H10191;TECIDO LONDON C0R 53 MARINHO TORCK BOOK 37/SEQ-39 (ORG);14,9;27,50;27,70;8,70;21,00;33,90;11,10;(1.000,00);50,00;16,60;17,30;67,30(58,60);18;9,98;338,42;0,71;50,00;50,00;;11/05/2026;28/09/2026;REV;S;16,60
3TEC0H10244;TECIDO DONATELLO C0R 010 TELLAIO BOOK 36/SEQ-45 (BOO);4,4;19,90;12,60;23,40;6,00;44,00;5,70;(1.000,00);0,00;10,38;33,62;33,62(10,22);27;32,74;1.440,34;0,62;50,00;50,00;3TEC0F10244;04/02/2026;21/09/2026;REV;S;9,85
3TEC0H10670;#TECIDO DUNAS 1.0 2944 CHOCOLATE MET 1019 ROMPLAS BOOK 13 FORA LINHA;0,0;0,00;0,00;0,00;0,00;0,00;4,40;(1.000,00);0,00;1,10;-1,10;-1,10(-1,10);27;20,26;0,00;0,00;50,00;50,00;;20/12/2021;30/04/2026;REV;S;1,10
3TEC0H10788;TECIDO NEW BELLA C0R 054 J SERRANO BOOK 33/SEQ-10 (ORG);2,5;0,00;5,60;0,00;3,30;83,60;0,00;(0,00);0,00;1,90;81,70;81,70(81,70);18;21,16;1.769,06;0,06;50,00;50,00;;03/11/2025;10/09/2026;REV;S;1,90
3TEC0H10789;TECIDO SQUARE C0R 059 J SERRANO BOOK 33/SEQ-17 (BOO)(AMA);12,7;7,60;12,80;2,90;0,00;50,00;0,00;(0,00);0,00;1,95;48,05;48,05(45,15);18;18,85;942,50;0,26;50,00;50,00;;12/03/2026;07/08/2026;REV;S;1,95
3TEC0H11141;TECIDO GIOTTO C0R 001 TELLAIO BOOK 30/SEQ-7 (ORG);9,7;59,50;106,10;44,40;53,60;85,60;0,10;(0,00);50,00;38,20;47,40;97,40(53,00);18;24,40;2.088,30;2,33;50,00;50,00;;16/09/2026;22/09/2026;REV;S;38,20
3TEC0H22007;TECIDO OSKAR TD1769 C0R T0004 TEXION BOOK 30/SEQ-12 (BOO);33,3;77,50;51,70;9,70;34,90;126,40;13,00;(1.000,00);0,00;23,00;103,40;103,40(93,70);25;17,91;2.263,57;1,54;50,00;50,00;;26/06/2026;28/09/2026;REV;S;23,00
3TEC0H22010;# TECIDO LONDON C0R 72 TORCK BOOK 30/SEQ-16 (ORG)                                                                       - FORA LINHA;17,3;38,10;56,20;6,10;0,60;11,50;3,00;(1.000,00);0,00;3,00;8,50;8,50(2,40);18;11,42;131,35;1,12;50,00;50,00;;11/05/2026;28/09/2026;REV;S;3,00
3TEC0H22016;!TECIDO BORGO TD0411 C0R T0002 TEXION BOOK 30/SEQ-28 (ORG);55,0;304,50;155,35;64,40;393,60;277,50;29,10;(1.000,00);0,00;89,60;187,90;187,90(123,50);25;19,59;5.434,84;5,83;50,00;50,00;;02/09/2026;28/09/2026;REV;S;39,50
3TEC0H22021;TECIDO KOYUN C0R 002 J SERRANO BOOK 30/SEQ-32(BOO)(AMA);47,9;46,90;78,80;106,90;67,00;126,00;4,60;(1.000,00);50,00;24,40;101,60;151,60(44,70);18;23,02;2.900,14;2,58;50,00;50,00;;16/09/2026;29/09/2026;REV;S;10,60
3TEC0H22023;!TECIDO LINEN C0R 54 CRU TORCK BOOK 30/SEQ-36 (ORG)(AC);270,3;127,85;279,30;252,50;131,64;414,00;64,36;(1.000,00);0,00;193,76;220,24;220,24(-32,26);18;21,44;8.874,92;7,33;50,00;50,00;;02/09/2026;29/09/2026;REV;S;161,06
3TEC0H22033;TECIDO IPANEMA C0R NATURAL SULTEX BOOK 31/SEQ-7;19,85;128,80;103,70;115,80;113,90;118,50;11,10;(1.000,00);50,00;29,70;88,80;138,80(23,00);26;18,33;2.171,87;3,87;50,00;50,00;;03/09/2026;28/09/2026;REV;S;29,70
3TEC0H22046;TECIDO ARIZONA C0R 15 AREIA TORCK BOOK 31/SEQ-28 (BOO);6,2;15,70;128,60;78,20;33,90;144,60;25,90;(1.000,00);0,00;39,10;105,50;105,50(27,30);18;21,62;3.126,40;2,47;50,00;50,00;;02/09/2026;29/09/2026;REV;S;36,10
3TEC0H22049;TECIDO IPANEMA C0R VIME SULTEX BOOK 31/SEQ-31;30,7;190,00;155,90;83,20;91,80;107,80;39,80;(1.000,00);150,00;125,20;-17,40;132,60(49,40);26;18,33;1.976,19;4,77;50,00;50,00;;03/09/2026;28/09/2026;REV;S;116,70
3TEC0H22052;TECIDO OSKAR TD1769 C0R T0003 TEXION BOOK 31/SEQ-35 (BOO);36,7;68,60;68,10;54,55;33,50;95,20;58,80;(1.000,00);100,00;153,00;-57,80;42,20(-12,35);25;17,95;1.708,55;2,13;50,00;50,00;;04/08/2026;25/09/2026;REV;S;114,40
3TEC0H22075;TECIDO ARIZONA C0R 08 BEGE TORCK BOOK 32/SEQ-25 (ORG);39,1;160,60;95,10;93,20;20,60;57,80;73,50;(1.000,00);150,00;137,20;-79,40;70,60(-22,60);18;21,56;1.246,34;3,88;50,00;50,00;;16/09/2026;25/09/2026;REV;S;133,80
3TEC0H22079;TECIDO LINEN C0R 08 BEGE TORCK BOOK 32/SEQ-29 (ORG);0,0;0,00;51,30;5,90;0,00;49,00;0,00;(1.000,00);0,00;12,70;36,30;36,30(30,40);18;20,52;1.005,28;0,64;50,00;50,00;;17/11/2025;06/08/2026;REV;S;12,70
3TEC0H22086;!TECIDO LINEN C0R07 KAKI TORCK BOOK 32/SEQ-39 (ORG)(AC);390,6;234,00;107,61;0,40;309,24;701,00;59,66;(1.000,00);0,00;83,56;617,44;617,44(617,04);18;21,98;15.404,48;3,80;50,00;50,00;;09/09/2026;29/09/2026;REV;S;83,56
3TEC0H22094;TECIDO VULCANO TD1491 C0R T00001 TEXION BOOK 33/SEQ-3 (ORG);0,0;20,60;47,70;5,80;48,10;77,10;7,30;(1.000,00);0,00;28,30;48,80;48,80(43,00);25;20,07;1.547,47;0,82;50,00;50,00;;28/08/2026;28/09/2026;REV;S;28,30
3TEC0H22102;TECIDO FIBERATU TD3087 C0R T0001 TEXION BOOK 33/SEQ-13  (ORG);0,0;20,40;20,70;7,10;27,40;84,90;27,50;(1.000,00);0,00;27,50;57,40;57,40(50,30);25;14,91;1.265,86;0,54;50,00;50,00;;26/06/2026;22/09/2026;REV;S;27,50
3TEC0H22104;TECIDO VULCANO TD1491 C0R T0004 TEXION BOOK 33/SEQ-15 (ORG);18,7;12,00;49,70;12,80;14,00;114,70;11,50;(1.000,00);0,00;10,00;104,70;104,70(91,90);25;19,85;2.276,22;0,83;50,00;50,00;;04/08/2026;15/09/2026;REV;S;10,00
3TEC0H22105;TECIDO BORGO TD0411 C0R T0005 TEXION BOOK 33/SEQ-19 (ORG);0,0;13,90;5,20;0,00;0,00;82,20;1,80;(1.000,00);0,00;1,80;80,40;80,40(80,40);25;19,32;1.587,94;0,21;50,00;50,00;;18/12/2025;22/07/2026;REV;S;1,80
3TEC0H22112;TECIDO OSKAR TD1769 C0R T0002 TEXION BOOK 33/SEQ-27 (BOO);16,7;72,20;115,10;50,20;11,60;166,60;8,30;(1.000,00);0,00;16,70;149,90;149,90(99,70);25;18,00;2.999,13;2,64;50,00;50,00;;24/08/2026;08/09/2026;REV;S;16,70
3TEC0H22121;TECIDO PARIS C0R 15 AREIA TORCK BOOK 33/SEQ-41 (ORG);28,3;30,40;55,10;60,55;24,50;74,80;11,20;(1.000,00);50,00;34,70;40,10;90,10(29,55);18;17,52;1.310,20;1,62;50,00;50,00;;01/09/2026;21/09/2026;REV;S;34,70
3TEC0H22128;!TECIDO PARIS C0R 12 CINZA TORCK BOOK 34/SEQ-5 (ORG)(AC);314,5;501,30;2,20;142,50;224,54;218,10;38,26;(1.000,00);0,00;73,46;144,64;144,64(2,14);18;16,80;3.664,95;7,18;50,00;50,00;PARA SOFA DE PE;16/09/2026;28/09/2026;REV;S;73,46
3TEC0H22131;TECIDO LINEN C0R 43 TAUPE TORCK BOOK 34/SEQ-11 (ORG);17,2;47,45;12,15;0,00;10,10;245,30;11,20;(1.000,00);0,00;21,30;224,00;224,00(224,00);18;21,32;5.229,31;0,66;50,00;50,00;;09/09/2026;24/09/2026;REV;S;21,30
3TEC0H22132;TECIDO PARIS C0R 14 CHUMBO TORCK BOOK 34/SEQ-12 (ORG);26,1;20,60;46,60;43,20;36,90;0,00;35,70;(1.000,00);100,00;83,90;-83,90;16,10(-27,10);18;11,75;0,00;1,23;50,00;50,00;;22/05/2026;28/09/2026;REV;S;55,50
3TEC0H22139;# TECIDO ANGRA C0R PRATA SULTEX BOOK 34/SEQ-23 (BOO);22,3;41,00;101,30;12,60;83,35;22,10;15,05;(1.000,00);100,00;109,90;-87,80;12,20(-0,40);26;22,78;503,44;1,72;50,00;50,00;;20/08/2026;17/09/2026;REV;S;109,90
3TEC0H22142;!TECIDO KRUGER C0R 06 TELLAIO BOOK 34/SEQ-27 (ORG)(AC);443,307;510,69;90,40;70,40;59,74;402,90;20,56;(1.000,00);0,00;18,96;383,94;383,94(313,54);18;20,30;8.176,86;7,46;50,00;50,00;;18/09/2026;29/09/2026;REV;S;18,96
3TEC0H22149;TECIDO GIANCARLO TD3101 C0R T0002 TEXION BOOK 34/SEQ-37 (ORG);8,8;18,30;16,80;1,40;0,00;106,40;0,00;(1.000,00);0,00;1,60;104,80;104,80(103,40);25;20,30;2.159,60;0,41;50,00;50,00;;28/11/2025;14/08/2026;REV;S;1,60
3TEC0H22166;TECIDO IPANEMA C0R NESCAU SULTEX BOOK 35/SEQ-10 (AC);27,049999999999997;151,10;163,10;73,50;39,64;237,00;22,26;(1.000,00);0,00;53,26;183,74;183,74(110,24);26;18,34;4.345,63;4,31;50,00;50,00;PARA SOFA DE PE;02/09/2026;28/09/2026;REV;S;53,26
3TEC0H22180;TECIDO ARIZONA C0R 12 CINZA TORCK BOOK 35/SEQ-31 (ORG);11,6;0,00;4,50;4,00;0,00;67,20;8,60;(1.000,00);0,00;8,10;59,10;59,10(55,10);18;21,34;1.434,32;0,09;50,00;50,00;;26/02/2026;21/08/2026;REV;S;8,10
3TEC0H22189;TECIDO ARIZONA C0R 04 PRETO  TORCK BOOK 35/SEQ-44 (ORG);0,0;6,80;6,10;0,90;0,00;88,10;0,00;(1.000,00);0,00;1,40;86,70;86,70(85,80);18;15,19;1.338,24;0,15;50,00;50,00;;22/05/2026;17/08/2026;REV;S;1,40
3TEC0H22201;TECIDO KRUGER C0R 08 TELLAIO BOOK 36/SEQ-14 (BOO) (ORG) (AC);26,1;33,70;72,30;106,05;13,10;52,80;38,30;(1.000,00);100,00;73,05;-20,25;79,75(-26,30);18;20,34;1.073,90;2,36;50,00;50,00;;28/09/2026;22/09/2026;REV;S;71,85
3TEC0H22239;TECIDO LINATE C0R 53 MARINHO TORCK BOOK 37/SEQ-37 (ORG);12,2;46,90;82,40;36,20;55,70;54,40;29,50;(1.000,00);50,00;45,30;9,10;59,10(22,90);18;18,65;1.014,51;1,84;50,00;50,00;;01/09/2026;24/09/2026;REV;S;29,50
3TEC0H26060;***TECIDO KLEE COR 29 TELLAIO BOOK 39 SEQ 12;0,0;1,50;0,00;30,10;47,40;95,70;41,50;(0,00);120,00;184,50;-88,80;31,20(1,10);21;11,57;1.107,06;0,35;40,00;40,00;;28/09/2026;23/09/2026;REV;S;134,20
3TECAQUAM004;*** TECIDO ACQUAMARINE 9102 - COR 004 (CINZA) CLAUTEX;0,0;0,00;0,00;8,50;62,50;79,00;0,00;(0,00);0,00;30,00;49,00;49,00(40,50);30;20,68;1.633,72;0,09;150,00;0,00;;15/06/2026;15/09/2026;REV;S;30,00
3TECAT00W60;TECIDO 2108/10 DESENHO 888 COR 05 MENEGUEL(3TECAT00X60) ATELIE;9,3;4,15;18,33;12,40;0,00;87,00;6,67;(180,00);50,00;48,30;38,70;88,70(76,30);27;41,63;3.621,90;0,39;50,00;50,00;;04/12/2025;07/08/2026;REV;S;48,30
3TECAT00W67;TECIDO 2108/10 DESENHO 888 COR 01 MENEGUEL(3TECAT00X67) ATELIE;58,8;11,90;54,63;39,10;20,90;153,00;9,22;(180,00);0,00;73,60;79,40;79,40(40,30);18;43,92;6.719,61;1,17;50,00;50,00;;28/08/2026;28/09/2026;REV;S;73,60
3TECAT00X24;TECIDO PREMIUM 200 FIOS 2,5M BRANCO ESTAMPARIA S A ATELIE;3,2;23,20;16,83;6,40;3,20;500,00;40,17;(154,00);0,00;3,20;496,80;496,80(490,40);42;12,33;6.164,00;0,52;250,00;250,00;;08/08/2025;24/09/2026;REV;S;3,20
3TECAT00X25;TA 2,50 TRESOR 200 PEROLA 11.0606 100%ALG;120,4;132,50;143,83;202,30;62,40;300,00;31,19;(154,00);250,00;156,90;143,10;393,10(190,80);60;13,54;4.060,50;5,32;250,00;250,00;;20/01/2026;28/09/2026;REV;S;139,90
3TECAT00X26;TECIDO PREMIUM 200 FIOS 2,5M CINZA ESTAMPARIA S A ATELIE;16,5;19,40;50,43;19,70;3,20;600,00;0,27;(154,00);0,00;79,60;520,40;520,40(500,70);60;13,72;8.232,00;0,99;250,00;250,00;;17/12/2025;29/09/2026;REV;S;72,60
3TECAT00Y51;TECIDO CETIM PREMIUM T-400 COR 01 BRANCO GM:2 ATELIE;0,0;0,00;0,63;8,80;0,00;55,00;9,37;(0,00);0,00;11,30;43,70;43,70(34,90);18;48,05;2.642,59;0,10;50,00;25,00;;29/07/2025;06/08/2026;REV;S;11,30
3TECBAGUN02;# BAGUN BEGE RONI COUROS;11,6;6,10;28,80;21,20;2,70;10,40;38,60;(50,00);0,00;38,60;-28,20;-28,20(-49,40);18;21,97;228,49;0,62;50,00;50,00;;11/08/2026;18/09/2026;REV;S;38,60
3TEF0000118;!VERONA PRETO - 6139 - 9999 FORRO OXFORD ESTERTCH PRETO                                                                 225099.990 ADAR;2329,87;4.464,40;5.224,54;3.699,36;3.785,01;17.635,00;1.453,29;(4.039,00);0,00;4.124,64;13.510,36;13.510,36(9.811,00);27;3,65;64.332,48;148,76;5.000,00;1.000,00;;29/09/2026;29/09/2026;REV;S;3.192,08
3TEFFORMOVE;TECIDO VELUDO LIGHT COR 2972 BNY BOOK FORRO MOVEL;124,2;125,90;401,10;120,20;115,50;487,10;0,00;(4.039,00);0,00;40,99;446,11;446,11(325,91);18;4,99;2.428,19;7,19;200,00;50,00;;19/08/2026;15/09/2026;REV;N;26,51
3COUSOL197715;#SOLETA DE COURO - ESPECIAL COR CAFE                                                                                    - CONFORME PROJETO;0,0;0,00;0,00;0,00;2,47;0,00;2,20;(1,00);0,00;2,20;-2,20;-2,20(-2,20);42;0,00;0,00;0,00;1,00;1,00;;16/09/2026;24/09/2026;CST;S;2,20
3TEC0240926;# TECIDO LADY – NAVY 406 - LINHA ADELE;0,0;0,00;0,00;0,00;0,00;0,00;0,00;(50,00);182,00;14,00;-14,00;168,00(168,00);15;0,00;0,00;0,00;0,00;1,00;;01/01/1900;01/01/1900;CST;S;14,00
3TEC0A10503;TECIDO BENCHMARK 09 STONE PERFORMANCE QUAKER BOOK 10 (TP)(ORG);0,0;0,00;0,00;0,00;0,00;0,00;0,00;(0,00);13,80;16,80;-16,80;-3,00(-3,00);21;191,50;0,00;0,00;0,00;1,00;;21/09/2026;26/05/2026;CST;S;3,00
3TEC0A10505;TECIDO DELUXE 11 NOUGAT PERFORMANCE QUAKER BOOK 10 (TP)(ORG);5,5;39,90;7,00;21,20;2,80;5,00;6,50;(0,00);53,30;57,70;-52,70;0,60(-20,60);21;183,82;919,12;0,76;0,00;1,00;;21/09/2026;01/09/2026;CST;S;27,90
3TEC0A10509;TECIDO EL LUDA 09 M LINEN PERFORMANCE QUAKER BOOK 10 (TP)(ORG);0,25;5,45;1,80;58,80;2,20;0,00;6,50;(0,00);53,20;59,40;-59,40;-6,20(-65,00);21;181,96;0,00;0,73;0,00;1,00;;22/09/2026;10/09/2026;CST;S;26,40
3TEC0A10529;TECIDO EL LUDA 09 M PLATINUM PERFORMANCE QUAKER BOOK 10 (TP)(ORG);0,0;0,30;8,70;0,00;0,00;0,00;0,00;(0,00);0,00;2,80;-2,80;-2,80(-2,80);21;184,52;0,00;0,10;0,00;1,00;;22/09/2026;06/07/2026;CST;S;2,80
3TEC0A10540;TECIDO EL NOVE 04 BLUEPERFORMANCE QUAKER BOOK 10 (TP)(ORG);0,0;0,00;1,00;0,00;0,00;0,00;0,00;(0,00);0,00;16,80;-16,80;-16,80(-16,80);21;187,24;0,00;0,01;0,00;1,00;;21/09/2026;15/07/2026;CST;S;16,80
3TEC0A10548;TECIDO EL NOVE 04 GOLD PERFORMANCE QUAKER BOOK 11 (TP)(ORG);0,0;8,00;0,00;0,00;20,00;0,00;0,00;(0,00);10,10;10,10;-10,10;0,00(0,00);21;185,11;0,00;0,09;0,00;1,00;;31/08/2026;16/09/2026;CST;S;10,10
3TEC0A10550;TECIDO EL MALIBU VELVET OCHRE PERFORMANCE QUAKER BOOK 11 (TP)(ORG);0,0;2,00;0,00;8,00;5,70;0,00;18,30;(0,00);0,00;18,30;-18,30;-18,30(-26,30);21;194,86;0,00;0,11;0,00;1,00;;15/09/2026;25/09/2026;CST;S;18,30
3TEC0A10551;TECIDO EL RAVENNA 03 PINK BLUE PERFORMANCE QUAKER BOOK 11 (TP)(ORG);0,0;0,00;0,00;0,00;0,00;0,00;0,00;(0,00);0,00;0,80;-0,80;-0,80(-0,80);21;186,91;0,00;0,00;0,00;1,00;;29/07/2026;21/10/2025;CST;S;0,80
3TEC0A10553;TECIDO EL SWISS VELVET VIOLET PERFORMANCE QUAKER BOOK 11 (TP)(ORG);0,0;0,00;0,00;5,50;0,00;0,00;0,00;(0,00);0,00;2,10;-2,10;-2,10(-7,60);21;193,10;0,00;0,06;0,00;1,00;;17/08/2026;28/08/2026;CST;S;2,10
3TEC0A10555;TECIDO STAUNCH 27 AZALEA PERFORMANCE QUAKER BOOK 11 (TP)(ORG);0,0;0,00;0,00;0,00;1,00;0,00;0,00;(0,00);4,80;4,80;-4,80;0,00(0,00);21;172,51;0,00;0,00;0,00;1,00;;27/07/2026;28/09/2026;CST;S;4,80
3TEC0A10557;TECIDO EL CLASSIC RED WINE PERFORMANCE QUAKER BOOK 11 (TP)(ORG);0,0;0,00;0,00;0,40;2,60;0,00;0,00;(0,00);6,20;6,20;-6,20;0,00(-0,40);21;192,82;0,00;0,00;0,00;1,00;;17/08/2026;08/09/2026;CST;S;6,20
3TEC0A10559;TECIDO DELUXE 24 VINO PERFORMANCE QUAKER BOOK 11 (TP)(ORG);1,5;19,00;13,10;0,00;12,00;0,00;0,00;(0,00);0,00;5,20;-5,20;-5,20(-5,20);21;182,31;0,00;0,36;0,00;1,00;;28/08/2026;16/09/2026;CST;S;5,20
3TEC0A10560;TECIDO EL RAVENNA 03 GOLD PERFORMANCE QUAKER BOOK 11 (TP)(ORG);0,0;0,00;0,00;0,00;0,00;0,00;0,00;(0,00);4,20;4,20;-4,20;0,00(0,00);21;180,59;0,00;0,00;0,00;1,00;;18/09/2025;29/09/2025;CST;S;4,20
3TEC0A10561;TECIDO ELB FIORD VELVET RUBY PERFORMANCE QUAKER BOOK 11 (TP)(ORG);0,0;0,00;16,10;2,40;0,00;0,00;0,00;(0,00);0,80;0,80;-0,80;0,00(-2,40);21;260,58;0,00;0,21;0,00;1,00;;27/07/2026;10/08/2026;CST;S;0,80
3TEC0A10568;TECIDO EL RAVENNA 03 GREEN TURQ PERFORMANCE QUAKER BOOK 11 (TP)                                                         (ORG);0,0;0,00;0,00;0,00;0,00;0,00;0,00;(0,00);0,00;0,80;-0,80;-0,80(-0,80);21;185,42;0,00;0,00;0,00;1,00;;27/07/2026;;CST;S;0,80
3TEC0A10569;TECIDO EL RAVENNA 03 BRIGHT PINK PERFORMANCE QUAKER BOOK 11 (TP)                                                        (ORG);0,0;0,20;0,80;6,90;2,10;0,00;0,00;(0,00);1,40;1,40;-1,40;0,00(-6,90);21;221,66;0,00;0,09;0,00;1,00;;24/08/2026;01/09/2026;CST;S;1,40
3TEC0A10570;TECIDO EL MALIBU VELVET MINT PERFORMANCE QUAKER BOOK 11 (TP)(ORG);0,0;0,00;0,00;2,70;0,00;0,00;0,00;(0,00);0,00;2,10;-2,10;-2,10(-4,80);21;194,75;0,00;0,03;0,00;1,00;;17/08/2026;24/08/2026;CST;S;2,10
3TEC0A10572;TECIDO EL SWISS VELVET EMERALD PERFORMANCE QUAKER BOOK 11 (TP)(ORG);1,5;0,00;0,00;0,00;0,00;0,00;0,00;(0,00);45,70;45,70;-45,70;0,00(0,00);21;195,88;0,00;0,00;0,00;1,00;;16/04/2026;20/05/2026;CST;S;45,70
3TEC0A10574;TECIDO STAUNCH 22 CAMOUFLAGE PERFORMANCE QUAKER BOOK 11 (TP)(ORG);1,8;38,50;12,80;37,20;0,00;0,00;0,00;(0,00);3,60;7,10;-7,10;-3,50(-40,70);21;179,18;0,00;0,98;0,00;1,00;;15/09/2026;27/08/2026;CST;S;7,10
3TEC0A10576;TECIDO EL INDIAN VELVET OLIVE PERFORMANCE QUAKER BOOK 11 (TP)(ORG);0,0;0,00;0,00;12,80;0,00;0,00;0,00;(0,00);2,70;6,60;-6,60;-3,90(-16,70);21;292,45;0,00;0,14;0,00;1,00;;14/08/2026;28/08/2026;CST;S;6,60
3TEC0A10578;TECIDO EL CLASSIC HUNTER GREEN PERFORMANCE QUAKER BOOK 11 (TP)(ORG);0,2;4,80;0,00;0,00;18,50;0,00;0,00;(0,00);3,60;6,60;-6,60;-3,00(-3,00);21;206,90;0,00;0,05;0,00;1,00;;22/09/2026;21/09/2026;CST;S;6,60
3TEC0A10579;TECIDO DELUXE 21 AUTUMN PERFORMANCE QUAKER BOOK 11 (TP)(ORG);2,7;1,00;10,00;0,00;6,00;0,00;0,00;(0,00);28,70;28,70;-28,70;0,00(0,00);21;186,92;0,00;0,12;0,00;1,00;;31/07/2026;17/09/2026;CST;S;28,70
3TEC0A10580;TECIDO DELUXE 15 PEACOCK PERFORMANCE QUAKER BOOK 11 (TP)(ORG);0,0;0,00;0,00;11,00;12,20;0,00;1,00;(0,00);0,00;1,40;-1,40;-1,40(-12,40);21;184,28;0,00;0,12;0,00;1,00;;04/09/2026;22/09/2026;CST;S;1,40
3TEC0A10584;TECIDO EL CLASSIC TEAL PERFORMANCE QUAKER BOOK 11 (TP)(ORG);0,0;0,00;0,00;0,00;0,00;0,00;0,00;(0,00);24,50;24,50;-24,50;0,00(0,00);21;181,82;0,00;0,00;0,00;1,00;;22/08/2025;08/10/2025;CST;S;24,50
3TEC0A10588;TECIDO ELB FIORD VELVET TURQ PERFORMANCE QUAKER BOOK 11 (TP)(ORG);0,0;0,00;0,00;0,00;1,00;0,00;0,00;(0,00);1,40;1,40;-1,40;0,00(0,00);21;221,91;0,00;0,00;0,00;1,00;;21/09/2026;28/09/2026;CST;S;1,40
3TEC0A10591;TECIDO EL LUDA 09 M OLD ROSE PERFORMANCE QUAKER BOOK 11 (TP)(ORG);24,4;3,60;1,50;0,30;14,40;0,00;0,00;(0,00);2,80;2,80;-2,80;0,00(-0,30);21;183,49;0,00;0,06;0,00;1,00;;24/08/2026;17/09/2026;CST;S;2,80
3TEC0A10597;TECIDO EL MALIBU VELVET ROSE PERFORMANCE QUAKER BOOK 11 (TP)(ORG);0,0;1,50;0,00;0,00;9,00;0,00;0,00;(0,00);0,00;5,00;-5,00;-5,00(-5,00);21;194,25;0,00;0,02;0,00;1,00;;22/09/2026;11/09/2026;CST;S;5,00
3TEC0A10599;TECIDO EL NOVE 04 ROSE PERFORMANCE QUAKER BOOK 11 (TP)(ORG);0,4;7,10;0,30;1,20;0,10;0,00;1,40;(0,00);1,10;2,50;-2,50;-1,40(-2,60);21;185,68;0,00;0,10;0,00;1,00;;15/09/2026;22/09/2026;CST;S;2,50
3TEC0A11159;*** TECIDO GRIGGIO C0R 003 TRAMARE BOOK 30/SEQ-18 (BOO);0,0;4,60;1,00;0,00;3,50;0,00;2,00;(0,00);0,00;5,20;-5,20;-5,20(-5,20);21;99,98;0,00;0,06;0,00;1,00;;15/09/2026;04/09/2026;CST;S;5,20
3TEC0A11276;#TECIDO MALIBU CRU BEGE/CINZA 185109 SUNSHINE FIAMA BOOK 25 FORA LINHA;0,0;0,00;3,20;0,00;7,00;7,60;18,00;(0,00);0,00;18,00;-10,40;-10,40(-10,40);21;253,96;1.930,06;0,04;0,00;1,00;;21/07/2026;10/09/2026;CST;S;18,00
3TEC0A22001;*** TECIDO NICE C0R 16366/01 LARTEX BOOK 30/SEQ-1;3,1999999999999997;0,00;0,00;9,00;30,80;23,00;4,90;(0,00);0,00;10,30;12,70;12,70(3,70);21;110,05;2.531,08;0,10;0,00;1,00;;16/09/2026;24/09/2026;CST;S;2,40
3TEC0A22031;*** TECIDO MERINO C0R 16573/01 LARTEX BOOK 31/SEQ-4 (BOO)(AMA);11,1;48,40;33,90;59,80;9,80;0,00;10,90;(0,00);50,10;92,70;-92,70;-42,60(-102,40);22;124,49;0,00;1,58;0,00;1,00;;23/09/2026;29/09/2026;CST;S;50,70
3TEC0A22065;*** TECIDO ANKITA 127001 C0R 068 TRAMARE BOOK 32/SEQ-12 (BOO);3,9;64,70;8,20;21,80;6,00;0,00;0,00;(0,00);16,00;24,70;-24,70;-8,70(-30,50);21;98,95;0,00;1,05;0,00;1,00;;28/09/2026;22/09/2026;CST;S;4,30
3TEC0A22163;*** TECIDO 64290 GRANO C0R 921 TRAMARE BOOK 35/SEQ-7 (BOO)(AMA);0,0;0,00;0,00;0,00;0,40;4,50;7,10;(0,00);0,00;7,10;-2,60;-2,60(-2,60);21;65,14;293,13;0,00;0,00;1,00;;16/12/2025;28/09/2026;CST;S;7,10
3TEC0A22164;*** TECIDO FAVOLA 127102 C0R 068 TRAMARE BOOK 35/SEQ-8 (BOO)(AMA);3,1999999999999997;10,80;0,20;6,30;10,80;0,00;8,70;(0,00);0,00;12,10;-12,10;-12,10(-18,40);21;98,08;0,00;0,19;0,00;1,00;;25/09/2026;29/09/2026;CST;S;8,70
3TEC0A22190;*** TECIDO PAINT 12 15884/06 C0R-0718 LARTEX BOOK 36/SEQ-1(ORG);0,0;0,00;0,00;0,00;0,00;8,00;0,00;(0,00);0,00;3,60;4,40;4,40(4,40);22;149,92;1.199,37;0,00;0,00;1,00;;19/05/2026;12/02/2026;CST;S;3,60
3TEC0A22204;*** TECIDO FAVOLA 127102  C0R 670 TRAMARE BOOK 36/SEQ-19 (BOO)(AMA);18,0;30,20;16,80;11,10;8,60;0,00;30,80;(0,00);16,00;30,80;-30,80;-14,80(-25,90);21;92,19;0,00;0,65;0,00;1,00;;08/09/2026;21/09/2026;CST;S;30,80
3TEC0A26004;***TECIDO JACQUARD MYTHOS DOM 2998/00 LARTEX BOOK 38 SEQ 04;0,0;0,10;6,90;9,50;23,50;4,00;0,00;(0,00);25,30;25,30;-21,30;4,00(-5,50);23;101,42;405,68;0,18;0,00;1,00;;03/09/2026;22/09/2026;CST;S;25,30
3TEC0A26008;***TECIDO CIRANDA 136302 COR 32 INNOVAT BOOK 38 SEQ08;0,0;0,00;0,00;9,50;0,00;6,50;0,00;(0,00);0,00;6,80;-0,30;-0,30(-9,80);23;79,87;519,16;0,11;0,00;1,00;;26/03/2026;11/08/2026;CST;S;6,80
3TEC0A26010;***TECIDO JACQUARD FLUFFY 16150/01 LARTEX BOOK 38 SEQ 10;0,0;9,25;32,70;18,70;7,10;0,00;10,80;(0,00);0,00;19,30;-19,30;-19,30(-38,00);23;115,22;0,00;0,67;0,00;1,00;;16/09/2026;29/09/2026;CST;S;12,20
3TEC0A26012;***TECIDO GUAPE 64283 COR25 INNOVAT BOOK 38 SEQ 12;0,3;6,60;2,95;25,15;26,70;0,00;30,30;(0,00);0,00;30,30;-30,30;-30,30(-55,45);23;84,13;0,00;0,39;0,00;1,00;;28/09/2026;23/09/2026;CST;S;30,30
3TEC0A26016;***TECIDO JANDAIA 127116 COR 70 INNOVAT BOOK 38 SEQ 16;0,0;0,00;0,00;13,00;4,50;0,00;2,50;(0,00);0,00;3,80;-3,80;-3,80(-16,80);23;90,80;0,00;0,14;0,00;1,00;;30/07/2026;25/09/2026;CST;S;3,80
3TEC0A26024;***TECIDO LAGO 27050 COR 35 INNOVAT BOOK 38 SEQ 24;1,5;2,50;7,00;25,90;5,60;5,70;8,90;(0,00);0,00;53,80;-48,10;-48,10(-74,00);23;102,35;583,37;0,39;0,00;1,00;;28/09/2026;28/09/2026;CST;S;34,90
3TEC0A26025;***TECIDO JACQUARD MERINO 16573/05 LARTEX BOOK 38 SEQ25;0,7;5,50;45,30;23,10;22,50;0,00;13,10;(0,00);32,20;81,20;-81,20;-49,00(-72,10);23;120,77;0,00;0,82;0,00;1,00;;23/09/2026;29/09/2026;CST;S;52,10
3TEC0A26026;***TECIDO DOMA 2919 COR 04 LARTEX BOOK 38 SEQ 26;0,0;0,00;0,00;34,60;6,60;0,00;17,50;(0,00);7,60;47,40;-47,40;-39,80(-74,40);23;104,57;0,00;0,38;0,00;1,00;;23/09/2026;23/09/2026;CST;S;45,90
3TEC0A26040;***TECIDO LAGO 27050 COR 913 INNOVAT BOOK 38 SEQ40;0,0;0,00;3,00;13,10;13,50;19,40;1,50;(0,00);0,00;3,00;16,40;16,40(3,30);23;88,20;1.711,06;0,18;0,00;1,00;;03/03/2026;25/09/2026;CST;S;3,00
3TEC0A26047;***TECIDO IPE 127114 COR 970 INNOVAT BOOK 38 SEQ 47;0,0;6,70;21,70;22,00;3,00;14,00;0,00;(0,00);0,00;5,10;8,90;8,90(-13,10);23;92,34;1.292,82;0,56;0,00;1,00;;30/07/2026;22/09/2026;CST;S;5,10
3TEC0A26054;***TECIDO JACQUARD MYTHOS 16710/03 LARTEX BOOK 39 SEQ 06;0,0;0,05;8,05;15,40;32,60;10,50;0,00;(0,00);0,00;8,50;2,00;2,00(-13,40);23;123,99;1.301,94;0,26;0,00;1,00;;23/06/2026;22/09/2026;CST;S;6,50
3TEC0A26069;***TECIDO JACQUARD CORTILE 16903/09 LARTEX BOOK 39 SEQ 21;0,0;0,00;0,00;11,00;0,00;12,50;0,00;(0,00);0,00;14,00;-1,50;-1,50(-12,50);23;97,25;1.215,64;0,12;0,00;1,00;;23/09/2026;11/08/2026;CST;S;14,00
3TEC0B10499;TECIDO EL MEDA ICE PERFORMANCE QUAKER BOOK 10 (TP)(ORG);0,0;0,00;0,00;0,00;0,00;4,00;2,00;(0,00);5,00;5,00;-1,00;4,00(4,00);21;102,77;411,08;0,00;0,00;1,00;;08/05/2026;18/06/2025;CST;S;5,00
3TEC0B10594;TECIDO EL MEDA CELADON PERFORMANCE QUAKER BOOK 11 (TP)(ORG);0,0;0,00;0,00;0,00;0,00;0,00;0,00;(0,00);20,00;20,00;-20,00;0,00(0,00);21;91,63;0,00;0,00;0,00;1,00;;13/12/2024;13/01/2025;CST;S;3,00
3TEC0B10768;*** TECIDO FAVOLA 127102 C0R 052 TRAMARE BOOK 32/SEQ-45 (BOO)(AMA);4,9;20,20;6,70;1,90;5,00;0,00;0,00;(0,00);2,90;2,90;-2,90;0,00(-1,90);21;90,77;0,00;0,32;0,00;1,00;;03/09/2026;28/09/2026;CST;S;2,90
3TEC0B11553;*** TECIDO BUCLE ORLY C0R D411 PROMEX BOOK 33/SEQ-18 (BOO)(AMA);21,3;35,40;20,30;9,20;17,50;3,00;0,00;(0,00);0,00;1,90;1,10;1,10(-8,10);21;104,49;313,46;0,72;0,00;1,00;;04/09/2026;29/09/2026;CST;S;1,90
3TEC0B11559;*** TECIDO DOMA C0R 01 LARTEX BOOK 36/SEQ-25 (BOO);8,8;25,80;9,90;13,70;12,50;0,00;4,60;(0,00);16,30;36,10;-36,10;-19,80(-33,50);22;131,04;0,00;0,55;0,00;1,00;;23/09/2026;28/09/2026;CST;S;24,40
3TEC0B22182;*** TECIDO WASHED MESCLA  C0R PRETA 1019 CLAUTEX BOOK 35/SEQ-34 (ORG);2,2;0,00;0,00;0,00;0,00;0,00;0,00;(0,00);16,00;16,00;-16,00;0,00(0,00);21;93,12;0,00;0,00;0,00;1,00;;14/04/2026;12/05/2026;CST;S;16,00
3TEC0B22186;*** TECIDO POMPEI  C0R 16605/10 LARTEX BOOK 35/SEQ-40 (BOO)(AMA);0,0;0,00;3,90;0,00;4,50;0,00;0,00;(0,00);0,00;2,70;-2,70;-2,70(-2,70);22;96,19;0,00;0,04;0,00;1,00;;03/09/2026;15/09/2026;CST;S;2,70
3TEC0B22237;*** TECIDO WASHED MESCLA  C0R MARINHO 2919 CLAUTEX BOOK 37/SEQ-33                                                       (ORG);0,0;10,00;2,40;0,80;1,20;0,00;0,00;(0,00);1,20;1,80;-1,80;-0,60(-1,40);21;92,53;0,00;0,15;0,00;1,00;;21/09/2026;01/09/2026;CST;S;1,80
3TEC0B26009;***TECIDO JACQUARD LORD 16329/01 LARTEX BOOK 38 SEQ 09;0,0;0,00;11,00;10,50;1,50;0,00;13,30;(0,00);11,60;23,70;-23,70;-12,10(-22,60);23;88,72;0,00;0,24;0,00;1,00;;17/08/2026;24/09/2026;CST;S;12,10
3TEC0B26018;***TECIDO IGUACU ECO 27110 COR 75 INNOVAT BOOK 38 SEQ 18;0,0;0,00;0,00;16,70;13,80;11,00;2,50;(0,00);0,00;23,10;-12,10;-12,10(-28,80);23;82,69;909,55;0,19;0,00;1,00;;25/09/2026;08/09/2026;CST;S;23,10
3TEC0B26030;***TECIDO JACQUARD MOUSSE 16859/02 LARTEX BOOK 38 SEQ 30;2,0;10,80;19,90;71,80;11,00;0,00;6,40;(0,00);30,30;50,20;-50,20;-19,90(-91,70);23;93,87;0,00;1,14;0,00;1,00;;18/09/2026;28/09/2026;CST;S;23,40
3TEC0B26046;***TECIDO ANKITA 127001 COR 988 INNOVAT BOOK 38 SEQ 46;0,0;0,00;26,50;14,70;12,00;58,20;1,10;(0,00);11,00;11,00;47,20;58,20(43,50);23;71,73;4.174,80;0,46;0,00;1,00;;11/02/2026;29/09/2026;CST;S;11,00
3TEC0B26056;***TECIDO JACQUARD MOUSSE 16859/11 LARTEX BOOK 39 SEQ08;0,0;0,10;7,90;12,00;29,50;0,00;0,00;(0,00);11,10;37,80;-37,80;-26,70(-38,70);23;87,64;0,00;0,22;0,00;1,00;;23/09/2026;22/09/2026;CST;S;26,70
3TEC0B26079;***TECIDO JACQUARD WINNER 16911/10 LARTEX BOOK 39 SEQ 31;2,7;13,60;2,00;14,00;10,80;0,00;1,20;(0,00);46,20;27,20;-27,20;19,00(5,00);23;105,02;0,00;0,33;0,00;1,00;;17/08/2026;28/09/2026;CST;S;27,20
3TEC0B26081;***TECIDO JACQUARD MOUSSE 16859/06 LARTEX BOOK 39 SEQ 33;0,5;2,00;0,00;13,50;0,00;8,50;0,00;(0,00);19,20;10,20;-1,70;17,50(4,00);23;85,63;727,82;0,17;0,00;1,00;;03/09/2026;31/08/2026;CST;S;10,20
3TEC0B26084;***TECIDO JACQUARD WINNER 16911/04 LARTEX BOOK 39 SEQ 36;0,0;0,00;0,00;9,00;0,40;6,00;7,60;(0,00);0,00;7,60;-1,60;-1,60(-10,60);23;73,43;440,57;0,10;0,00;1,00;;03/12/2025;28/09/2026;CST;S;7,60
3TEC0B26088;***TECIDO JACQUARD MOUSSE 16859/07 LARTEX BOOK 39 SEQ40;0,0;0,00;0,60;23,90;1,50;0,00;3,50;(0,00);5,40;5,40;-5,40;0,00(-23,90);23;79,89;0,00;0,27;0,00;1,00;;17/08/2026;18/09/2026;CST;S;5,40
3TEC0B26091;***TECIDO GUILHERME 16938/05 LARTEX BOOK 39 SEQ 43;16,0;22,00;0,00;28,80;24,50;0,00;0,00;(0,00);3,00;7,20;-7,20;-4,20(-33,00);23;98,19;0,00;0,56;0,00;1,00;;23/09/2026;21/09/2026;CST;S;7,20
3TEC0B26094;***TECIDO JACQUARD MOUSSE 16859/08 LARTEX BOOK 39 SEQ 46;2,7;28,30;3,80;40,80;37,70;0,00;0,00;(0,00);39,20;37,70;-37,70;1,50(-39,30);23;96,67;0,00;0,81;0,00;1,00;;03/09/2026;25/09/2026;CST;S;37,70
3TEC0B26095;***TECIDO JACQUARD WINNER 16911/11 LARTEX BOOK 39 SEQ 47;0,0;0,00;25,70;69,60;53,90;6,50;8,40;(0,00);0,00;8,60;-2,10;-2,10(-71,70);23;106,43;691,82;1,06;0,00;1,00;;03/09/2026;24/09/2026;CST;S;8,60
3TEC0B26099;***TECIDO JACQUARD ETERNITA 16580/26 LARTEX BOOK 39 SEQ 51;0,0;9,00;18,80;16,40;1,00;0,00;0,00;(0,00);24,60;40,70;-40,70;-16,10(-32,50);23;99,43;0,00;0,49;0,00;1,00;;28/07/2026;15/09/2026;CST;S;40,70
3TEC0B26106;*** TECIDO O SHUTTLE SISAL BOOK 40 SEQ 07 QUAKER;0,0;0,00;0,00;0,00;0,00;0,00;3,50;(0,00);0,00;3,50;-3,50;-3,50(-3,50);23;0,00;0,00;0,00;0,00;1,00;;04/09/2026;01/01/1900;CST;S;3,50
3TEC0B26127;*** TECIDO SOLARO CINZA 216284 CLAUTEX BOOK 41 SEQ 04;0,0;0,00;0,00;0,00;0,00;0,00;5,10;(0,00);0,00;5,10;-5,10;-5,10(-5,10);23;42,11;0,00;0,00;0,00;1,00;;01/09/2026;01/01/1900;CST;S;5,10
3TEC0B26135;*** TECIDO SOLARO BEGE 216287 CLAUTEX BOOK 41 SEQ 12;0,0;0,00;0,00;0,00;0,00;0,00;18,00;(0,00);0,00;18,00;-18,00;-18,00(-18,00);23;42,11;0,00;0,00;0,00;1,00;;01/09/2026;01/01/1900;CST;S;18,00
3TEC0C10050;*** TECIDO ZEFIRO ECO 64225 C0R 880 TRAMARE BOOK 35/SEQ-20 (BOO)(AMA);21,0;6,60;34,80;29,60;29,60;0,00;7,90;(0,00);32,95;109,15;-109,15;-76,20(-105,80);21;60,02;0,00;0,79;0,00;1,00;;25/09/2026;15/09/2026;CST;S;83,30
3TEC0C10402;TECIDO SWIMMING BLANCO SUNPROOF QUAKER BOOK 08 (TP);0,0;0,00;0,00;0,00;0,00;0,00;0,00;(0,00);1,40;1,40;-1,40;0,00(0,00);21;100,62;0,00;0,00;0,00;1,00;;31/07/2025;20/10/2025;CST;S;1,40
3TEC0C10413;TECIDO CORCEGA AREIA 2 SUNPROOF QUAKER BOOK 08 (TP);13,0;16,30;5,10;3,00;0,00;0,00;0,00;(0,00);4,00;9,00;-9,00;-5,00(-8,00);21;101,93;0,00;0,27;0,00;1,00;;21/05/2026;04/08/2026;CST;S;9,00
3TEC0C10759;*** TECIDO 144195 C0R 292 TRAMARE BOOK 37/SEQ-44 (ORG);8,0;0,00;2,40;0,00;38,50;33,00;3,40;(0,00);0,00;2,90;30,10;30,10(30,10);21;46,04;1.519,29;0,03;0,00;1,00;;03/09/2026;25/09/2026;CST;S;2,90
3TEC0C10765;*** TECIDO ZEFIRO ECO 64225 C0R 912 TRAMARE BOOK 34/SEQ-31 (BOO);7,6;3,70;0,00;18,40;13,80;0,00;0,00;(0,00);0,00;2,10;-2,10;-2,10(-20,50);21;41,82;0,00;0,25;0,00;1,00;;30/07/2026;22/09/2026;CST;S;2,10
3TEC0C22015;*** TECIDO STELLA C0R 025 DINOZOLLI BOOK 30/SEQ-27(AMA);2,8;25,50;9,00;15,60;9,20;19,40;4,40;(0,00);0,00;6,00;13,40;13,40(-2,20);21;86,75;1.683,03;0,56;0,00;1,00;;21/07/2026;28/09/2026;CST;S;4,40
3TEC0C22024;*** TECIDO 64290 GRANO C0R 001 TRAMARE BOOK 30/SEQ-37 (BOO)(AMA);0,0;24,50;11,70;0,00;0,00;0,00;0,00;(0,00);0,00;1,50;-1,50;-1,50(-1,50);21;66,54;0,00;0,40;0,00;1,00;;25/09/2026;23/07/2026;CST;S;1,50
3TEC0C22037;*** TECIDO STELLA C0R 060 DINOZOLLI BOOK 31/SEQ-13(AMA);12,6;41,90;34,60;33,30;41,70;17,60;4,20;(0,00);0,00;24,30;-6,70;-6,70(-40,00);21;85,80;1.510,10;1,22;0,00;1,00;;15/09/2026;29/09/2026;CST;S;15,00
3TEC0C22067;*** TECIDO 64266 TROPICALIA C0R25 TRAMARE BOOK 32/SEQ-14 (ORG);2,8;0,00;6,50;0,00;8,50;22,80;0,00;(0,00);0,00;1,60;21,20;21,20(21,20);21;57,38;1.308,33;0,07;0,00;1,00;;07/07/2026;28/09/2026;CST;S;1,60
3TEC0C22106;*** TECIDO DORPER  C0R 16576/02 LARTEX BOOK 33/SEQ-20 (BOO);3,7;4,00;7,40;5,70;5,10;6,80;0,30;(0,00);9,90;30,20;-23,40;-13,50(-19,20);22;74,33;505,46;0,19;0,00;1,00;;15/09/2026;28/09/2026;CST;S;22,00
3TEC0C22227;*** TECIDO BRASILIDADES ECO 110151 C0R 154 TRAMARE BOOK 37/SEQ-14 (BOO);0,2;13,00;5,20;2,60;0,00;0,00;0,00;(0,00);8,90;4,20;-4,20;4,70(2,10);21;73,90;0,00;0,23;0,00;1,00;;25/09/2026;17/08/2026;CST;S;4,20
3TEC0C26007;***TECIDO TABATINGA 136303 COR 30 INNOVAT BOOK 38 SEQ 0G7;12,4;21,90;44,00;86,30;95,00;0,00;28,80;(0,00);8,50;52,15;-52,15;-43,65(-129,95);23;96,68;0,00;1,69;0,00;1,00;;28/09/2026;24/09/2026;CST;S;50,40
3TEC0C26015;***TECIDO JACARANDA ECO 64930 COR25 INNOVAT BOOK 38 SEQ 15;0,0;16,30;16,80;9,80;2,70;41,90;6,20;(0,00);0,00;28,60;13,30;13,30(3,50);23;79,32;3.323,30;0,48;0,00;1,00;;07/07/2026;22/09/2026;CST;S;6,20
3TEC0C26019;TECIDO JACQUARD LENT 16774/01 LARTEX BOOK 38 SEQ 19;18,5;18,70;3,30;10,00;61,40;10,00;36,20;(0,00);50,40;114,40;-104,40;-54,00(-64,00);23;82,33;823,25;0,36;0,00;1,00;;23/09/2026;29/09/2026;CST;S;103,20
3TEC0C26032;***TECIDO JACQUARD LECCO 16914/06 LARTEX BOOK 38 SEQ 32 - FORA DE LINHA;0,0;6,00;8,60;9,00;0,00;23,00;0,00;(0,00);0,00;4,40;18,60;18,60(9,60);23;74,82;1.720,95;0,26;0,00;1,00;;30/06/2026;11/08/2026;CST;S;4,40
3TEC0C26036;***TECIDO JACARANDA ECO 64930 COR 939 INNOVAT BOOK 38 SEQ 36;0,0;11,00;4,00;56,50;3,00;8,00;0,00;(0,00);0,00;24,40;-16,40;-16,40(-72,90);23;71,54;572,30;0,79;0,00;1,00;;28/09/2026;23/09/2026;CST;S;24,40
3TEC0C26043;***TECIDO JACQUARD GENEBRA 16809/04 LARTEX BOOK 38 SEQ 43 - FORA DE LINHA;0,0;0,00;0,00;9,00;0,00;24,00;0,00;(0,00);0,00;2,70;21,30;21,30(12,30);23;67,77;1.626,55;0,10;0,00;1,00;;18/02/2026;11/08/2026;CST;S;2,70
3TEC0C26067;***TECIDO GRANO ECO 64290 COR 540 INNOVAT BOOK 39 SEQ 19;0,0;11,25;7,50;10,90;6,00;6,00;0,00;(0,00);0,00;5,00;1,00;1,00(-9,90);23;86,73;520,37;0,33;0,00;1,00;;30/07/2026;11/09/2026;CST;S;5,00
3TEC0C26068;TECIDO JACQUARD LENT 16774/07 LARTEX BOOK 39 SEQ 20;0,0;0,30;2,70;23,00;0,00;0,00;0,00;(0,00);5,10;5,10;-5,10;0,00(-23,00);23;62,82;0,00;0,29;0,00;1,00;;23/06/2026;25/08/2026;CST;S;5,10
3TEC0C26075;***TECIDO KIRUNA COR PESSEGO D337 PROMEX BOOK 39 SEQ 27;0,0;0,00;3,30;9,00;11,10;0,00;0,00;(0,00);0,00;3,30;-3,30;-3,30(-12,30);23;54,20;0,00;0,14;0,00;1,00;;21/07/2026;22/09/2026;CST;S;3,30
3TEC0C26077;TECIDO JACQUARD LENT 16774/15 LARTEX BOOK 39 SEQ 29;19,1;21,50;45,60;24,30;26,20;0,00;3,00;(0,00);32,50;33,20;-33,20;-0,70(-25,00);23;81,32;0,00;1,02;0,00;1,00;;03/09/2026;28/09/2026;CST;S;9,70
3TEC0C26090;***TECIDO GRANO ECO  64290 COR 60 INNOVAT BOOK 39 SEQ 42;4,5;11,40;18,60;19,50;9,90;0,00;29,40;(0,00);6,20;43,40;-43,40;-37,20(-56,70);23;88,10;0,00;0,55;0,00;1,00;;25/09/2026;28/09/2026;CST;S;43,40
3TEC0C26092;# TECIDO JACQUARD LECCO 16914/05 LARTEX BOOK 39 SEQ 44                                                                  FORA LINHA;0,0;4,00;3,00;9,00;0,00;13,00;0,00;(0,00);0,00;1,80;11,20;11,20(2,20);23;72,06;936,72;0,18;0,00;1,00;;09/04/2026;11/08/2026;CST;S;1,80
3TEC0C26093;***TECIDO GRANO ECO 64290 COR 861 INNOVAT BOOK 39 SEQ 45;2,6500000000000004;31,95;4,55;27,20;5,60;0,00;1,20;(0,00);0,00;6,20;-6,20;-6,20(-33,40);23;89,56;0,00;0,71;0,00;1,00;;28/09/2026;01/09/2026;CST;S;6,20
3TEC0C26097;***TECIDO TAIBA 64929 COR 881 INNOVAT BOOK 39 SEQ 49;0,25;0,65;2,70;27,00;22,50;21,00;0,00;(0,00);60,40;77,40;-56,40;4,00(-23,00);23;70,96;1.490,16;0,34;0,00;1,00;;03/09/2026;28/09/2026;CST;S;69,80
3TEC0C26104;*** TECIDO O BUFFY NATURAL BOOK 40 SEQ 05 QUAKER;0,0;0,00;5,20;38,70;15,80;6,00;4,70;(0,00);0,00;35,30;-29,30;-29,30(-68,00);23;73,09;438,55;0,49;0,00;1,00;;27/07/2026;24/09/2026;CST;S;7,70
3TEC0C26105;*** TECIDO O KNOBBLY WHITELINN MIX BOOK 40 SEQ 06 QUAKER;0,0;0,00;0,40;0,00;16,00;0,00;86,60;(0,00);0,00;86,60;-86,60;-86,60(-86,60);23;72,88;0,00;0,00;0,00;1,00;;15/09/2026;29/09/2026;CST;S;86,60
3TEC0C26107;*** TECIDO O KNOBBLY TAUPE MIX BOOK 40 SEQ 08 QUAKER;0,0;0,00;0,10;10,50;76,80;0,00;111,10;(0,00);0,00;110,70;-110,70;-110,70(-121,20);23;73,10;0,00;0,12;0,00;1,00;;22/09/2026;29/09/2026;CST;S;110,70
3TEC0C26116;*** TECIDO O KNOBBLY GREY MIX BOOK 40 SEQ 17 QUAKER;0,0;0,00;2,20;27,80;0,10;4,00;4,90;(0,00);0,00;3,40;0,60;0,60(-27,20);23;73,58;294,31;0,33;0,00;1,00;;01/09/2026;15/09/2026;CST;S;3,40
3TEC0C26131;*** TECIDO CAPETOWN GREY MAIORI BOOK 41 SEQ 08;0,0;0,00;0,60;10,40;0,80;0,00;13,20;(0,00);0,00;13,20;-13,20;-13,20(-23,60);23;93,22;0,00;0,12;0,00;1,00;;28/09/2026;29/09/2026;CST;S;13,20
3TEC0C26150;*** TECIDO CAPETOWN MUSTARD MAIORI BOOK 41 SEQ 27;0,0;0,00;0,00;7,20;0,55;0,00;34,45;(0,00);0,00;34,45;-34,45;-34,45(-41,65);23;93,22;0,00;0,08;0,00;1,00;;28/09/2026;29/09/2026;CST;S;34,45
3TEC0D10239;TECIDO SUEDE VALENCIA FLAN PROMEX BOOK 04;0,0;0,00;9,60;0,10;2,00;24,70;1,80;(0,00);0,00;8,10;16,60;16,60(16,50);21;60,16;1.485,83;0,11;0,00;1,00;;03/03/2026;22/09/2026;CST;S;8,10
3TEC0D10376;TECIDO O DOUBLE TROUBLE LINEN & WHITE PERFORMATEX QUAKER BOOK 07 (TP) (BOO);0,2;20,60;9,05;67,45;34,50;11,70;4,00;(0,00);35,60;68,40;-56,70;-21,10(-88,55);21;73,06;854,76;1,08;0,00;1,00;;24/08/2026;23/09/2026;CST;S;60,00
3TEC0D10378;TECIDO O FIDDLESTIX CHARCOAL GREY PERFORMATEX QUAKER BOOK 07 (TP);0,0;20,90;1,90;12,20;3,30;0,00;0,00;(0,00);1,10;25,30;-25,30;-24,20(-36,40);21;68,26;0,00;0,39;0,00;1,00;;22/09/2026;21/09/2026;CST;S;13,20
3TEC0D10379;TECIDO O KEEPSAKE TAUPE MIX PERFORMATEX QUAKER BOOK 07 (TP);0,3;46,00;1,50;21,00;0,30;3,50;49,70;(0,00);0,00;49,70;-46,20;-46,20(-67,20);21;68,40;239,39;0,76;0,00;1,00;;15/09/2026;21/09/2026;CST;S;49,70
3TEC0D10381;TECIDO O TOPTEN NP SILVER MIX PERFORMATEX QUAKER BOOK 07 (TP);0,0;4,70;14,50;0,00;0,00;0,00;2,00;(0,00);0,00;2,80;-2,80;-2,80(-2,80);21;69,86;0,00;0,21;0,00;1,00;;26/06/2026;13/07/2026;CST;S;2,80
3TEC0D10382;TECIDO O KEEPSAKE SILVER PERFORMATEX QUAKER BOOK 07 (TP);0,0;0,00;2,50;0,00;0,10;0,00;14,40;(0,00);0,00;14,40;-14,40;-14,40(-14,40);21;68,15;0,00;0,03;0,00;1,00;;28/08/2026;02/09/2026;CST;S;14,40
3TEC0D10392;TECIDO SDP O OUTASIGHT LINEN PERFORMATEX QUAKER PRO BOOK 07 (TP);1,9;0,00;4,10;16,60;2,80;0,00;4,40;(0,00);2,40;5,70;-5,70;-3,30(-19,90);21;69,78;0,00;0,23;0,00;1,00;;22/09/2026;21/09/2026;CST;S;5,70
3TEC0D10409;TECIDO O HERRINGBONE BK WHITE LINEN SUNPROOF QUAKER BOOK 08 (TP);0,0;0,00;0,00;1,40;12,10;6,50;1,00;(0,00);1,00;1,00;5,50;6,50(5,10);21;67,98;441,88;0,02;0,00;1,00;;21/09/2026;09/09/2026;CST;S;1,00
3TEC0D10443;TECIDO O DOUBLE TROUBLE NAVY MIX  SUNPROOF QUAKER BOOK 08 (TP) (BOO);0,0;21,00;0,00;0,20;8,30;0,00;0,00;(0,00);0,00;14,50;-14,50;-14,50(-14,70);21;73,91;0,00;0,24;0,00;1,00;;17/08/2026;01/09/2026;CST;S;14,50
3TEC0D10452;TECIDO O FIDDLESTIX NP GREY MIX  SUNPROOF QUAKER BOOK 08 (TP);0,0;0,00;0,00;0,00;0,00;0,00;0,00;(0,00);0,00;4,80;-4,80;-4,80(-4,80);21;68,91;0,00;0,00;0,00;1,00;;20/10/2025;26/11/2025;CST;S;4,80
3TEC0D10780;*** TECIDO 64275 C0R 185 TRAMARE BOOK 37/SEQ-13;2,0;0,10;1,90;10,50;7,60;14,10;2,40;(0,00);0,00;2,40;11,70;11,70(1,20);21;47,54;670,37;0,14;0,00;1,00;;30/07/2026;28/09/2026;CST;S;2,40
3TEC0D22074;*** TECIDO 64264B TROPICALIA C0R 860 TRAMARE BOOK 32/SEQ-24 (ORG);0,3;5,20;6,50;0,00;17,00;12,50;0,00;(0,00);0,00;2,40;10,10;10,10(10,10);21;36,18;452,26;0,13;0,00;1,00;;21/08/2026;04/09/2026;CST;S;2,40
3TEC0D22140;*** TECIDO DUOMO C0R 16572/04 LARTEX BOOK 34/SEQ-24;0,9;52,00;6,20;0,20;0,00;32,80;0,00;(0,00);0,00;14,60;18,20;18,20(18,00);22;60,39;1.980,69;0,65;0,00;1,00;;28/05/2026;09/09/2026;CST;S;14,60
3TEC0D26021;***TECIDO BENTO ECO 36071 COR 971  INNOVAT BOOK 38 SEQ 21;0,0;0,50;18,20;12,50;11,60;7,50;18,90;(0,00);0,00;26,70;-19,20;-19,20(-31,70);23;37,27;279,54;0,35;0,00;1,00;;02/09/2026;29/09/2026;CST;S;20,40
3TEC0D26035;***TECIDO SALVIA 64933 COR 927 INNOVAT BOOK 38 SEQ 35;0,0;26,40;0,10;28,60;5,50;0,00;13,00;(0,00);0,00;46,10;-46,10;-46,10(-74,70);23;71,20;0,00;0,61;0,00;1,00;;28/09/2026;15/09/2026;CST;S;31,50
3TEC0D26044;***TECIDO KIRUNA COR GRAFITE D031 PROMEX BOOK 38 SEQ 44;0,0;6,40;2,10;10,50;0,40;0,00;29,30;(0,00);0,00;34,10;-34,10;-34,10(-44,60);23;59,97;0,00;0,21;0,00;1,00;;25/09/2026;21/09/2026;CST;S;34,10
3TEC0D26063;***TECIDO KLAS COR MUSGO D088 PROMEX BOOK 39 SEQ 15;27,349999999999998;75,80;41,30;52,30;30,70;0,00;26,70;(0,00);0,00;180,60;-180,60;-180,60(-232,90);23;63,72;0,00;1,88;0,00;1,00;;29/09/2026;28/09/2026;CST;S;95,50
3TEC0D26080;***TECIDO KLAS COR ARGAN D390 PROMEX BOOK 39 SEQ 32;0,9;8,10;27,20;28,30;75,45;0,00;27,50;(0,00);109,10;76,65;-76,65;32,45(4,15);23;64,23;0,00;0,71;0,00;1,00;;24/09/2026;29/09/2026;CST;S;45,00
3TEC0D26083;***TECIDO BIRIBA 127003 COR 628 INNOVAT BOOK 39 SEQ 35;0,0;7,40;3,00;9,00;21,60;3,00;1,40;(0,00);49,80;82,40;-79,40;-29,60(-38,60);23;78,72;236,17;0,22;0,00;1,00;;28/09/2026;24/09/2026;CST;S;40,40
3TEC0D26098;***TECIDO BIRIBA 127003 COR 472 INNOVAT BOOK 39 SEQ 50;1,8000000000000003;7,80;43,50;46,90;18,60;0,00;21,20;(0,00);10,10;53,20;-53,20;-43,10(-90,00);23;85,35;0,00;1,09;0,00;1,00;;28/09/2026;28/09/2026;CST;S;43,10
3TEC0D26102;*** TECIDO O LHASA BEIGE BOOK 40 SEQ 03 QUAKER;0,0;0,00;0,00;0,00;13,70;0,00;2,80;(0,00);0,00;2,80;-2,80;-2,80(-2,80);23;68,26;0,00;0,00;0,00;1,00;;01/09/2026;22/09/2026;CST;S;2,80
3TEC0D26108;*** TECIDO O MIXO LINEN WARM GREY BOOK 40 SEQ 09 QUAKER;0,0;0,00;0,00;0,00;0,30;0,00;4,70;(0,00);0,00;2,70;-2,70;-2,70(-2,70);23;68,15;0,00;0,00;0,00;1,00;;22/09/2026;23/09/2026;CST;S;2,70
3TEC0D26114;*** TECIDO O TOP TEN NP GREY MIX BOOK 40 SEQ 15 QUAKER;0,0;0,00;1,10;3,90;0,10;0,00;3,90;(0,00);0,00;3,90;-3,90;-3,90(-7,80);23;68,26;0,00;0,06;0,00;1,00;;01/09/2026;15/09/2026;CST;S;3,90
3TEC0D26123;*** TECIDO O TOP LINEN NAVY BOOK 40 SEQ 24 QUAKER;0,0;0,00;14,50;0,00;8,10;0,00;14,40;(0,00);0,00;14,40;-14,40;-14,40(-14,40);23;68,26;0,00;0,16;0,00;1,00;;15/09/2026;28/09/2026;CST;S;14,40
3TEC0D26153;*** TECIDO ACRILON BEGE 216272 CLAUTEX BOOK 41 SEQ 30;0,0;0,00;0,00;0,00;42,40;0,00;28,00;(0,00);0,00;28,00;-28,00;-28,00(-28,00);23;85,18;0,00;0,00;0,00;1,00;;22/09/2026;24/09/2026;CST;S;28,00
3TEC0D26157;*** TECIDO ASHEVILLE NUDE MAIORI BOOK 41 SEQ 34;0,0;0,00;0,00;0,00;14,50;0,00;10,50;(0,00);0,00;10,50;-10,50;-10,50(-10,50);23;58,68;0,00;0,00;0,00;1,00;;28/09/2026;29/09/2026;CST;S;10,50
3TEC0D26161;*** TECIDO ACRILON AZUL ESCURO 216275 CLAUTEX BOOK 41 SEQ 38;0,0;0,00;0,00;0,00;0,00;0,00;5,10;(0,00);0,00;5,10;-5,10;-5,10(-5,10);23;42,11;0,00;0,00;0,00;1,00;;01/09/2026;01/01/1900;CST;S;5,10
3TEC0E22143;*** TECIDO TRAME C0R 31 DINOZOLLI BOOK 34/SEQ-28 (ORG);0,0;0,00;1,50;0,00;0,00;8,00;0,00;(0,00);18,50;20,20;-12,20;6,30(6,30);21;58,53;468,24;0,02;0,00;1,00;;04/12/2025;30/07/2026;CST;S;1,70
3TEC0E22146;*** TECIDO LONDA C0R 31 DINOZOLLI BOOK 34/SEQ-34;0,0;0,00;0,00;20,70;1,70;33,80;3,50;(0,00);0,00;2,30;31,50;31,50(10,80);21;50,58;1.709,74;0,23;0,00;1,00;;29/07/2026;29/09/2026;CST;S;2,30
3TEC0E22170;*** TECIDO LONDA C0R 32 DINOZOLLI BOOK 35/SEQ-15;0,0;0,00;8,40;1,60;24,50;3,50;0,00;(0,00);120,00;120,00;-116,50;3,50(1,90);21;50,83;177,89;0,11;0,00;1,00;;23/06/2026;22/09/2026;CST;S;81,20
3TEC0E22191;*** TECIDO TREVISO C0R 058 DINOZOLLI BOOK 36/SEQ-2 (ORG);1,5;0,00;8,60;0,00;7,50;20,50;0,00;(0,00);0,00;2,90;17,60;17,60(17,60);21;38,74;794,19;0,10;0,00;1,00;;08/05/2026;22/09/2026;CST;S;2,90
3TEC0E26003;***TECIDO KLAS COR NATURAL D009 PROMEX BOOK 38 SEQ 03;0,0;0,00;3,00;31,95;8,50;7,50;26,80;(0,00);51,90;205,20;-197,70;-145,80(-177,75);23;67,91;509,30;0,39;0,00;1,00;;29/09/2026;29/09/2026;CST;S;176,00
3TEC0E26006;***TECIDO BENTO ECO 36071 COR 09 INNOVAT BOOK 38 SEQ 06;0,0;29,50;0,00;30,10;9,00;3,00;23,60;(0,00);5,70;57,60;-54,60;-48,90(-79,00);23;55,50;166,49;0,66;0,00;1,00;;16/09/2026;28/09/2026;CST;S;57,60
3TEC0E26022;***TECIDO KLAS COR GRUTA D050 PROMEX BOOK 38 SEQ 22;0,0;14,80;35,00;10,30;15,40;7,90;17,30;(0,00);17,70;67,30;-59,40;-41,70(-52,00);23;64,15;506,79;0,67;0,00;1,00;;29/09/2026;10/09/2026;CST;S;67,30
3TEC0E26059;***TECIDO GUILHERME 16936/02 LARTEX BOOK 39 SEQ 11;0,0;0,00;0,00;9,50;0,00;4,50;0,00;(0,00);0,00;8,60;-4,10;-4,10(-13,60);23;36,30;163,36;0,11;0,00;1,00;;04/02/2026;11/08/2026;CST;S;8,60
3TEC0E26066;***TECIDO WINTER 160150 COR 180 INNOVAT BOOK 39 SEQ 18;0,0;0,00;0,00;9,70;2,75;29,70;1,85;(0,00);0,00;11,85;17,85;17,85(8,15);23;46,42;1.378,76;0,11;0,00;1,00;;25/05/2026;28/09/2026;CST;S;11,85
3TEC0EP290726;# TECIDO MAIORI COPACABANA - LARANJA/CINZA;0,0;0,00;0,00;0,00;0,00;0,00;0,00;(0,00);0,00;4,40;-4,40;-4,40(-4,40);21;0,00;0,00;0,00;0,00;1,00;;25/09/2026;01/01/1900;CST;S;4,40
3TEC0EP3855;# TECIDO KROYAL VIENA 3855;0,0;0,00;30,20;0,50;0,00;7,30;6,70;(0,00);0,00;2,00;5,30;5,30(4,80);21;21,51;156,99;0,34;0,00;1,00;;31/03/2026;04/09/2026;CST;S;2,00
3TEC0EPCHERRY;#TECIDO QUAKER EUROPA CHERRY;0,0;0,00;0,00;0,00;0,40;0,00;2,60;(0,00);0,00;2,60;-2,60;-2,60(-2,60);21;269,70;0,00;0,00;0,00;1,00;;15/09/2026;22/09/2026;CST;S;2,60
3TEC0EPLB3168;# TECIDO  COURINOS LISO KROYAL LE BAR ON LB 3168;0,0;0,00;0,00;0,00;0,00;0,00;0,00;(0,00);0,00;4,50;-4,50;-4,50(-4,50);21;0,00;0,00;0,00;0,00;1,00;;24/09/2026;01/01/1900;CST;S;4,50
3TEC0F10149;*** TECIDO SENNA C0R VERDE PROMEX BOOK 37/SEQ-19(ORG);1,9;5,40;4,80;23,60;32,90;3,00;0,00;(0,00);0,00;3,00;0,00;0,00(-23,60);21;37,83;113,48;0,38;0,00;1,00;;24/09/2026;18/09/2026;CST;S;3,00
3TEC0F11283;*** TECIDO VENEZA COR 460 CILINDRO 338 140740 AQUATEC FIAMA BOOK 25;1,8;25,00;5,50;12,10;0,10;8,20;6,30;(0,00);0,00;3,90;4,30;4,30(-7,80);21;32,40;265,67;0,47;0,00;1,00;;12/08/2026;23/09/2026;CST;S;3,90
3TEC0F11290;*** TECIDO VENEZA COR 460 CILINDRO 382 150687 AQUATEC FIAMA BOOK 25;0,0;11,00;0,00;4,10;21,20;0,00;0,00;(0,00);7,20;7,20;-7,20;0,00(-4,10);21;32,59;0,00;0,17;0,00;1,00;;28/08/2026;01/09/2026;CST;S;7,20
3TEC0F11295;*** TECIDO VENEZA COR 400 CILINDRO 03 4311 AQUATEC FIAMA  (4814/014) BOOK 25;1,3;3,60;3,60;1,90;3,40;0,00;0,00;(0,00);7,60;9,70;-9,70;-2,10(-4,00);21;42,96;0,00;0,10;0,00;1,00;;08/09/2026;11/09/2026;CST;S;2,10
3TEC0F11309;*** TECIDO VENEZA ALVEJADO CILINDRO 501 180450 AQUATEC FIAMA BOOK 25;0,0;0,00;10,80;17,00;3,00;0,00;0,00;(0,00);2,80;5,80;-5,80;-3,00(-20,00);21;32,59;0,00;0,31;0,00;1,00;;02/09/2026;09/09/2026;CST;S;5,80
3TEC0F11310;*** TECIDO VENEZA COR 400 CILINDRO 006 (4814/322) AQUATEC FIAMA BOOK 25;0,7;0,00;3,60;9,40;12,40;0,00;7,80;(0,00);0,00;10,20;-10,20;-10,20(-19,60);21;32,59;0,00;0,14;0,00;1,00;;21/09/2026;25/09/2026;CST;S;10,20
3TEC0F11320;*** TECIDO VENEZA COR 400 CILINDRO 007 7575 AQUATEC FIAMA BOOK 25;0,0;0,00;0,00;0,00;0,00;0,00;0,00;(0,00);20,30;27,20;-27,20;-6,90(-6,90);21;31,31;0,00;0,00;0,00;1,00;;22/09/2026;04/11/2025;CST;S;27,20
3TEC0F11330;*** TECIDO VENEZA COR 400 CILINDRO 014 4362 AQUATEC FIAMA BOOK 25;0,0;0,00;0,00;0,00;1,00;0,00;0,00;(0,00);0,00;2,40;-2,40;-2,40(-2,40);21;31,39;0,00;0,00;0,00;1,00;;11/02/2026;10/09/2026;CST;S;2,40
3TEC0F11334;*** TECIDO VENEZA COR 460  CILINDRO 385 150694 AQUATEC FIAMA BOOK 25;0,0;0,00;0,00;0,00;0,00;0,00;0,00;(0,00);14,30;14,30;-14,30;0,00(0,00);21;31,31;0,00;0,00;0,00;1,00;;30/09/2025;22/10/2025;CST;S;14,30
3TEC0F22155;*** TECIDO PIAVE C0R 32 DINOZOLLI BOOK 34/SEQ-44 (ORG);0,0;29,60;0,00;11,30;4,60;19,30;5,20;(0,00);0,00;5,20;14,10;14,10(2,80);21;37,49;723,58;0,45;0,00;1,00;;04/08/2026;29/09/2026;CST;S;5,20
3TEC0F22169;*** TECIDO TRENTO C0R 30 DINOZOLLI BOOK 35/SEQ-14 (ORG);2,95;20,85;4,30;21,70;2,10;27,70;13,00;(0,00);0,00;17,95;9,75;9,75(-11,95);21;34,95;968,00;0,52;0,00;1,00;;21/05/2026;22/09/2026;CST;S;17,95
3TEC0F22176;*** TECIDO TRENTO C0R 64 DINOZOLLI BOOK 35/SEQ-23 (ORG);0,3;11,00;30,70;31,60;16,60;12,50;0,00;(0,00);0,00;22,70;-10,20;-10,20(-41,80);21;35,10;438,79;0,81;0,00;1,00;;21/05/2026;23/09/2026;CST;S;22,70
3TEC0F22184;*** TECIDO TRENTO C0R 32 DINOZOLLI BOOK 35/SEQ-37 (ORG);0,0;13,10;19,10;28,00;34,05;19,60;16,65;(0,00);0,00;16,65;2,95;2,95(-25,05);21;35,01;686,22;0,67;0,00;1,00;;16/09/2026;24/09/2026;CST;S;16,65
3TEC0F22238;*** TECIDO TRENTO C0R 15 DINOZOLLI BOOK 37/SEQ-34 (ORG);7,2;21,20;20,00;11,00;4,40;38,10;13,60;(0,00);0,00;33,00;5,10;5,10(-5,90);21;35,08;1.336,43;0,58;0,00;1,00;;28/09/2026;28/09/2026;CST;S;13,60
3TEC0G10099;*** TECIDO JACQUARD MESC 15874/07 LARTEX BOOK 33/SEQ-16 (ORG);0,0;0,00;0,00;37,00;0,40;0,00;18,40;(0,00);17,00;19,60;-19,60;-2,60(-39,60);22;34,95;0,00;0,41;0,00;1,00;;15/09/2026;21/09/2026;CST;S;19,60
3TEC0G22068;*** TECIDO SUEDINE C0R071 DINOZOLLI BOOK 32/SEQ-15 (ORG);14,9;20,50;33,90;7,20;3,80;41,30;24,70;(0,00);0,00;37,10;4,20;4,20(-3,00);21;34,53;1.426,17;0,68;0,00;1,00;;23/09/2026;29/09/2026;CST;S;37,10
3TEC0G22071;*** TECIDO SUEDINE C0R079 DINOZOLLI BOOK 32/SEQ-18 (ORG);25,5;15,50;7,30;26,80;9,40;19,50;0,00;(0,00);0,00;17,40;2,10;2,10(-24,70);21;31,78;619,69;0,55;0,00;1,00;;21/07/2026;02/09/2026;CST;S;9,90
3TEC0G22088;*** TECIDO SUEDINE  C0R 116 DINOZOLLI BOOK 32/SEQ-41 (ORG);0,2;0,00;15,70;0,00;22,50;27,00;0,00;(0,00);19,70;31,10;-4,10;15,60(15,60);21;31,42;848,23;0,17;0,00;1,00;;08/09/2026;23/09/2026;CST;S;28,50
3TEC0G22154;*** TECIDO SUEDINE C0R 032 DINOZOLLI BOOK 34/SEQ-43 (ORG);17,2;1,00;4,30;6,40;0,00;31,50;1,90;(0,00);0,00;17,90;13,60;13,60(7,20);21;31,25;984,50;0,13;0,00;1,00;;28/09/2026;21/08/2026;CST;S;17,90
3TEC0H26064;***TECIDO LISO ECO II 36156 COR 113 INNOVAT BOOK 39 SEQ 16;50,7;7,50;50,90;36,90;8,50;0,00;37,00;(0,00);28,20;98,30;-98,30;-70,10(-107,00);23;24,11;0,00;1,06;0,00;1,00;;28/09/2026;28/09/2026;CST;S;75,90
3TEC0P11241;TECIDO PIETRA C0R 5382 LADY BOOK 35/SEQ-24 (BOO) (AMA);2,0;12,00;8,50;2,00;1,80;0,00;9,20;(0,00);6,30;15,50;-15,50;-9,20(-11,20);21;223,16;0,00;0,25;0,00;1,00;;15/09/2026;28/09/2026;CST;S;15,50
3TEC0P26041;***TECIDO LONA STONEWASHED MINERAL COR 4350 CLAUTEX BOOK 38 SEQ41;0,0;0,00;0,00;10,50;0,00;12,50;0,00;(0,00);12,40;12,40;0,10;12,50(2,00);23;14,09;176,06;0,12;0,00;1,00;;20/01/2026;11/08/2026;CST;S;12,40
3TEC0PHEASANT;# TECIDO QUAKER DONATELLO PHEASANT;0,0;0,00;0,00;0,00;1,50;0,00;0,00;(0,00);0,00;2,40;-2,40;-2,40(-2,40);21;0,00;0,00;0,00;0,00;1,00;;15/09/2026;25/09/2026;CST;S;2,40
3TEC0PISTACHIO;#  TECIDO VELVELUX PISTACHIO;0,0;0,00;0,00;0,00;0,00;0,00;0,00;(0,00);2,40;2,40;-2,40;0,00(0,00);21;0,00;0,00;0,00;50,00;50,00;;01/01/1900;01/01/1900;CST;S;2,40
3CH00900AAMDFN;MDF NOGUEIRA AMERICANO - 2750 X 1830 X 9MM - A/A;27,5;72,95;28,45;33,55;24,91;127,15;19,16;(9,00);0,00;23,82;103,33;103,33(69,78);30;171,76;21.838,95;1,50;101,75;101,75;;03/08/2026;29/09/2026;MIN;S;22,23
3CH00900AAMDFS;MDF  CARVALHO - 2750 X 1830 X 9 MM  - A/A;29,175;19,10;47,62;42,95;22,36;81,39;5,01;(9,00);0,00;13,42;67,97;67,97(25,03);30;94,21;7.667,85;1,22;101,75;101,75;;05/05/2026;29/09/2026;MIN;S;13,42
3CH012000MDP0;!AGLOMERADO CRU - 2750 X 2200 X 12 MM - D;910,301;424,37;298,99;528,79;345,24;1.512,50;193,82;(242,88);0,00;363,07;1.149,43;1.149,43(620,64);30;18,19;27.506,33;13,91;242,88;242,88;CODIGO ANTIGO 3AGL1205275;06/07/2026;29/09/2026;MIN;S;239,11
3CH015BP0017;!MDP BP FRASSINO ALMENDRA PORO - 2750 X 1850 X 15MM - 2F - B;97,922;66,43;71,95;147,04;65,72;35,54;34,37;(213,68);213,68;35,68;-0,14;213,54(66,50);30;32,83;1.166,91;3,17;213,68;213,68;;13/07/2026;29/09/2026;MIN;S;30,74
3CH015BP0031;MDF BP BRANCO TX - 2750 X 1840 X 15 MM - 2F - D;30,075;16,70;28,78;24,61;13,18;101,21;11,89;(213,68);0,00;62,06;39,16;39,16(14,55);30;29,91;3.026,98;0,78;213,68;213,68;;12/01/2026;29/09/2026;MIN;S;36,16
3CH015BP0056;MDF GRAFITE MAT LINHA COLORS 2750X1850X15MM - GUARARAPES;16,403;21,61;24,87;5,40;12,97;50,88;7,92;(5,06);0,00;36,50;14,38;14,38(8,97);30;62,99;3.204,53;0,58;5,06;5,06;;21/09/2026;29/09/2026;MIN;S;9,37
3CH015BP0080;MDP BP CINZA COBALTO MICRO - 2750 X 1850 X 15MM - 2F - B;83,839;74,06;59,08;70,34;84,40;236,80;37,35;(0,00);0,00;130,19;106,60;106,60(36,26);30;32,48;7.691,58;2,26;213,68;213,68;CODIGO ANTIGO 3CH015BP0013;23/07/2026;29/09/2026;MIN;S;69,69
3CH018000MDF0;!MDF CRU - 2750 X 1840 X 18 MM - D;1572,263;1.046,21;2.295,42;1.274,55;1.075,63;1.504,25;482,92;(1.168,86);1.275,12;858,46;645,79;1.920,91(646,36);30;29,33;44.111,98;51,29;182,16;182,16;CODIGO ANTIGO 3MDF1800000;18/09/2026;29/09/2026;MIN;S;826,36
3CH018000MDF1;!MDF BRANCO LISO LSF - 2750 X 1840 X 18 MM - 2F - D;283,622;261,89;202,07;374,95;177,63;342,28;96,15;(501,00);182,16;168,78;173,50;355,66(-19,29);30;36,94;12.643,10;9,32;182,16;182,16;CODIGO ANTIGO 3MDF180000L;09/09/2026;29/09/2026;MIN;S;146,51
3CH018000MDP0;!AGLOMERADO CRU - 2750 X 1850 X 18 MM - D;250,295;184,14;253,11;308,77;181,16;503,87;63,49;(182,16);0,00;252,67;251,20;251,20(-57,58);30;30,97;15.602,84;8,29;182,16;182,16;CODIGO ANTIGO 3AGL1205275;29/09/2026;29/09/2026;MIN;S;184,15
3CH018000MDP1;!MDP BP BRANCO ARTICO LISO - 2750 X 1840 X 18 MM - 2F - D;552,376;506,70;419,15;502,52;324,23;445,23;221,98;(2.798,00);0,00;590,59;-145,36;-145,36(-647,88);30;29,78;13.258,98;15,87;182,16;182,16;CODIGO ANTIGO 3MDF18000LI;18/08/2026;29/09/2026;MIN;S;404,93
3CH018BP0017;MDP BP FRASSINO ALMENDRA PORO - 2750 X 1850 X 18MM - 2F - B;104,876;139,72;280,46;160,91;210,16;273,60;91,53;(448,00);0,00;272,28;1,31;1,31(-159,59);30;34,98;9.571,21;6,46;183,15;183,15;;11/09/2026;29/09/2026;MIN;S;156,15
3CH018BP0031;MDP BP BRANCO TX - 2750 X 1840 X 18 MM - 2F - D;855,594;848,12;685,56;531,78;247,35;1.914,37;119,71;(182,16);0,00;927,40;986,97;986,97(455,19);30;30,16;57.737,43;22,95;182,16;182,16;;03/08/2026;29/09/2026;MIN;S;390,72
3CH018BP0043;MDP BP FREIJO - 2750 X 1850 X 18 MM (FORN: LOURO FREIJO) - B;190,96;292,52;83,96;104,59;141,30;18,87;327,77;(183,15);183,15;596,73;-577,86;-394,71(-499,30);30;37,60;709,61;5,35;183,15;183,15;CODIGO ANTIGO 3MDFBP06PRE;23/07/2026;29/09/2026;MIN;S;482,69
3CH018BP0057;MDP BP DARK - 2750 X 1850 X 18 MM (FORN: PRETO DESIGN) - 2F - B;14,404;37,12;95,67;108,16;31,56;81,40;24,09;(183,15);183,15;74,05;7,35;190,50(82,34);30;34,11;2.776,43;2,68;183,15;183,15;;16/03/2026;29/09/2026;MIN;S;73,81
3CH018BP0059;MDP BP SEPIA - 2750 X 1850 X 18 MM (FORN: NOGUEIRA THAR) - 2F - D;236,691;130,57;246,85;262,45;220,91;354,16;96,14;(182,16);0,00;290,67;63,49;63,49(-198,97);30;40,33;14.281,69;7,11;182,16;182,16;;16/09/2026;29/09/2026;MIN;S;229,44
3CH018BP0060;!MDP BP DAKAR - 2750 X 1850 X 18 MM (FORN: PEROLA URBANA) - 2F - D;514,94;616,44;415,45;398,60;606,52;1.057,54;107,80;(182,16);0,00;1.016,87;40,68;40,68(-357,92);45;38,12;40.311,31;15,89;182,16;182,16;;09/09/2026;29/09/2026;MIN;S;330,94
3CH018BP0064;MDP BP JACARANDA - 2750 X 1850 X 18 MM (FORN: CACAU GRANN) - B;318,788;120,06;239,25;484,35;444,71;468,15;207,86;(183,15);366,30;1.664,60;-1.196,46;-830,16(-1.314,51);30;39,16;18.332,64;9,37;183,15;183,15;;03/09/2026;29/09/2026;MIN;S;943,21
3CH018BP0065;MDP BP OAK - 2750 X 1850 X 18 MM (FORN: CARVALHO MALVA) - D;209,356;162,51;61,66;163,15;226,22;187,71;185,38;(182,16);182,16;357,03;-169,32;12,84(-150,32);30;37,06;6.956,23;4,30;182,16;182,16;;09/09/2026;29/09/2026;MIN;S;218,97
3CH018BP0066;MDP BP STEEL - 2750 X 1850 X 18 MM (FORN: METALIC SUEDE) - B;249,803;262,40;281,32;239,98;329,66;401,86;125,05;(183,15);183,15;831,41;-429,55;-246,40(-486,37);30;38,05;15.292,13;8,71;183,15;183,15;;11/09/2026;29/09/2026;MIN;S;265,28
3CH018BP0069;MDP BP ASPARGO - 2750 X 1850 X 18 MM (FORN: VERTI MICRO) - B;250,054;287,28;227,85;206,65;205,84;427,32;217,39;(183,15);0,00;537,55;-110,23;-110,23(-316,88);30;36,98;15.800,23;8,02;183,15;183,15;;03/09/2026;29/09/2026;MIN;S;339,25
3CH018BP0070;MDP BP CARBONO MICRO - 2750 X 1850 X 18 MM (FORN: CHUMBO) - 2F - B;180,52;174,46;85,31;346,35;87,55;239,10;77,00;(183,15);0,00;599,56;-360,46;-360,46(-706,81);30;38,29;9.156,06;6,73;183,15;183,15;;20/07/2026;29/09/2026;MIN;S;285,22
3CH018BP0071;MDP BP CENTEIO - 2750 X 1850 X 18 MM (FORN: BAURU) - 2F - B;103,862;137,95;133,98;68,39;53,86;194,28;15,50;(183,15);183,15;134,96;59,32;242,47(174,08);30;38,17;7.415,32;3,78;183,15;183,15;;13/08/2026;29/09/2026;MIN;S;120,12
3CH018BP0072;MDP BP COALA - 2750 X 1850 X 18 MM (FORN: OPERA) - 2F - B;62,332;132,64;158,42;169,48;139,11;259,33;71,97;(183,15);183,15;409,56;-150,23;32,92(-136,55);30;36,07;9.353,85;5,12;183,15;183,15;;11/09/2026;29/09/2026;MIN;S;235,81
3CH018BP0073;MDP BP MALTE - 2750 X 1850 X 18 MM (FORN: TAUPE) - 2F - B;115,415;69,66;75,71;186,79;105,44;103,89;59,88;(183,15);183,15;246,33;-142,44;40,71(-146,09);30;35,87;3.726,63;3,69;183,15;183,15;;23/07/2026;29/09/2026;MIN;S;150,25
3CH018BP0074;MDF BP CONCRETO - 2750X1850X18 MM (FORN: GIANDUIA VELUTTO) -C/PELICULA -D;234,917;341,88;96,81;182,73;215,07;627,44;69,61;(0,00);0,00;359,94;267,50;267,50(84,77);45;46,68;29.287,64;6,90;182,16;182,16;;04/08/2026;29/09/2026;MIN;S;210,24
3CH018BP0076;MDP BP BLONDER - 2750 X 1850 X 18 MM (FORN: OASIS) - D;30,400000000000002;12,72;22,24;7,69;15,92;116,38;4,15;(0,00);0,00;55,96;60,42;60,42(52,73);30;37,67;4.384,03;0,47;182,16;182,16;;13/01/2026;28/09/2026;MIN;S;4,13
3CH018BP0077;MDF BP ROSA CHA - 2750 X 1850 X 18 MM (FORN: ROSA INFINITO) - D;122,56099999999999;85,05;71,46;111,96;119,07;289,78;42,92;(0,00);0,00;124,49;165,29;165,29(53,33);45;45,06;13.058,18;2,98;182,16;182,16;;16/09/2026;29/09/2026;MIN;S;108,48
3CH018BP0079;!MDP BP QUINOA - 2750 X 1850 X 18 MM (FORN: NUDE MICRO) - 2F - B;502,496;1.145,63;1.472,58;1.585,07;893,39;1.690,65;265,09;(183,15);0,00;1.408,40;282,25;282,25(-1.302,82);30;37,22;62.917,35;46,70;183,15;183,15;CODIGO ANTIGO 3CH018BP0052;03/09/2026;29/09/2026;MIN;S;746,73
3CH018BP0080;MDP BP CINZA COBALTO MICRO - 2750 X 1850 X 18 MM - 2F - B;187,858;310,94;404,48;369,65;203,95;560,12;60,55;(0,00);0,00;311,82;248,30;248,30(-121,35);30;37,09;20.774,14;12,06;183,15;183,15;CODIGO ANTIGO 3CH018BP0013;03/09/2026;29/09/2026;MIN;S;231,69
3CH018BP0086;MDP BP ARABICA - 2750 X 1850 X 18 MM (FORN: ITAPUA ESSENCIAL) - D;192,445;259,82;353,82;355,78;289,68;436,67;61,72;(0,00);0,00;534,24;-97,58;-97,58(-453,36);30;41,79;18.247,36;10,77;182,16;182,16;;22/09/2026;29/09/2026;MIN;S;121,77
3CH018BP0087;MDP BP AMARANTO - 2750 X 1850 X 18 MM (FORN: TEKA SOHO THERA) - D;307,576;316,18;393,04;700,61;368,21;645,67;140,67;(0,00);0,00;559,56;86,11;86,11(-614,49);30;41,77;26.967,18;15,66;182,16;182,16;;08/09/2026;29/09/2026;MIN;S;518,65
3CH018BP0088;MDP BP AVELA-2750X1850X18MM (FORN: NOGUEIRA ASTI                                                                        ESSENCIAL WOOK) -D;468,26;463,26;976,22;817,08;640,59;56,16;672,55;(0,00);546,48;2.431,89;-2.375,73;-1.829,25(-2.646,33);30;41,65;2.338,57;25,07;182,16;182,16;;09/09/2026;29/09/2026;MIN;S;1.347,15
3CH018BP0093;MDP BP LINHACA - 2750 X 1850 X 18 MM (FORN: ARTEZZANO GRANN) - B;14,246;50,16;92,14;10,74;16,74;264,55;26,75;(0,00);0,00;61,86;202,69;202,69(191,95);30;36,59;9.679,09;1,70;183,15;183,15;;16/03/2026;28/09/2026;MIN;S;53,95
3CH018BP0094;MDP BP PORCELANA-2750 X1850 X18MM (FORN: OFF WHITE ESSENCIAL) - D;1470,337;2.026,92;2.057,25;2.030,53;1.929,19;910,16;1.855,68;(0,00);2.185,92;5.487,08;-4.576,92;-2.391,00(-4.421,53);30;35,91;32.683,74;67,94;182,16;182,16;;09/09/2026;29/09/2026;MIN;S;3.987,44
3CH0190000MDPN;AGLOMERADO NOGUEIRA AMERICANO - 2750 X 1830 X 19 MM - (A/B);14,922;48,60;26,86;39,83;27,46;117,01;23,63;(5,00);0,00;31,85;85,16;85,16(45,34);30;162,14;18.973,00;1,28;101,75;101,75;CODIGO ANTIGO 3LAM190000S;03/08/2026;28/09/2026;MIN;S;25,27
3CH0190000MDPS;AGLOMERADO CARVALHO - 2750 X 1830 X 19 MM  - (A/A);98,776;183,30;87,10;55,11;92,92;188,59;36,79;(1.053,00);0,00;65,41;123,18;123,18(68,07);30;100,94;19.036,36;3,62;101,75;101,75;CODIGO ANTIGO 3LAM190000S;04/09/2026;29/09/2026;MIN;S;51,76
3CH01900AAMDPGR;MDP GRANOLA - 2750 X 1830 X 19 MM (LOURO PARDO) - (A/A);70,33500000000001;33,38;25,17;20,07;17,80;122,50;10,26;(0,00);0,00;10,11;112,39;112,39(92,32);30;103,10;12.629,45;0,87;50,60;0,00;;03/04/2025;29/09/2026;MIN;S;7,05
3CH01900AAMDPN;AGLOMERADO NOGUEIRA AMERICANO - 2750 X 1830 X 19 MM  - (A/A);39,247;53,66;40,15;79,02;62,91;23,64;60,33;(5,00);101,75;62,04;-38,40;63,35(-15,67);30;160,97;3.804,57;1,92;101,75;101,75;;01/06/2026;29/09/2026;MIN;S;37,60
3CH01900ACMDPBR;MDP BARU - 2750 X 1830 X 19 MM (LOURO PRETO) -(A/C);0,0;3,24;9,19;0,18;0,71;40,69;2,20;(0,00);0,00;7,91;32,79;32,79(32,61);30;96,37;3.921,50;0,14;50,60;0,00;;02/02/2026;28/09/2026;MIN;S;1,72
3CH01900ACMDPGR;MDP GRANOLA - 2750 X 1830 X 19 MM (LOURO PARDO) -(A/C);7,323;18,95;0,91;32,11;37,94;40,67;12,20;(0,00);50,88;2,55;38,12;89,00(56,88);30;78,60;3.196,66;0,58;50,60;0,00;;01/06/2026;29/09/2026;MIN;S;0,78
3CH01900ACMDPN;AGLOMERADO NOGUEIRA AMERICANO - 2750 X 1830 X 19 MM  - (A/C);333,875;277,19;249,46;317,23;329,92;80,15;173,35;(5,00);305,25;232,37;-152,23;153,02(-164,21);30;110,89;8.887,63;9,38;101,75;101,75;;01/09/2026;29/09/2026;MIN;S;191,71
3CH01900ACMDPS;AGLOMERADO CARVALHO - 2750 X 1830 X 19 MM -(A/C);227,10399999999998;167,04;232,66;438,99;221,66;211,62;71,82;(1.053,00);203,50;100,89;110,73;314,23(-124,76);30;78,72;16.657,49;9,32;101,75;101,75;;01/09/2026;29/09/2026;MIN;S;89,92
3CH0190AAMDPFL;MDP FREIJO LAVADO - 2750 X 1830 X 19 MM - (A/A);289,747;192,82;181,86;239,59;196,19;147,56;189,67;(5,03);203,50;225,14;-77,59;125,91(-113,68);30;113,62;16.764,46;6,83;101,75;101,75;;01/09/2026;29/09/2026;MIN;S;189,69
3CH0190ACMDPFL;!MDP FREIJO LAVADO - 2750 X 1830 X 19 MM -(A/C);441,455;326,70;347,17;458,05;466,36;0,00;394,46;(5,03);508,75;415,56;-415,56;93,19(-364,86);30;87,51;0,00;12,58;101,75;101,75;;01/09/2026;29/09/2026;MIN;S;287,38
3CH01936ACMDPFL;MDF FREIJO LAVADO - 3620 X 1350 X 19 MM -(A/C);87,818;58,54;70,10;55,13;34,96;102,62;14,67;(0,00);0,00;34,23;68,39;68,39(13,26);30;155,50;15.957,36;2,04;4,89;0,00;;01/09/2026;29/09/2026;MIN;S;24,45
3CH01936ACMDPN;MDF NOGUEIRA AMERICANO - 3620 X 1350 X 19 MM -(A/C);74,17699999999999;96,26;61,84;68,82;83,48;29,32;47,80;(0,00);0,00;62,46;-33,14;-33,14(-101,95);30;228,38;6.696,76;2,52;4,89;0,00;;01/09/2026;29/09/2026;MIN;S;57,57
3CH01936ACMDPS;MDF CARVALHO - 3620 X 1350 X 19 MM -(A/C);39,415;40,81;76,24;39,39;48,90;34,21;4,89;(0,00);0,00;4,89;29,32;29,32(-10,07);30;145,70;4.984,61;1,74;4,89;0,00;;01/09/2026;29/09/2026;MIN;S;4,89
3CH020000CMPI;COMPENSADO IMBUIA FLEXIVEL - 2750 X 1840 X 1.8 MM;59,387;94,18;27,17;63,95;68,51;20,34;72,43;(111,00);101,75;99,91;-79,57;22,18(-41,77);30;55,97;1.138,24;2,06;101,75;101,75;CODIGO ANTIGO 3CMP1800220;03/08/2026;28/09/2026;MIN;S;99,91
3CH020000CMPJU;MDF JUA FLEXIVEL - 2750 X 1840 X 1.8 MM (FREIJO STRONO);0,0;8,26;0,10;0,22;3,71;76,31;21,84;(0,00);0,00;1,24;75,07;75,07(74,85);30;56,55;4.315,39;0,10;50,60;0,00;;20/01/2026;15/09/2026;MIN;S;1,24
3CH020000CMPN;COMPENSADO NOGUEIRA AMERICANO - 2750 X 1840 X 1.8 MM;173,878;175,45;221,43;283,38;246,29;46,90;96,84;(220,00);305,25;139,01;-92,11;213,14(-70,24);30;86,70;4.066,58;7,56;101,75;101,75;CODIGO ANTIGO 3CMP00CAR18;01/09/2026;29/09/2026;MIN;S;138,28
3CH020000CMPS;COMPENSADO CARVALHO FLEXIVEL - 2750 X 1840 X 1.8 MM -;138,618;79,17;96,16;109,59;153,39;0,00;51,52;(142,00);203,50;120,05;-120,05;83,45(-26,15);30;47,91;0,00;3,17;101,75;101,75;CODIGO ANTIGO 3CMP00CAR18;03/08/2026;28/09/2026;MIN;S;120,05
3CH020000HDFFL;!HDF FLEXIVEL FREIJO LAVADO - 2750 X 1840 X 1.8 MM;258,217;356,53;241,99;285,64;207,49;233,99;104,51;(44,00);203,50;72,69;161,30;364,80(79,16);30;64,76;15.152,13;9,82;101,75;101,75;;01/09/2026;29/09/2026;MIN;S;72,25
3CH0250000MDPS;AGLOMERADO CARVALHO - 2750 X 1850 X 25 MM - (A/A);9,56;13,00;5,13;20,67;5,61;101,74;8,73;(67,00);0,00;23,21;78,53;78,53(57,86);30;104,59;10.640,69;0,43;101,75;101,75;CODIGO ANTIGO 3LAM250000S;20/01/2026;28/09/2026;MIN;S;2,19
3CH025000MDF0;!MDF CRU - 2750 X 1840 X 25 MM - D;190,789;265,02;293,29;245,79;221,45;158,53;72,76;(121,44);364,32;134,35;24,18;388,50(142,72);30;41,93;6.647,36;8,93;121,44;121,44;CODIGO ANTIGO 3MDF2500000;01/09/2026;29/09/2026;MIN;S;98,86
3CH025000MDF1;!MDF BRANCO LISO LSF - 2750 X 1840 X 25 MM - 2F - D;44,903999999999996;43,59;61,35;60,09;15,03;65,79;10,38;(121,44);121,44;39,59;26,20;147,64(87,55);30;57,45;3.779,61;1,83;121,44;121,44;CODIGO ANTIGO 3MDF250000L;22/07/2026;28/09/2026;MIN;S;38,15
3CH025000MDP1;MDP BP BRANCO ARTICO LISO - 2750 X 1840 X 25 MM - 2F - D;38,315;21,79;18,32;10,69;22,56;127,52;12,03;(121,44);0,00;47,20;80,32;80,32(69,64);30;56,40;7.191,93;0,56;121,44;121,44;CODIGO ANTIGO 3MDF25000LI;09/09/2026;29/09/2026;MIN;S;18,80
3CH02500AAMDPGR;MDP GRANOLA - 2750 X 1850 X 25 MM (LOURO PARDO) - (A/A);64,939;33,86;7,96;1,40;8,15;86,48;0,38;(0,00);0,00;4,24;82,25;82,25(80,85);30;111,61;9.651,94;0,48;50,60;0,00;;06/07/2026;29/09/2026;MIN;S;0,36
3CH02500ACMDPN;AGLOMERADO NOGUEIRA AMERICANO - 2750 X 1830 X 25 MM -  (A/C);29,467000000000002;13,05;59,65;63,92;30,33;76,28;17,00;(9,00);0,00;17,66;58,62;58,62(-5,30);30;117,03;8.926,97;1,52;101,75;101,75;;01/09/2026;29/09/2026;MIN;S;15,56
3CH02500ACMDPS;AGLOMERADO CARVALHO - 2750 X 1850 X 25 MM -  (A/C);31,893;10,74;38,66;36,78;45,30;50,86;15,66;(67,00);0,00;11,80;39,06;39,06(2,28);30;87,42;4.445,63;0,96;101,75;101,75;;19/08/2026;28/09/2026;MIN;S;11,80
3CH0250AAMDPFL;MDP FREIJO LAVADO - 2750 X 1830 X 25 MM - (A/A);34,815;12,43;27,80;34,78;44,11;79,70;65,32;(9,00);0,00;52,17;27,53;27,53(-7,25);30;118,20;9.420,34;0,83;101,75;101,75;;03/08/2026;29/09/2026;MIN;S;44,79
3CH0250ACMDPFL;MDP FREIJO LAVADO - 2750 X 1830 X 25 MM - (A/C);38,912;32,03;111,10;117,84;126,52;101,84;23,45;(9,00);101,75;13,17;88,67;190,42(72,58);30;95,97;9.772,79;2,90;101,75;101,75;;03/08/2026;29/09/2026;MIN;S;11,00
3CH025BP0017;MDP BP FRASSINO ALMENDRA PORO - 2750 X 1850 X 25 - 2F - B;10,276;26,62;43,12;19,64;39,55;167,86;4,39;(29,00);0,00;39,25;128,61;128,61(108,97);30;44,87;7.531,54;0,99;132,28;132,28;;16/10/2025;28/09/2026;MIN;S;10,81
3CH025BP0031;MDP BP BRANCO TX - 2750 X 1840 X 25 MM - 2F - D;183,512;145,43;107,09;81,29;65,86;273,28;18,84;(121,44);0,00;202,43;70,84;70,84(-10,45);30;42,17;11.524,36;3,71;121,44;121,44;;10/07/2026;29/09/2026;MIN;S;101,13
3CH025BP0043;!MDP BP FREIJO - 2750 X 1850 X 25 MM (FORN: LOURO FREIJO) - B;72,578;83,30;93,69;17,69;26,86;60,47;76,59;(132,28);132,28;126,77;-66,30;65,98(48,29);30;68,73;4.156,28;2,16;132,28;132,28;CODIGO ANTIGO 3MDFBP06PRE;23/07/2026;29/09/2026;MIN;S;98,96
3CH025BP0054;#MDP BP SAIBRO - 2750 X 1850 X 25 MM (FORN: CERAMIK) - 2F - B;4,321;0,00;0,00;0,00;10,22;40,47;4,84;(121,44);0,00;14,10;26,37;26,37(26,37);30;32,27;1.306,22;0,00;132,28;131,56;;27/09/2021;29/09/2026;MIN;S;9,20
3CH025BP0057;MDP BP DARK - 2750 X 1850 X 25 MM (FORN: PRETO DESIGN) - 2F - B;7,26;18,96;17,30;15,35;0,97;137,37;0,19;(132,28);0,00;3,93;133,44;133,44(118,09);30;50,60;6.951,25;0,57;132,28;132,28;;26/02/2026;25/09/2026;MIN;S;3,93
3CH025BP0059;MDP BP SEPIA - 2750 X 1850 X 25 MM (FORN: NOGUEIRA THAR) - 2F - D;25,548000000000002;23,92;53,50;48,78;36,37;175,77;17,76;(121,44);0,00;45,25;130,52;130,52(81,74);30;63,18;11.105,02;1,40;121,44;121,44;;16/09/2026;29/09/2026;MIN;S;39,69
3CH025BP0060;!MDP BP DAKAR - 2750 X 1850 X 25 MM (FORN: PEROLA URBANA) - 2F - D;65,637;91,12;52,77;42,16;84,18;211,66;16,40;(121,44);0,00;122,48;89,17;89,17(47,02);30;51,62;10.925,00;2,07;121,44;121,44;;09/09/2026;29/09/2026;MIN;S;43,87
3CH025BP0064;MDP BP JACARANDA - 2750 X 1850 X 25 MM (FORN: CACAU GRANN) - B;61,578;7,27;40,90;33,91;111,06;152,62;71,51;(132,28);132,28;277,13;-124,51;7,77(-26,14);30;50,79;7.752,03;0,91;132,28;132,28;;03/09/2026;29/09/2026;MIN;S;154,33
3CH025BP0065;MDP BP OAK - 2750 X 1850 X 25 MM (FORN: CARVALHO MALVA) - D;36,882;33,72;23,52;22,58;26,20;125,35;26,59;(121,44);0,00;55,39;69,97;69,97(47,39);30;53,93;6.759,97;0,89;121,44;121,44;;31/07/2026;29/09/2026;MIN;S;30,71
3CH025BP0066;MDP BP STEEL - 2750 X 1850 X 25 MM (FORN: METALIC SUEDE) - B;23,736;56,21;31,91;39,65;68,25;105,86;13,71;(132,28);132,28;148,40;-42,54;89,74(50,09);30;49,60;5.250,56;1,42;132,28;132,28;;23/07/2026;29/09/2026;MIN;S;45,47
3CH025BP0069;MDP BP ASPARGO - 2750 X 1850 X 25 MM (FORN: VERTI MICRO) - B;37,383;35,00;29,01;26,85;22,77;81,85;13,68;(132,28);132,28;67,17;14,68;146,95(120,11);30;48,34;3.956,63;1,01;132,28;132,28;;01/06/2026;29/09/2026;MIN;S;21,93
3CH025BP0070;MDP BP CARBONO MICRO - 2750 X 1850 X 25 MM (FORN: CHUMBO) - 2F - B;30,928;19,64;28,65;44,22;7,41;162,78;20,09;(132,28);0,00;146,80;15,98;15,98(-28,24);30;51,22;8.337,93;1,03;132,28;132,28;;20/07/2026;29/09/2026;MIN;S;53,53
3CH025BP0071;MDP BP CENTEIO - 2750 X 1850 X 25 MM (FORN: BAURU) - 2F - B;3,346;11,06;10,29;3,82;3,15;187,94;0,97;(132,28);0,00;22,80;165,14;165,14(161,32);30;49,06;9.220,84;0,28;132,28;132,28;;15/06/2026;29/09/2026;MIN;S;22,80
3CH025BP0072;MDP BP COALA - 2750 X 1850 X 25 MM (FORN: OPERA) - 2F - B;20,12;12,81;59,21;10,56;23,67;125,86;7,56;(132,28);0,00;67,47;58,39;58,39(47,83);30;47,71;6.005,14;0,92;132,28;132,28;;12/06/2026;29/09/2026;MIN;S;31,01
3CH025BP0073;MDP BP MALTE - 2750 X 1850 X 25 MM (FORN: TAUPE) - 2F - B;23,846;2,76;6,72;31,27;41,87;188,96;11,06;(132,28);0,00;42,40;146,57;146,57(115,29);30;44,02;8.318,30;0,45;132,28;132,28;;11/09/2026;24/09/2026;MIN;S;28,39
3CH025BP0074;MDF BP CONCRETO - 2750X1850X25 MM (FORN: GIANDUIA VELUTTO) - C/ PELICULA - D;46,275;48,95;11,43;38,95;55,87;119,21;14,31;(0,00);0,00;56,00;63,21;63,21(24,26);45;58,99;7.031,66;1,10;121,44;121,44;;04/08/2026;29/09/2026;MIN;S;22,10
3CH025BP0076;MDP BP BLONDER - 2750 X 1850 X 25 MM (FORN: OASIS) - D;7,8389999999999995;0,54;4,09;0,21;0,43;121,44;0,11;(0,00);0,00;3,82;117,62;117,62(117,41);30;51,50;6.254,14;0,05;121,44;121,44;;04/08/2025;28/09/2026;MIN;S;0,10
3CH025BP0077;MDF BP ROSA CHA - 2750 X 1850 X 25 MM (FORN: ROSA INFINITO) - D;32,410000000000004;8,90;26,52;10,80;6,04;81,61;2,69;(0,00);0,00;22,03;59,58;59,58(48,78);45;54,28;4.429,79;0,51;121,44;121,44;;29/01/2026;29/09/2026;MIN;S;22,03
3CH025BP0079;!MDP BP QUINOA - 2750 X 1850 X 25 MM (FORN: NUDE MICRO) - 2F - B;79,96;145,33;187,60;192,58;98,11;340,09;28,52;(132,28);0,00;328,73;11,36;11,36(-181,22);30;49,38;16.794,47;5,84;132,28;132,28;CODIGO ANTIGO 3CH025BP0052;03/09/2026;29/09/2026;MIN;S;131,39
3CH025BP0080;MDP BP CINZA COBALTO MICRO - 2750 X 1850 X 25M - 2F - B;18,69;53,08;62,49;50,29;26,52;186,56;5,88;(0,00);0,00;32,90;153,65;153,65(103,36);30;50,18;9.361,67;1,84;132,28;132,28;CODIGO ANTIGO 3CH025BP0013;13/08/2026;29/09/2026;MIN;S;25,84
3CH025BP0081;# MDP BP CINZA ARGILA MICRO - 2750 X 1850 X 25 MM - 2F - B;2,536;0,00;0,00;1,00;72,58;0,00;25,35;(0,00);0,00;13,84;-13,84;-13,84(-14,84);30;45,08;0,00;0,01;132,28;132,28;CODIGO ANTIGO 3CH025BP0012;04/08/2025;25/09/2026;MIN;S;13,84
3CH025BP0086;MDP BP ARABICA - 2750 X 1850 X 25 MM (FORN: ITAPUA ESSENCIAL) - D;24,646;50,83;45,21;44,60;58,83;74,48;18,04;(0,00);0,00;192,75;-118,27;-118,27(-162,87);30;61,19;4.557,16;1,56;121,44;121,44;;14/07/2026;29/09/2026;MIN;S;30,99
3CH025BP0087;MDP BP AMARANTO - 2750 X 1850 X 25 MM (FORN: TEKA SOHO THERA) - D;129,75;57,70;85,04;84,25;31,91;220,75;16,66;(0,00);0,00;64,36;156,38;156,38(72,13);30;66,53;14.686,39;2,52;121,44;121,44;;10/08/2026;29/09/2026;MIN;S;56,31
3CH025BP0088;MDP BP AVELA-2750X1850X25MM (FORN: NOGUEIRA ASTI                                                                        ESSENCIAL WOOK) -D;62,423;49,02;83,22;126,00;141,91;75,28;116,03;(0,00);121,44;309,06;-233,78;-112,34(-238,34);30;55,94;4.211,14;2,87;121,44;121,44;;22/09/2026;29/09/2026;MIN;S;193,00
3CH025BP0093;MDP BP LINHACA - 2750 X 1850 X 25 MM (FORN: ARTEZZANO GRANN) - B;0,534;3,27;14,32;12,61;5,53;101,75;0,01;(0,00);0,00;11,03;90,72;90,72(78,11);30;54,29;5.523,91;0,34;132,28;132,28;;26/02/2026;22/09/2026;MIN;S;8,68
3CH025BP0094;MDP BP PORCELANA-2750X1850X25 MM (FORN: OFF WHITE ESSENCIAL) - D;261,817;326,85;404,51;362,32;371,84;172,07;321,85;(0,00);364,32;1.030,08;-858,02;-493,70(-856,02);30;48,46;8.337,97;12,15;121,44;121,44;;09/09/2026;29/09/2026;MIN;S;725,06
3CH03000EUC0;!EUCADUR LISO EG - 2130 X 2750 X 2,5 MM - EUCATEX;3405,806;3.496,79;3.169,61;2.987,78;2.821,12;2.442,00;1.713,19;(3.118,00);3.052,50;4.150,35;-1.708,35;1.344,15(-1.643,63);30;7,76;18.940,15;107,27;759,00;759,00;PALLET 150 CHAPAS;27/07/2026;29/09/2026;MIN;S;3.088,78
3CH040000CMPGR;MDF GRANOLA - 2750 X 1840 X 4 MM - (LOURO PARDO);19,065;5,02;0,00;16,71;12,83;40,84;16,43;(0,00);0,00;3,52;37,32;37,32(20,61);30;50,96;2.080,80;0,24;50,60;0,00;;19/05/2026;24/09/2026;MIN;S;3,52
3CH040000CMPN;COMPENSADO NOGUEIRA AMERICANO - 2750 X 1840 X 4 MM - 1 F;42,592;67,11;43,36;72,33;26,72;163,10;61,46;(220,00);0,00;52,57;110,53;110,53(38,20);30;74,82;12.202,89;2,03;101,75;101,75;CODIGO ANTIGO 3LAM40000S . VAI SUBSTITUIR 3CMP0404CAR;01/09/2026;29/09/2026;MIN;S;49,91
3CH040000CMPS;COMPENSADO CARVALHO - 2750 X 1840 X 4 MM -;86,762;66,15;74,03;55,61;41,55;121,31;55,22;(175,00);0,00;63,74;57,57;57,57(1,96);30;46,37;5.624,80;2,18;101,75;101,75;CODIGO ANTIGO 3LAM40000S . VAI SUBSTITUIR 3CMP0404CAR;01/09/2026;28/09/2026;MIN;S;35,77
3CH040000MDFFL;MDF FREIJO LAVADO - 2750 X 1840 X 4 MM;179,954;90,97;95,43;168,69;121,47;62,64;160,22;(44,00);101,75;119,60;-56,95;44,80(-123,89);30;58,12;3.640,44;3,95;101,75;101,75;;01/09/2026;29/09/2026;MIN;S;111,14
3CH04000MDF0;!MDF CRU - 2750 X 1840 X 4 MM - D;1498,724;2.251,35;804,69;1.696,45;2.142,54;794,32;722,96;(759,00);1.518,00;723,72;70,60;1.588,60(-107,85);30;10,42;8.272,86;52,81;759,00;759,00;CODIGO ANTIGO 3MDF4000LI;01/09/2026;29/09/2026;MIN;S;654,28
3CH040SUCMP0;COMPENSADO SUMAUMA - 2500 X 1600 X 4 MM  - COLUNA  - P;1007,679;735,78;945,11;1.066,69;1.599,08;1.923,20;1.082,30;(1.882,00);0,00;1.168,19;755,01;755,01(-311,69);30;15,51;29.832,68;30,53;800,00;800,00;PALLETS 150 CHAPAS;01/09/2026;29/09/2026;MIN;S;849,44
3CH060000CMPO;!COMPENSADO SUMAUMA (FIBRA CURTA 1A) FLEXIVEL - 2.500X1.220 X6MM;474,243;321,25;383,32;326,11;264,11;915,00;418,18;(452,00);0,00;111,15;803,85;803,85(477,74);30;54,54;49.905,02;11,45;915,00;915,00;CODIGO ANTIGO 3CMP250X122;20/08/2026;29/09/2026;MIN;S;99,72
3CH06000MDF1;!MDF BP BRANCO ARTICO LISO LSF 2750 X 1840 X 6 MM - 2F - D;79,842;97,45;102,92;182,60;85,79;202,81;49,58;(452,00);0,00;86,62;116,19;116,19(-66,41);30;21,64;4.389,64;4,26;506,00;506,00;CODIGO ANTIGO 3MDF6000LI;17/08/2026;29/09/2026;MIN;S;51,22
3CH06BP0017;!MDF BP FRASSINO ALMENDRA PORO - 2750 X 1850 X 6 MM - 2F - B;338,2;211,56;245,49;181,34;237,08;564,67;64,58;(624,00);0,00;101,62;463,05;463,05(281,70);30;29,91;16.889,22;7,09;447,70;447,70;;11/09/2026;29/09/2026;MIN;S;62,22
3CH06BP0031;MDF BP BRANCO TX - 2750 X 1840 X 6 MM - 2F - D;242,206;271,92;256,85;192,06;105,49;448,32;195,50;(253,00);0,00;332,45;115,87;115,87(-76,19);30;20,52;9.197,75;8,01;506,00;506,00;;21/07/2026;29/09/2026;MIN;S;169,83
3CH06BP0043;!MDF BP FREIJO - 2750 X 1850 X 6 MM (FORN: LOURO FREIJO) - B;127,25999999999999;146,67;468,60;33,14;18,11;259,46;176,09;(0,00);0,00;231,26;28,21;28,21(-4,93);30;31,04;8.053,47;7,20;447,70;447,70;CODIGO ANTIGO 3MDFBP06PRE;13/07/2026;29/09/2026;MIN;S;206,51
3CH06BP0057;MDF BP DARK - 2750 X 1850 X 6 MM (FORN: PRETO DESIGN) - 2F - B;3,234;6,74;80,74;86,86;8,00;211,57;1,56;(253,00);0,00;29,83;181,74;181,74(94,88);30;27,08;5.729,16;1,94;447,70;447,70;;22/07/2025;28/09/2026;MIN;S;26,38
3CH06BP0059;MDF BP SEPIA - 2750 X 1850 X 6 MM (FORN: NOGUEIRA THAR) - 1F - D;32,874;37,34;51,93;79,50;73,02;166,95;21,40;(151,80);0,00;47,25;119,70;119,70(40,20);30;26,73;4.461,99;1,88;151,80;151,80;;16/09/2026;29/09/2026;MIN;S;38,07
3CH06BP0060;!MDF BP DAKAR - 2750 X 1850 X 6 MM (FORN: PEROLA URBANA) - 1F - D;171,209;171,10;136,15;139,36;161,58;191,29;34,03;(151,80);0,00;355,41;-164,11;-164,11(-303,47);30;25,73;4.922,38;4,96;151,80;151,80;;17/08/2026;29/09/2026;MIN;S;89,97
3CH06BP0064;MDF BP JACARANDA - 2750 X 1850 X 6 MM (FORN: CACAU GRANN) - B - 1FC;84,146;49,29;40,29;66,59;156,04;396,38;88,78;(253,00);0,00;419,39;-23,01;-23,01(-89,60);30;29,41;11.659,00;1,74;447,70;447,70;;03/09/2026;29/09/2026;MIN;S;250,30
3CH06BP0065;MDF BP OAK - 2750 X 1850 X 6 MM (FORN: CARVALHO MALVA) - D - 1FC;24,389;19,91;17,97;47,07;44,20;425,61;47,40;(151,80);0,00;123,24;302,37;302,37(255,30);30;26,15;11.129,28;0,94;151,80;151,80;;14/05/2026;29/09/2026;MIN;S;77,95
3CH06BP0066;MDF BP STEEL - 2750 X 1850 X 6 MM (FORN: METALIC SUEDE) - B - 1FC;56,554;97,79;96,18;86,06;84,03;437,51;35,49;(447,70);0,00;239,89;197,62;197,62(111,56);30;29,90;13.082,05;3,11;447,70;447,70;;23/07/2026;29/09/2026;MIN;S;96,31
3CH06BP0069;MDF BP ASPARGO - 2750 X 1850 X 6 MM (FORN: VERTI MICRO) - B - 1FC;51,099000000000004;44,18;45,12;52,55;35,36;386,62;19,93;(447,70);0,00;74,39;312,23;312,23(259,68);30;29,23;11.302,42;1,58;447,70;447,70;;12/06/2026;29/09/2026;MIN;S;31,35
3CH06BP0070;MDF BP CARBONO MICRO - 2750 X 1850 X 6 MM (FORN: CHUMBO) - 2F - B;99,603;30,41;37,75;159,65;18,99;490,95;35,75;(447,70);0,00;212,75;278,20;278,20(118,55);30;28,46;13.970,56;2,53;447,70;447,70;;11/09/2026;29/09/2026;MIN;S;94,32
3CH06BP0071;MDF BP CENTEIO - 2750 X 1850 X 6 MM (FORN: BAURU) - 2F - B;10,292;31,79;29,21;19,32;9,19;437,52;10,11;(447,70);0,00;49,63;387,88;387,88(368,57);30;30,12;13.176,64;0,89;447,70;447,70;;15/06/2026;29/09/2026;MIN;S;49,52
3CH06BP0072;MDF BP COALA - 2750 X 1850 X 6 MM (FORN: OPERA) - 2F - B;23,698999999999998;25,36;99,95;27,89;37,36;96,10;16,18;(253,00);447,70;87,16;8,94;456,64(428,75);30;26,76;2.571,17;1,70;447,70;447,70;;15/01/2026;28/09/2026;MIN;S;49,96
3CH06BP0073;MDF BP MALTE - 2750 X 1850 X 6 MM (FORN: TAUPE) - 2F - B;34,241;15,63;12,88;65,65;41,42;76,31;9,37;(253,00);447,70;89,49;-13,18;434,52(368,87);30;28,45;2.170,71;1,05;447,70;447,70;;23/06/2025;29/09/2026;MIN;S;54,40
3CH06BP0074;MDF BP CONCRETO - 2750X1850X  6MM (FORN: GIANDUIA VELUTTO) - C/PELICULA - D;78,282;100,71;13,72;73,20;77,58;141,68;14,45;(0,00);0,00;65,20;76,49;76,49(3,28);45;25,93;3.673,81;2,08;151,80;151,80;;09/07/2026;29/09/2026;MIN;S;44,83
3CH06BP0076;MDF BP BLONDER - 2750 X 1850 X 6 MM (FORN: OASIS) - D;10,411;3,41;5,51;0,66;4,17;192,29;0,17;(0,00);0,00;15,07;177,22;177,22(176,56);30;25,17;4.839,04;0,11;151,80;151,80;;27/02/2026;28/09/2026;MIN;S;0,15
3CH06BP0077;MDF BP ROSA CHA - 2750 X 1850 X 6 MM (FORN: ROSA INFINITO) - D;43,591;23,03;18,71;15,15;7,60;195,51;6,78;(0,00);0,00;39,23;156,29;156,29(141,13);30;26,31;5.143,48;0,63;151,80;151,80;;03/08/2026;29/09/2026;MIN;S;39,23
3CH06BP0079;!MDF BP QUINOA - 2750 X 1850 X 6 MM (FORN: NUDE MICRO) - 2F - B;179,31;384,33;389,33;374,48;207,49;532,28;33,02;(445,28);0,00;408,81;123,47;123,47(-251,01);30;29,32;15.603,70;12,76;447,70;447,70;CODIGO ANTIGO 3CH06BP0052;13/07/2026;29/09/2026;MIN;S;218,74
3CH06BP0080;MDF BP CINZA COBALTO MICRO - 2750 X 1850 X 6 MM - 2F - B;57,266999999999996;76,38;128,85;92,36;39,86;508,40;3,52;(0,00);0,00;62,62;445,78;445,78(353,42);30;28,46;14.468,02;3,31;447,70;447,70;CODIGO ANTIGO 3CH06BP0013;23/07/2026;29/09/2026;MIN;S;50,19
3CH06BP0086;MDF BP ARABICA - 2750X 1850X 6 MM (FORN: ITAPUA ESSENCIAL WOOD) - D;25,666999999999998;54,18;71,06;77,62;62,61;181,55;7,69;(0,00);0,00;119,11;62,43;62,43(-15,19);30;27,70;5.027,92;2,25;151,80;151,80;;14/07/2026;29/09/2026;MIN;S;17,71
3CH06BP0087;MDF BP AMARANTO - 2750 X 1850 X 6 MM (FORN: TEKA SOHO THERA) - D;87,94;126,52;160,39;154,17;77,00;152,61;49,87;(0,00);151,80;160,82;-8,21;143,59(-10,59);30;28,38;4.331,39;4,90;151,80;151,80;;04/08/2026;29/09/2026;MIN;S;153,37
3CH06BP0088;MDF BP AVELA -2750X1850X6MM (FORN: NOGUEIRA ASTI                                                                        ESSENCIAL WOOK) -D;122,995;177,72;241,55;196,39;122,68;217,88;175,96;(0,00);151,80;522,11;-304,23;-152,43(-348,81);30;29,06;6.331,16;6,84;151,80;151,80;;09/09/2026;29/09/2026;MIN;S;348,67
3CH06BP0093;MDF BP LINHACA - 2750 X 1850 X 6 MM (FORN: ARTEZZANO GRANN) - B;0,767;5,92;14,25;9,62;6,99;171,76;0,83;(0,00);0,00;3,91;167,85;167,85(158,24);30;27,65;4.748,94;0,33;447,70;447,70;;04/08/2025;28/09/2026;MIN;S;3,57
3CH06BP0094;MDF BP PORCELANA - 2750X 1850X 6 MM (FORN: OFF WHITE ESSENCIAL) - D;538,866;604,53;692,11;761,52;800,87;15,34;681,07;(0,00);1.062,60;2.001,32;-1.985,99;-923,39(-1.684,90);30;19,38;297,13;22,87;151,80;151,80;;09/09/2026;29/09/2026;MIN;S;1.420,38
3CH09000MDF0;!MDF CRU - 2750 X 2200 X 9 MM - D;870,366;1.422,74;593,46;1.064,88;661,94;913,52;618,78;(1.175,00);701,80;630,31;283,22;985,02(-79,87);30;17,44;15.927,24;34,23;293,48;293,48;CODIGO ANTIGO 3MDF9000LI;09/09/2026;29/09/2026;MIN;S;353,65
3ABR0000014;ABRACADEIRA DE NYLON -2,5MM X 150/200  (100 UNID) - PRETO/BRANCO;672,0;591,99;632,00;844,00;320,00;900,00;392,01;(800,00);0,00;616,00;284,00;284,00(-560,00);20;0,07;63,00;22,98;200,00;200,00;;02/09/2026;25/09/2026;ACE;S;464,00
3ACE000FIO1;ACESSORIO PASSA FIO 01 - BRANCO - 60X18MM (21584.34890);72,0;91,00;111,00;67,00;65,00;279,00;80,00;(60,00);0,00;209,00;70,00;70,00(3,00);30;0,83;231,57;2,99;100,00;100,00;;28/09/2026;28/09/2026;ACE;S;198,00
3ACE000FIO2;ACESSORIO PASSA FIO 02 - PRETO;6,0;24,00;64,00;16,00;13,00;87,00;12,00;(29,00);100,00;66,00;21,00;121,00(105,00);30;0,89;77,60;1,16;100,00;100,00;;11/08/2026;28/09/2026;ACE;S;63,00
3ACE000FIO3;ACESSORIO PASSA FIO 03 - MARRON;40,0;48,00;120,00;28,00;73,00;273,00;55,00;(41,00);0,00;180,00;93,00;93,00(65,00);30;0,80;219,49;2,18;100,00;100,00;;04/09/2026;25/09/2026;ACE;S;174,00
3ACE000FIO4;ACESSORIO PASSA FIO 04 - BEGE;56,0;89,00;99,00;54,00;58,00;205,00;56,00;(11,00);100,00;238,00;-33,00;67,00(13,00);30;0,87;178,76;2,69;100,00;100,00;;11/08/2026;29/09/2026;ACE;S;238,00
3ACE00FIO74;PASSA CABOS EDENS 74 X 74 MM ZAMAK PR (631.52.920) HAFELE;1,0;0,00;4,00;8,00;4,00;28,00;1,00;(3,00);0,00;1,00;27,00;27,00(19,00);50;147,84;4.139,44;0,13;10,00;10,00;;17/11/2023;28/09/2026;ACE;S;1,00
3ACEGAVCINT;GRAVATEIRO E CINTEIRO EXTENSIVEL 80 X 450;1,0;1,00;0,00;3,00;0,00;13,00;1,00;(1,00);0,00;10,00;3,00;3,00(0,00);20;69,67;905,66;0,04;5,00;5,00;FAT MINIMO HARDT 1400 REAIS - ITEM DE BAIXO CONSUMO;15/09/2026;26/08/2026;ACE;S;10,00
3ACEILHOS04;ILHOS N° 4 LATAO NIQUELADO C/ ARRUELA DIAM.EXT 22 MM DIAM.INT 18 MM ALT 7;75,0;108,00;163,00;150,00;79,00;300,00;55,00;(358,00);0,00;59,00;241,00;241,00(91,00);14;1,50;450,30;4,68;200,00;0,00;;27/08/2026;24/09/2026;ACE;S;37,00
3ACEILHOS17;ILHOS N° 0 LATAO NIQUELADO C/ ARRUELA DIAM.EXT 17MM DIAM.INT 9MM ALT 5MM;0,0;0,00;36,00;769,00;80,00;1.600,00;22,00;(358,00);0,00;23,00;1.577,00;1.577,00(808,00);14;0,34;536,00;8,94;1.000,00;1.000,00;;15/08/2025;16/09/2026;ACE;S;23,00
3ANEL000001;!ANEL DE BORRACHA DIAM INT.:25,7MM DIAM EXT: 48,4MM;98,0;110,00;157,00;231,00;102,00;130,00;91,00;(140,00);0,00;86,00;44,00;44,00(-187,00);15;9,08;1.179,75;5,53;100,00;10,00;;11/08/2026;29/09/2026;ACE;S;85,00
3ARTCABCROM;ARTICULADOR PARA CABECEIRA CROMADO - GIROTEC;83,0;60,00;84,00;83,00;52,00;84,00;47,00;(215,00);50,00;98,00;-14,00;36,00(-47,00);34;178,22;14.970,65;2,52;5,00;1,00;;22/09/2026;25/09/2026;ACE;S;75,00
3ARTRECLAER;ARTICULACAO RECLINAVEL AEREO S/ BARRAS (COD 1220);13,0;2,00;5,00;5,00;0,00;0,00;9,00;(186,00);16,00;19,00;-19,00;-3,00(-8,00);32;221,88;0,00;0,13;5,00;1,00;;30/06/2026;31/08/2026;ACE;S;15,00
3BAMANDACARU;BASE CABIDEIRO MANDACARU - CIMENTO - CONFORME MOLDE;0,0;6,00;4,00;3,00;2,00;4,00;2,00;(0,00);11,00;6,00;-2,00;9,00(6,00);2;90,75;363,00;0,14;1,00;1,00;;22/09/2026;23/09/2026;ACE;S;6,00
3BAMEAB40;BASE DA MESA LATERAL ABA - CIMENTO - CONFORME MOLDE;15,0;6,00;1,00;5,00;7,00;9,00;0,00;(0,00);10,00;3,00;6,00;16,00(11,00);10;44,70;402,30;0,13;10,00;10,00;;26/06/2026;24/09/2026;ACE;S;1,00
3BAMESAPEGA;*** BASE MESA LATERAL PEGA - CIMENTO - CONFORME MOLDE;0,0;1,00;0,00;1,00;0,00;8,00;0,00;(0,00);0,00;3,00;5,00;5,00(4,00);2;81,68;653,41;0,02;1,00;1,00;;10/06/2026;14/08/2026;ACE;S;2,00
3BAT0000010;!BATOQUE BI-MATERIAL DIAM=10MM (SIFORMA IT23100);4000,0;8.000,00;4.700,00;6.300,00;2.000,00;5.000,00;0,00;(10.000,00);10.000,00;9.310,00;-4.310,00;5.690,00(-610,00);12;0,33;1.670,00;211,11;10.000,00;1.000,00;;24/08/2026;16/09/2026;ACE;N;8.568,00
3BAT00003POL;BATOQUE PARA TUBO REDONDO DE 3 POLEGADAS PRETO;30,0;22,00;24,00;24,00;42,00;92,00;6,00;(0,00);0,00;90,00;2,00;2,00(-22,00);15;3,26;299,55;0,78;50,00;50,00;;25/08/2026;18/09/2026;ACE;S;66,00
3BAT00009MM;#BATOQUE SILICONE TRANSPARENTE DIAMETRO 9,5MM;0,0;204,00;200,00;4,00;0,00;602,00;0,00;(22,00);0,00;4,00;598,00;598,00(594,00);30;0,95;570,09;4,53;2.000,00;2.000,00;avisar engenharia estoque for igual a 200und - engenharia pegar autorização da nova matéria prima.;02/12/2021;13/08/2026;ACE;S;4,00
3BAT00016MM;BATOQUE SILICONE TRANSPARENTE PARA TUBO 16MM;0,0;0,00;0,00;22,00;0,00;2.488,00;0,00;(22,00);0,00;5,00;2.483,00;2.483,00(2.461,00);30;1,07;2.664,65;0,24;2.000,00;2.000,00;;05/11/2021;05/08/2026;ACE;S;5,00
3BAT00026MM;BATOQUE TRANSPARENTE DIAMETRO 26MM;32,0;203,00;48,00;36,00;78,00;700,00;102,00;(22,00);0,00;48,00;652,00;652,00(616,00);30;1,93;1.352,40;3,19;2.000,00;2.000,00;;06/11/2024;17/09/2026;ACE;S;48,00
3BAT0IN19MM;BATOQUE SILICONE TRANSPARENTE DIAMETRO 19MM - INTERNO;363,0;379,00;343,00;460,00;411,00;1.729,00;210,00;(22,00);0,00;374,00;1.355,00;1.355,00(895,00);30;1,35;2.337,61;13,13;2.000,00;1.000,00;;27/07/2026;29/09/2026;ACE;S;276,00
3BAT0IN25MM;BATOQUE SILICONE TRANSPARENTE DIAMETRO 25MM - INTERNO;67,0;65,00;45,00;108,00;41,00;487,00;14,00;(22,00);0,00;44,00;443,00;443,00(335,00);30;1,62;786,51;2,42;2.000,00;2.000,00;;28/02/2025;29/09/2026;ACE;S;38,00
3BATPTELIPT00;# BATOQUE PRETO ELIPTICO;0,0;0,00;0,00;12,00;29,00;635,00;41,00;(0,00);0,00;70,00;565,00;565,00(553,00);25;0,47;298,45;0,13;100,00;1,00;;31/08/2026;25/09/2026;ACE;S;70,00
3BLOCOTRIP;BLOCO DE CIMENTO PARA PES DA MESA DE JANTAR TRIPLICE - CONFORME MOLDE;42,0;97,00;57,00;21,00;91,00;113,00;0,00;(0,00);114,00;149,00;-36,00;78,00(57,00);20;22,19;2.507,24;1,94;6,00;6,00;;22/09/2026;29/09/2026;ACE;S;149,00
3BOC0000008;!BUCHA NYLON UX 8 X 50;1499,0;7.000,00;2.800,00;11.000,00;4.008,00;7.000,00;0,00;(3.000,00);0,00;2.667,06;4.332,94;4.332,94(-6.667,06);7;0,37;2.569,00;231,11;5.000,00;1.000,00;;18/09/2026;23/09/2026;ACE;N;2.582,94
3BU02GESSOUBO;BUCHA PARA FIXACAO GESSO 02 U-BO USAF;0,0;0,00;0,00;21,00;0,00;19.379,00;0,00;(300,00);0,00;35,00;19.344,00;19.344,00(19.323,00);31;0,17;3.352,57;0,23;5.000,00;5.000,00;ITEM DE BAIXO CONSUMO;05/11/2021;24/08/2026;ACE;N;35,00
3BUC0000006;BUCHA DE PAREDE NUMERO 6 MODELO UX;10000,0;2.200,00;13.400,00;3.400,00;13.000,00;3.000,00;0,00;(1.000,00);0,00;16.013,00;-13.013,00;-13.013,00(-16.413,00);7;0,17;507,00;211,11;5.000,00;1.000,00;;18/09/2026;29/09/2026;ACE;N;15.373,00
3BUC00007/8;BUCHA PLASTICA (7/8 INTERNO) (1 1/8 EXTERNO) P/GIRALONG - MOVEIS GOMES;76,0;308,00;120,00;232,00;196,00;3.050,00;192,00;(44,00);0,00;280,00;2.770,00;2.770,00(2.538,00);45;1,81;5.505,25;7,33;5.000,00;5.000,00;;11/09/2024;23/09/2026;ACE;S;280,00
3BUCTOGGLER;BUCHA P PAREDE TOGGLERBOLT 1/4;462,0;202,00;810,00;149,00;118,00;1.079,00;41,00;(300,00);0,00;446,00;633,00;633,00(484,00);21;3,19;3.443,09;12,90;500,00;500,00;;18/09/2026;25/09/2026;ACE;S;446,00
3BUMI10X11M6;BUCHA PLASTICA 33 M6 (GMM) BRANCO BIGFER (4130841547);5000,0;5.000,00;5.000,00;5.600,00;5.000,00;20.000,00;0,00;(5.000,00);0,00;13.166,00;6.834,00;6.834,00(1.234,00);22;0,11;2.160,00;173,33;5.000,00;5.000,00;;20/08/2026;08/09/2026;ACE;N;12.170,00
3CABOACO75;CABO DE ACO 75/50 LIBRAS - MARINA SPORTS;5,5;3,00;3,00;5,50;3,00;8,50;1,00;(800,00);0,00;3,00;5,50;5,50(0,00);20;1,29;10,98;0,13;10,00;10,00;;02/06/2026;18/09/2026;ACE;S;3,00
3CABOFORCA03;CABO DE FORCA TRIPOLAR RQABICHO MACHO 3X1,50MM PLUG 10A 5,00MT;4,0;0,00;0,00;0,00;0,00;18,00;0,00;(0,00);0,00;2,00;16,00;16,00(16,00);10;43,78;788,08;0,00;1,00;1,00;;13/03/2026;05/05/2026;ACE;S;2,00
3CABOVDS2110;CABIDEIRO DS OVAL - COMPRIMENTO DE 3M - REF:DS2110                                                                      (DS artefatos);59,0;65,00;40,00;71,00;94,00;75,00;0,00;(0,00);0,00;28,95;46,05;46,05(-24,95);30;66,33;4.974,75;1,96;10,00;10,00;;28/09/2026;23/09/2026;ACE;N;18,65
3CAMIFI0001;CAIXA MAGNIFIX ZINCADA VE RN.SW6 D=35M (262.87.003);0,0;0,00;0,00;0,00;0,00;1.250,00;0,00;(500,00);0,00;16,00;1.234,00;1.234,00(1.234,00);50;3,24;4.055,00;0,00;1.000,00;100,00;;22/05/2026;02/04/2026;ACE;N;16,00
3CAPA00SUPAEC;PROTECAO PARA SUPORTE FIXACAO AEREA CINZA CRISTAL BIGFER (04.08.120.009);1676,0;1.336,00;1.616,00;1.062,00;1.326,00;6.200,00;813,00;(0,00);0,00;3.692,00;2.508,00;2.508,00(1.446,00);21;0,16;979,60;44,60;1.000,00;1.000,00;;11/09/2026;29/09/2026;ACE;S;3.548,00
3CAV0001060;CAVILHAS DE MADEIRA 10 X 60;0,0;1,00;0,00;1,00;0,00;3,00;0,00;(1,00);0,00;1,03;1,97;1,97(0,97);19;43,56;130,67;0,02;1,00;1,00;;17/04/2026;31/08/2026;ACE;N;0,90
3CAV0001480;CAVILHAS DE MADEIRA 14 X 90;0,0;0,00;0,00;0,00;0,00;1,00;0,00;(1,00);0,00;0,20;0,80;0,80(0,80);20;362,69;362,69;0,00;1,00;1,00;ITEM DE BAIXO CONSUMO;30/10/2025;06/10/2025;ACE;N;0,20
3CAV0020830;!CAVILHA MARFIM 8 X 30;15,0;19,00;14,00;14,00;9,00;49,00;0,00;(17,00);0,00;82,53;-33,53;-33,53(-47,53);15;29,39;1.439,96;0,52;1,00;1,00;;22/05/2026;15/09/2026;ACE;N;79,73
3CENTTOUCH2E;CENTRAL TOUCH SIMPLES 2E (COD 1052);10,0;2,00;13,00;0,00;4,00;27,00;0,00;(8,00);0,00;2,00;25,00;25,00(25,00);32;124,86;3.371,25;0,17;3,00;1,00;;08/06/2026;29/09/2026;ACE;S;2,00
3CH0000001;CHAVE UNIP SIMP NYLON 231022/5 P/ CAMAS N.6 ALLEN;0,0;21,00;0,00;0,00;0,00;29,00;0,00;(105,00);0,00;2,00;27,00;27,00(27,00);39;2,67;77,43;0,23;50,00;10,00;;10/04/2026;10/06/2026;ACE;N;2,00
3CH0ACR2000;ACRILICO INCOLOR PURO 2000 X 1000 X 4MM;6,627;14,63;9,50;4,30;10,25;21,51;0,00;(19,00);0,00;10,69;10,82;10,82(6,52);12;233,54;5.022,83;0,32;4,00;2,00;;28/09/2026;29/09/2026;ACE;S;10,13
3CH0POLICARB;POLICARBONATO CRISTAL 1220X24-40X1MM (POLI T);4,0;7,76;3,38;3,00;3,00;14,99;3,35;(0,00);0,00;4,57;10,42;10,42(7,42);15;92,68;1.388,92;0,16;8,93;2,98;;21/07/2026;10/09/2026;ACE;S;4,57
3CH0POLIETILE;*** CHAPA POLIETILENO NATURAL 1000X3000X4MM - PEAD T;0,0;0,00;0,00;9,00;12,50;35,50;0,00;(0,00);21,00;2,93;32,58;53,58(44,58);10;100,20;3.557,17;0,10;12,00;3,00;;02/09/2026;17/09/2026;ACE;S;2,93
3CHAPVCBR2MM;*** CHAPA PVC PS BRANCO 1000X2000X2MM;0,0;0,00;2,00;0,00;13,00;4,00;1,00;(0,00);15,00;0,47;3,53;18,53(18,53);20;53,72;214,87;0,02;10,00;0,00;;17/09/2026;15/09/2026;ACE;S;0,47
3CHIALIMTOUC;CHICOTE ALIMENTACAO CONJUNTO FE (03 MTS) (106.624) (COD 174);16,0;39,00;48,00;22,00;35,00;22,00;0,00;(8,00);32,00;1,00;21,00;53,00(31,00);32;58,57;1.288,58;1,21;3,00;1,00;;31/08/2026;29/09/2026;ACE;S;1,00
3CHICLGTOUCH;CHICOTE BOTAO TOUCH  - LONGO (COD 1231);21,0;15,00;63,00;11,00;36,00;50,00;0,00;(8,00);0,00;2,00;48,00;48,00(37,00);32;26,08;1.303,90;0,99;3,00;1,00;;08/06/2026;29/09/2026;ACE;S;2,00
3CON0000001;CONECTOR DE METAL 6287-000 MAPOL 058004;82,0;24,00;88,00;16,00;24,00;62,00;4,00;(700,00);300,00;32,00;30,00;330,00(314,00);20;1,50;93,00;1,42;300,00;100,00;;21/07/2025;16/09/2026;ACE;S;32,00
3CONCFIBVIES;CONCHA FIBRA DE VIDRO - ENCOSTO CADEIRA VIES;43,0;42,00;46,00;25,00;12,00;72,00;21,00;(0,00);20,00;66,00;6,00;26,00(1,00);20;49,10;3.534,84;1,26;20,00;1,00;;15/09/2026;01/09/2026;ACE;S;66,00
3CORGD3V1400;CORREIA GOODYEAR 3V1400 30/06 53016 (CARRINHO DECORATIVO AIO);8,002;5,00;7,34;6,67;7,34;9,00;2,98;(24,00);0,00;4,00;5,00;5,00(-1,67);10;113,42;1.020,81;0,21;10,00;10,00;;25/06/2026;22/09/2026;ACE;S;4,00
3DES0000001;ROD SL55 15K MARRON BIGFER (1006347);8,0;38,00;10,00;12,00;0,00;108,00;2,00;(92,00);0,00;8,00;100,00;100,00(88,00);31;2,65;285,88;0,67;100,00;100,00;;22/07/2026;17/08/2026;ACE;S;6,00
3DIST067020;DISTANCIADOR DE APLICACAO FECH.861 NACIO - 06702011863;0,05;0,11;0,36;0,17;0,02;11,49;0,00;(1,00);0,00;0,55;10,94;10,94(10,77);37;25,92;297,82;0,01;5,00;1,00;;30/12/2021;29/09/2026;ACE;S;0,11
3EIXOCOLU15;!EIXO TORNEADO DE METAL PARA COLUNA 15;98,0;109,00;157,00;231,00;102,00;43,00;70,00;(41,00);200,00;86,00;-43,00;157,00(-74,00);15;25,41;1.092,63;5,52;200,00;50,00;;14/08/2026;29/09/2026;ACE;S;85,00
3ESQUADRETA;1420 FIXADOR DE PERFIL ESQUADRETA 2,65X41MM ZB C/ ROSCA - QUADRILAERO;840,0;1.260,00;956,00;512,00;872,00;2.150,00;258,00;(1.000,00);2.000,00;2.192,00;-42,00;1.958,00(1.446,00);21;4,14;8.905,30;30,31;2.000,00;1.000,00;;13/08/2026;29/09/2026;ACE;S;2.052,00
3FCH0012001;FECHO MAGNETICO COM CHAPA E PARAFUSOS MARRON BIGFER (07.04.018);0,0;0,00;4,00;5,00;0,00;55,00;0,00;(34,00);0,00;19,00;36,00;36,00(31,00);30;1,34;73,92;0,10;100,00;100,00;;09/10/2025;09/09/2026;ACE;S;19,00
3FEC0650128;FECHADURA 2861  PARA GAVETA 31MM ( SOPRANO )- 06501286101;22,0;20,00;52,00;29,00;13,00;63,00;0,00;(43,00);0,00;55,00;8,00;8,00(-21,00);23;4,74;298,37;1,12;5,00;1,00;;13/08/2026;29/09/2026;ACE;S;11,00
3FECHO00015;!FECHO OU ENGATE DE 15 MM PRETO;100,0;200,00;100,00;50,00;50,00;700,00;0,00;(74,00);0,00;445,00;255,00;255,00(205,00);12;0,24;170,10;3,89;300,00;100,00;;02/06/2026;08/09/2026;ACE;N;391,00
3FEL0002222;!PROTETOR PISO 22 X 22MM;8500,0;9.950,00;7.950,00;0,00;4.000,00;11.600,00;0,00;(42.000,00);0,00;615,00;10.985,00;10.985,00(10.985,00);21;0,04;406,00;198,89;10.000,00;1.000,00;;07/07/2026;23/09/2026;ACE;N;541,00
3FIT0000015;!FITA DRC 15 MM 05 100 POLIESTER 50 METROS PRETO;250,0;50,00;150,00;50,00;100,00;950,00;0,00;(58,00);0,00;222,10;727,90;727,90(677,90);15;0,66;623,20;2,78;300,00;100,00;;04/08/2025;18/09/2026;ACE;N;194,30
3FITADEVA25MM;FITA ADESIVA EVA PRETA 25MM;0,0;0,00;0,00;0,00;0,00;6,00;0,00;(0,00);0,00;2,00;4,00;4,00(4,00);7;8,62;51,73;0,00;2,00;1,00;;13/05/2026;02/04/2026;ACE;N;2,00
3FITDUPLFAC10;*** BOBINA FITA ADESIVO DUPLA FACE 100M LARG 32,6CM;0,0;0,00;0,00;0,00;0,00;3,00;0,00;(2,00);0,00;0,00;3,00;3,00(3,00);15;380,24;1.140,73;0,00;1,00;1,00;;02/08/2022;22/06/2022;ACE;N;0,00
3FONTETOUCH;FONTE GRANDE  (COD 29);23,0;16,00;25,00;15,00;21,00;36,00;7,00;(8,00);0,00;1,00;35,00;35,00(20,00);32;191,52;6.894,86;0,62;3,00;1,00;***Itens de acessórios LINE ? Não precisa comprar;12/01/2026;28/09/2026;ACE;S;1,00
3FRISCONT12;FRISO CONTRARIO 12,5MM PARA PERFIL 2023;0,0;500,00;0,00;0,00;0,00;1.500,00;0,00;(401,00);0,00;82,30;1.417,70;1.417,70(1.417,70);29;1,89;2.827,50;5,56;500,00;500,00;;07/07/2026;12/06/2026;ACE;N;66,10
3GCH0000001;GUIA SL55 SUP MOLA (1006263) (BIGFER);8,0;38,00;10,00;12,00;0,00;48,00;2,00;(92,00);0,00;8,00;40,00;40,00(28,00);31;3,36;161,04;0,67;100,00;100,00;;11/05/2026;17/08/2026;ACE;S;6,00
3HASDUVB19N;HASTE DUPLA VB19 DU867 ZINCO BRANCO BIGFER (65536);500,0;0,00;1.050,00;500,00;0,00;1.250,00;0,00;(700,00);0,00;1.125,00;125,00;125,00(-375,00);21;1,23;1.532,50;17,22;100,00;100,00;;02/09/2026;24/08/2026;ACE;N;987,00
3IMA0000NEOD;IMA DE NEODIMIO 12X5MM;108,0;160,00;168,00;212,00;182,00;275,00;48,00;(0,00);200,00;364,00;-89,00;111,00(-101,00);10;4,39;1.208,35;6,00;100,00;100,00;;10/09/2026;24/09/2026;ACE;S;308,00
3KIT00TIPON;KIT TIP-ON (VER.STANDARD) P/DOBRADICA (CONTRA PLACAS+TIP-ON).BLUM 09638374;10,0;26,00;8,00;6,00;6,00;21,00;0,00;(410,00);20,00;12,00;9,00;29,00(23,00);30;20,66;433,80;0,44;10,00;10,00;;07/07/2026;08/09/2026;ACE;S;12,00
3KITATU44503;*** KIT ATUADOR ABERTURA 44,5CM - 03 ASSENTOS;0,0;0,00;1,00;1,00;0,00;2,00;3,00;(0,00);0,00;3,00;-1,00;-1,00(-2,00);32;1.367,57;2.735,14;0,02;1,00;1,00;;11/09/2026;07/08/2026;ACE;S;3,00
3KITATU5845;KIT TOUCH 1 ATUADOR 45 (COD  1736);0,0;2,00;1,00;1,00;3,00;4,00;1,00;(4,00);0,00;1,00;3,00;3,00(2,00);32;306,36;1.225,42;0,04;3,00;1,00;ITEM DE BAIXO CONSUMO;30/01/2026;03/09/2026;ACE;S;1,00
3KITATUAAER01;** KIT 1 ASS. RECL. CABEC. AEREO TOUCH (COD 1890);0,0;0,00;0,00;0,00;0,00;3,00;3,00;(6,00);0,00;5,00;-2,00;-2,00(-2,00);32;677,60;2.032,81;0,00;3,00;1,00;;31/08/2026;29/04/2026;ACE;S;3,00
3KITATUAAER02;KIT 2 ASS. RECL. CABEC. AEREO TOUCH  - (COD 1891);6,0;1,00;1,00;1,00;0,00;8,00;0,00;(6,00);0,00;4,00;4,00;4,00(3,00);32;1.086,46;8.691,70;0,03;3,00;1,00;;08/06/2026;31/08/2026;ACE;S;3,00
3KITATUAAER03;KIT 3 ASS. RECL. CABEC. AEREO TOUCH - (COD 1892);1,0;0,00;1,00;0,00;0,00;1,00;2,00;(6,00);3,00;2,00;-1,00;2,00(2,00);32;1.735,42;1.735,42;0,01;3,00;1,00;;11/03/2026;29/07/2026;ACE;S;2,00
3KITATUABAU02;KIT CAMA DUPLA - S/ ART. (S/CH) - COD. 1790;0,0;0,00;0,00;0,00;2,00;4,00;0,00;(6,00);0,00;1,00;3,00;3,00(3,00);32;762,74;3.050,97;0,00;3,00;1,00;;31/03/2026;23/09/2026;ACE;S;1,00
3KITATUAS01;KIT TOUCH 1 ASS. RECLINAVEL CABECEIRA 9,5 - COD. 1717;3,0;1,00;0,00;0,00;0,00;4,00;1,00;(6,00);0,00;1,00;3,00;3,00(3,00);32;682,34;2.729,37;0,01;3,00;1,00;;30/06/2026;17/06/2026;ACE;S;1,00
3KITATUAS02;KIT TOUCH 2 ASS. RECLINAVEL CABECEIRA 9,5 - COD. 1718;10,0;6,00;8,00;9,00;6,00;4,00;6,00;(37,00);11,00;12,00;-8,00;3,00(-6,00);32;1.237,19;4.948,74;0,26;3,00;1,00;;31/08/2026;25/09/2026;ACE;S;10,00
3KITATUAS03;KIT TOUCH 3 ASS. RECLINAVEL CABECEIRA 9,5 - COD. 1719;7,667;19,33;13,00;9,00;13,00;6,00;7,00;(45,00);16,00;14,00;-8,00;8,00(-1,00);32;1.767,24;10.603,41;0,46;3,00;1,00;;31/08/2026;24/09/2026;ACE;S;9,00
3KITATUAS04;KIT TOUCH 4 ASS. RECLINAVEL CABECEIRA 9,5 - COD. 1720;1,0;1,00;2,00;2,00;0,00;3,00;1,00;(37,00);3,00;3,00;0,00;3,00(1,00);32;2.171,65;6.514,94;0,06;3,00;1,00;;24/09/2026;17/08/2026;ACE;S;3,00
3KITATUENC01;KIT TOUCH 1 ATUADOR 50 (COD 1740);33,0;42,00;48,00;42,00;31,00;37,00;13,00;(8,00);50,00;52,00;-15,00;35,00(-7,00);32;538,76;19.933,94;1,47;3,00;1,00;;24/09/2026;24/09/2026;ACE;S;27,00
3KITATUENC02;KIT TOUCH 2 ATUADOR 50 (COD 1741);3,0;3,00;0,00;2,00;0,00;4,00;1,00;(8,00);0,00;1,00;3,00;3,00(1,00);32;893,35;3.573,40;0,06;3,00;1,00;;09/07/2026;24/08/2026;ACE;S;1,00
3KITATUENC03;KIT TOUCH 3 ATUADOR 50 (COD 1742);2,0;1,00;2,00;2,00;0,00;4,00;0,00;(8,00);3,00;2,00;2,00;5,00(3,00);32;1.264,18;5.056,70;0,06;3,00;1,00;;31/08/2026;27/08/2026;ACE;S;2,00
3KITATUSC02;KIT TOUCH 2 ATUADOR 24 SOFA-CAMA (COD 116);7,0;3,00;0,00;4,00;2,00;7,00;1,00;(8,00);3,00;4,00;3,00;6,00(2,00);32;871,07;6.097,49;0,08;3,00;1,00;;08/06/2026;18/09/2026;ACE;S;3,00
3KITATUSC03;KIT TOUCH 3 ATUADOR 24 SOFA-CAMA (COD 117);2,0;1,00;2,00;1,00;3,00;2,00;0,00;(8,00);3,00;2,00;0,00;3,00(2,00);32;1.218,56;2.437,11;0,04;3,00;1,00;;08/06/2026;29/09/2026;ACE;S;2,00
3KITCONTRLED;#CONTROLE LED DO MECANISMO 8607 - (ELETRICO) POLT NANA;6,0;1,00;5,00;2,00;2,00;17,00;5,00;(4,00);0,00;12,00;5,00;5,00(3,00);32;57,99;985,80;0,09;3,00;1,00;PROGRAMAR OS ITENS JUNTOS 3KITMECRECL00 - CRT;03/06/2025;21/09/2026;ACE;S;12,00
3KITFONT03M;KIT MOD. ALIMENTACAO PARA FONTE 3 METROS;63,0;68,00;42,00;85,00;25,00;201,00;17,00;(35,00);0,00;151,00;50,00;50,00(-35,00);15;17,03;3.422,43;2,17;50,00;50,00;;23/09/2026;23/09/2026;ACE;S;151,00
3KITFONTINT;KIT MOD. INTERRUPTOR PT P/ MOVEIS 0,5M;78,0;81,00;69,00;80,00;51,00;219,00;24,00;(103,00);0,00;164,00;55,00;55,00(-25,00);15;9,96;2.180,80;2,56;50,00;50,00;;08/06/2026;28/09/2026;ACE;S;164,00
3KITMEC01AUT;MECANISMO ZERO WALL MOTORIZADO - POLTRONA MONTADO COM COMANDO 02 BOTOES                                                 USB-A E USB-C PARA CONTROLAR ABERTURA E FECHAMENTO;2,0;6,00;5,00;3,00;9,00;3,00;3,00;(0,00);8,00;9,00;-6,00;2,00(-1,00);20;462,57;1.387,71;0,16;1,00;1,00;substituir o 3KITMECRECL00 - 3KITCONTRLED - CRT;24/09/2026;28/09/2026;ACE;S;6,00
3KITMEC01MAN;***POLTRONA MONTADO COM ALAVANCA A DIREITA (MV-4304M);0,0;0,00;0,00;1,00;0,00;4,00;1,00;(0,00);0,00;1,00;3,00;3,00(2,00);20;176,23;704,91;0,01;1,00;1,00;LOTE MÍNIMO – 2.000,00;14/05/2026;19/08/2026;ACE;S;1,00
3KITMECRECL00;# KIT MECANISMO RECLINAVEL PM300 TAM03 - (ELETRICO) POLT NANA 8607;1,0;0,00;4,00;0,00;2,00;0,00;2,00;(4,00);0,00;2,00;-2,00;-2,00(-2,00);32;450,52;0,00;0,04;3,00;1,00;PROGRAMAR OS ITENS JUNTOS 3KITCONTRLED - CRT;04/09/2025;21/09/2026;ACE;S;2,00
3KITRO8201P;KIT PORTA CORRER RO82 TOP P/ 1 PORTA 100KG - COM CHAPA 8003 PORTA PASSAGEM S;1,0;4,00;10,00;10,00;6,00;33,00;6,00;(0,00);6,00;40,00;-7,00;-1,00(-11,00);21;210,11;6.933,63;0,27;1,00;1,00;ROMETAL FAT MINIMO 3000 REAIS.;29/09/2026;21/09/2026;ACE;S;40,00
3KITRO82BAS;KIT PORTA DE CORRER RO-82 BASIC - (PARA 1 PORTA 100KG)                                                                  PENSA;3,0;2,00;4,00;0,00;1,00;14,00;2,00;(0,00);0,00;13,00;1,00;1,00(1,00);21;54,09;757,32;0,07;1,00;1,00;ROMETAL FAT MINIMO 3000 REAIS.;09/06/2026;03/09/2026;ACE;S;11,00
3KITRO82STA;KIT PORTA CORRER RO82 STANDARD P/ 1 PORTA 100KG - COM CHAPA 8003 PORTA PA                                               PENSA - RM;16,0;13,00;26,00;13,00;14,00;58,00;15,00;(0,00);7,00;65,00;-7,00;0,00(-13,00);21;146,38;8.490,21;0,58;1,00;1,00;ROMETAL FAT MINIMO 3000 REAIS.;29/09/2026;29/09/2026;ACE;S;61,00
3KITSOB13024;KIT PADRAO SUPORTE CABIDEIRO OBLONGO 98MM DIR/ESQ 2 UNIDADES CINZA  -                                                   P-443 13024 ? SAS PLASTIC;13,0;13,00;15,00;27,00;4,00;34,00;0,00;(50,00);0,00;5,00;29,00;29,00(2,00);21;16,83;572,05;0,61;50,00;50,00;;20/10/2025;22/09/2026;ACE;S;5,00
3LAN00NAT16F;PALHA TRAMA COMUM C/160CM LARGURA 16007TCMADEIRA - NATURAL FINA;25,869;31,83;41,02;39,25;46,25;47,00;198,24;(110,00);0,00;129,51;-82,51;-82,51(-121,77);25;84,74;3.982,83;1,25;25,00;25,00;CRT . . - Itens baixados - estoque de merda NÃO COMPRAR;02/09/2026;29/09/2026;ACE;S;77,65
3LAN00NAT50;PALHA SEXTAVADA DE ALGODAO COR NATURAL (COM REFORCO)- 06CTSE50 LARGURA: 50CM;19,35;13,00;15,60;14,35;11,57;24,50;30,59;(175,00);0,00;32,85;-8,35;-8,35(-22,70);25;188,43;4.616,54;0,48;25,00;25,00;CRT . .;09/06/2026;24/09/2026;ACE;S;10,85
3LAN00NAT80;PALHA SEXTAVADA DE ALGODAO COR NATURAL - 06OCSE80 LARGURA 80CM;48,012;32,21;51,74;30,75;34,13;100,60;101,32;(110,00);0,00;129,43;-28,83;-28,83(-59,58);25;167,88;16.888,93;1,27;25,00;25,00;CRT . .;28/09/2026;29/09/2026;ACE;S;91,60
3LAN00NOG14F;PALHA TRAMA COMUM C/140CM LARGURA NOGUEIRA 14007TC NC - NOGUEIRA FINA;49,06;36,73;26,20;46,81;17,55;76,00;41,42;(110,00);0,00;55,90;20,10;20,10(-26,71);25;157,70;11.985,35;1,22;25,00;25,00;CRT . .;28/09/2026;28/09/2026;ACE;S;31,07
3LAN00NOG50;PALHA SEXTAVADA 50CM LARGURA COM REFORCO NOGUEIRA;22,75;19,25;23,15;26,30;17,82;24,00;23,90;(110,00);25,00;26,95;-2,95;22,05(-4,25);25;222,37;5.336,81;0,76;25,00;25,00;CRT . .;28/08/2026;28/09/2026;ACE;S;6,95
3LAN00NOG80;!PALHA SEXTAVADA 80CM LARGURA NOGUEIRA 200 06OCSE80NC;33,902;51,17;48,02;64,03;24,80;137,60;42,04;(110,00);0,00;91,68;45,92;45,92(-18,11);25;183,20;25.208,46;1,81;25,00;25,00;CRT;28/09/2026;29/09/2026;ACE;S;36,26
3LAN00PRE80;PALHA SEXTAVADA DE ALGODAO - COR PRETA LARGURA 80CM;0,0;6,10;0,00;0,00;3,00;10,00;1,06;(0,00);0,00;0,50;9,50;9,50(9,50);25;180,99;1.809,93;0,07;25,00;25,00;CRT;23/08/2022;02/09/2026;ACE;S;0,50
3LATRECL369;ARTICULACAO RECLINAVEL S/ BARRAS (COD 269);48,001;58,00;63,00;53,00;51,00;45,00;38,00;(186,00);65,00;79,00;-34,00;31,00(-22,00);32;204,73;9.212,85;1,93;5,00;1,00;;31/08/2026;25/09/2026;ACE;S;60,00
3MANGPU12MM;MANGUEIRA PU 14MM;0,0;8,00;5,00;6,60;9,00;52,00;6,40;(0,00);0,00;12,40;39,60;39,60(33,00);5;12,09;628,84;0,22;1,00;0,00;;17/09/2026;24/09/2026;ACE;S;12,40
3PENIVEH60OPES;PE NIVELADOR C/ BASE PARA ARMARIO H60MM COM REGULAGEM SUPERIOR E FRONTAL                                                ALLEN 5MM PRETO (00261060) EZDOOR;448,0;652,00;744,00;574,00;408,00;1.600,00;106,00;(1.100,00);500,00;1.462,00;138,00;638,00(64,00);21;5,39;8.628,80;21,89;100,00;100,00;3PENIVEH60OPES  vai ficar no lugar deste 3PEZROUP060;29/09/2026;29/09/2026;ACE;S;1.354,00
3PER0000001;PERFIL SL55 4M PL LSL0114000 MARRON BIGFER (25121);8,0;10,00;0,00;10,00;0,00;50,00;0,00;(20,00);0,00;4,00;46,00;46,00(36,00);31;8,12;405,90;0,22;10,00;10,00;;11/09/2026;31/08/2026;ACE;N;3,00
3PER0003895;PERFIL DE ALUMINIO RM-057 SUPRA NATURAL 6000MM ROMETAL;8,0;4,00;4,00;4,00;0,00;28,00;0,00;(106,00);0,00;1,31;26,69;26,69(22,69);25;168,96;4.730,82;0,13;52,00;4,00;;16/01/2026;31/08/2026;ACE;N;1,31
3PER0003907;PERFIL DE ALUMINIO RM-059 SUPRA NATURAL 6000MM ROMETAL;54,0;174,00;108,00;96,00;72,00;150,00;0,00;(190,00);54,00;336,12;-186,12;-132,12(-228,12);25;109,37;16.404,75;4,20;54,00;6,00;;12/08/2026;29/09/2026;ACE;N;313,16
3PER00TS2025;PERFIL TESTEIRA 2025 ( PARA CHAPA 18MM ) - ALTERNATIVA;30,0;30,00;30,00;30,00;40,00;50,00;0,00;(106,00);0,00;2,40;47,60;47,60(17,60);30;56,88;2.844,15;1,00;10,00;10,00;FAT MINIMO 1500 REAIS. PEDIR JUNTO COM 3PER0003907;29/09/2026;15/09/2026;ACE;N;2,40
3PER0PUX2069;PERFIL ANTI EMPENO 2069  - COM PUXADOR ( PARA CHAPA 18MM E PARA PERFIL DE ALUMINIO 20MM ) - ALTERNATIVA;20,0;80,00;80,00;60,00;60,00;60,00;0,00;(106,00);20,00;164,25;-104,25;-84,25(-144,25);21;88,16;5.289,66;2,44;10,00;10,00;FAT MINIMO 1500 REAIS. PEDIR JUNTO COM 3PER0003907;01/09/2026;24/09/2026;ACE;N;151,96
3PERBAQUETE09;PERFIL BAGUETE BA09 - 3,0MT (PARA VIDRO 3MM) - 19079;1,0;35,00;0,00;0,00;1,00;26,00;0,00;(20,00);0,00;31,42;-5,42;-5,42(-5,42);30;4,56;118,66;0,39;50,00;50,00;PRAZO MEDIO DE ENTREGA: 12 DIAS - FATURAMENTO MINIMO: 800,00;01/06/2026;24/09/2026;ACE;N;21,79
3PERCRDS6501;PERFIL CREMALHEIRA SIMPLES PERFIL COMPRIMENTO DE 2700MM - REF:DS6501                                                    (DS artefatos);0,0;0,00;0,00;0,00;0,00;50,00;0,00;(0,00);0,00;14,00;36,00;36,00(36,00);30;164,27;8.213,60;0,00;10,00;10,00;;18/06/2026;27/04/2026;ACE;N;14,00
3PERENCDP28;PERFIL DE ENCAIXE DUPLO COM CORTE 28.5 X 5 MM (2023-M400);0,0;100,00;0,00;0,00;100,00;100,00;0,00;(41,00);0,00;69,55;30,45;30,45(30,45);29;9,48;947,60;1,11;50,00;1,00;;16/06/2026;03/09/2026;ACE;N;51,60
3PEZ0000046;PROTETOR DE PISO 46 MM - FELTRO REDONDO ALTO COLANTE;5044,0;12.552,00;16.188,00;6.048,00;3.792,00;19.908,00;0,00;(9.428,00);0,00;337,00;19.571,00;19.571,00(13.523,00);21;0,16;3.165,37;386,53;10.000,00;1.000,00;;29/09/2026;23/09/2026;ACE;N;217,00
3PEZ0005300;REF: 5400 - PES NIVELADORES S/ BUCHA 1/4 X 11/2;7,7700000000000005;53,31;15,35;12,99;8,60;88,00;7,23;(5,00);0,00;11,29;76,71;76,71(63,72);31;83,64;7.359,88;0,91;30,00;1,00;;30/03/2026;28/09/2026;ACE;S;7,58
3PEZBA15X15;PONTEIRA QUADRADA PE PRETA 15X15;128,0;232,00;251,00;120,00;376,00;222,00;266,00;(20,00);0,00;332,00;-110,00;-110,00(-230,00);10;1,57;348,10;6,70;50,00;50,00;;21/09/2026;28/09/2026;ACE;S;316,00
3PEZDESL019;!PE DESLIZANTE DIAMETRO 019MM X 2,6 TRANSPARENTE- MAPOL COM PREGO;10000,0;11.200,00;17.200,00;9.800,00;10.000,00;30.000,00;0,00;(6.000,00);0,00;21.959,48;8.040,52;8.040,52(-1.759,48);20;0,20;5.970,00;424,44;3.000,00;1.000,00;;01/09/2026;04/09/2026;ACE;N;13.460,32
3PEZDESL024;PE DESLIZANTE DIAMETRO 024MM COM PREGO COD. 55002;0,0;0,00;600,00;0,00;200,00;1.000,00;0,00;(353,00);0,00;104,00;896,00;896,00(896,00);31;0,87;870,00;6,67;3.000,00;1.000,00;;04/12/2024;24/09/2026;ACE;N;76,00
3PIMIFI55M8;PINO MAXIFIX S35 B55 M8X9,5MM ACO ZIN 262.87.912;0,0;0,00;0,00;0,00;0,00;200,00;0,00;(500,00);0,00;16,00;184,00;184,00(184,00);50;0,96;192,20;0,00;1.000,00;100,00;Itens baixados - estoque de merda NÃO COMPRAR;12/11/2024;29/05/2026;ACE;N;16,00
3PINO00GUIA;PINO GUIA PARA PORTA PASSAGEM;8,0;15,00;29,00;25,00;18,00;88,00;18,00;(0,00);0,00;87,00;1,00;1,00(-24,00);10;3,96;348,22;0,77;20,00;20,00;;11/09/2026;29/09/2026;ACE;S;85,00
3PINOCROM00;PINO CROMADO TS110 CIOBA;100,0;270,00;192,00;216,00;192,00;1.042,00;25,00;(407,00);0,00;324,00;718,00;718,00(502,00);49;0,19;201,11;7,53;5.000,00;1.000,00;;19/11/2021;28/09/2026;ACE;S;316,00
3PIST0F1200N;PISTAO A GAS 1200N FORCA DE 120 KGF;0,0;0,00;0,00;0,00;4,00;29,00;0,00;(0,00);0,00;2,00;27,00;27,00(27,00);20;18,57;538,44;0,00;60,00;60,00;ATENÇÃO - NAO COMPRAR MAIS QUE 30 UNIDADES, AVALIAR COM ENGENHARIA / DJALMA;11/12/2025;23/09/2026;ACE;S;2,00
3PONT0000010;*** TAPA FURO DE PARAFUSO 10MM - PEZINHO CADEIRA PLATAFORMA;0,0;0,00;0,00;48,00;0,00;928,00;24,00;(0,00);0,00;24,00;904,00;904,00(856,00);25;0,18;164,26;0,53;1.000,00;0,00;;22/07/2026;24/08/2026;ACE;S;24,00
3PONT000003;PONTEIRA PLASTICA REDONDA PRETA 7/8 EXTERNO;27,0;37,00;0,00;91,00;27,00;117,00;19,00;(150,00);0,00;15,00;102,00;102,00(11,00);15;1,62;189,54;1,42;100,00;100,00;;25/05/2026;23/09/2026;ACE;S;15,00
3PONTRED11/4;*** PONTEIRA REDONDA INTERNA 1.1/4;0,0;0,00;0,00;22,00;136,00;290,00;52,00;(0,00);0,00;64,00;226,00;226,00(204,00);5;0,35;102,66;0,24;500,00;0,00;;22/07/2026;11/09/2026;ACE;S;64,00
3RATTANAT4MM;FILETE PARA ACABAMENTO NATURAL - FILETE NATURAL;275,135;301,44;401,55;312,37;364,59;408,00;871,20;(5,00);200,00;950,84;-542,84;-342,84(-655,21);25;3,74;1.525,92;11,28;200,00;200,00;CRT;08/09/2026;29/09/2026;ACE;S;589,53
3RATTANOG4MM;!FILETE PARA ACABAMENTO NOGUEIRA FILETE NOGUEIRA;216,889;377,30;347,22;443,38;218,73;461,00;667,21;(5,00);0,00;591,52;-130,52;-130,52(-573,90);25;3,71;1.710,77;12,98;200,00;200,00;CRT;28/09/2026;29/09/2026;ACE;S;263,90
3RATTAPRE4MM;FILETE PARA ACABAMENTO PRETO FILETE PRETO;5,672;50,09;14,70;0,00;8,51;105,00;4,41;(5,00);0,00;1,42;103,58;103,58(103,58);25;3,77;396,17;0,72;200,00;200,00;CRT;07/10/2025;02/09/2026;ACE;S;1,42
3ROL0006204;!ROLAMENTO 6204(ZZ OU DDU) II LINHA(POLTRONA 079/FORMA GIRATORIA);186,0;218,00;314,00;462,00;204,00;148,00;158,00;(70,00);200,00;172,00;-24,00;176,00(-286,00);7;3,01;445,63;11,04;50,00;50,00;;13/07/2026;29/09/2026;ACE;S;170,00
3SIS0000DIR;SISTEMA ESCALA LADO DIREITO PARA PORTA DE PASSAGEM DIAMETRO 7MM;0,0;4,00;3,00;0,00;6,00;2,00;4,00;(0,00);10,00;10,00;-8,00;2,00(2,00);30;12,58;25,16;0,08;10,00;10,00;FAT. MINIMO 900 REAIS;24/06/2026;11/09/2026;ACE;S;10,00
3SIS0000ESQ;SISTEMA ESCALA LADO ESQUERDO PARA PORTA DE PASSAGEM DIAMETRO 7MM;5,0;0,00;8,00;0,00;10,00;10,00;1,00;(0,00);20,00;21,00;-11,00;9,00(9,00);30;12,52;125,18;0,09;10,00;10,00;FAT. MINIMO 900 REAIS;24/06/2026;15/09/2026;ACE;S;17,00
3SISTCM9512;SISTEMA CORRER RO - 464025 COM GUIA INTELIGENTE ROMETAL;0,0;3,00;2,00;0,00;2,00;6,00;2,00;(0,00);0,00;2,00;4,00;4,00(4,00);21;19,76;118,57;0,06;10,00;10,00;FAT. MINIMO 900 REAIS;07/10/2025;16/09/2026;ACE;S;2,00
3SUP0000010;SUPORTE PRATELEIRA (TS330.07 NI);46,0;62,00;80,00;82,00;48,00;4.107,00;8,00;(3.000,00);0,00;48,00;4.059,00;4.059,00(3.977,00);46;0,51;2.094,57;2,49;5.000,00;1.000,00;;14/03/2025;17/09/2026;ACE;S;48,00
3SUP0000012;!CANTONEIRA DE FIXACAO COM 2 FUROS NIQUEL BIGFER (04.08.115.421);1200,0;3.500,00;5.000,00;5.200,00;1.200,00;6.600,00;0,00;(2.500,00);0,00;4.947,00;1.653,00;1.653,00(-3.547,00);30;0,15;957,00;152,22;500,00;100,00;;11/09/2026;25/09/2026;ACE;N;4.699,00
3SUP000AEREO;SUPORTE DE FIXACAO AEREA ZINCO BRANCO BIGFER (04.08.120);800,0;1.336,00;1.616,00;1.062,00;1.326,00;3.200,00;757,00;(0,00);1.500,00;3.692,00;-492,00;1.008,00(-54,00);21;0,51;1.616,00;44,60;500,00;500,00;;11/09/2026;29/09/2026;ACE;S;3.548,00
3SUP0VB3519;DISP VB35 D/19 NIQUELADO NACIONAL NIQUELADO BIGFER (65513);1549,0;2.399,00;2.863,00;2.183,00;1.818,00;5.000,00;396,00;(6.600,00);2.800,00;6.082,00;-1.082,00;1.718,00(-465,00);21;1,53;7.655,00;82,72;200,00;200,00;;23/09/2026;29/09/2026;ACE;S;5.450,00
3SUPDS15001D;SUPORTE EASY FIXACAO OCULTA (PECA DIREITA) - REF:DS15001D                                                               (DS artefatos);109,0;209,00;232,00;223,00;255,00;473,00;64,00;(0,00);10,00;360,00;113,00;123,00(-100,00);30;14,15;6.691,53;7,38;10,00;10,00;;28/09/2026;29/09/2026;ACE;S;311,00
3SUPDS15001E;SUPORTE EASY OVAL FIXACAO OCULTA (PECA ESQUERDA) - REF:DS15001E                                                         (DS artefatos);109,0;208,00;232,00;224,00;253,00;455,00;75,00;(0,00);60,00;360,00;95,00;155,00(-69,00);30;14,16;6.444,17;7,38;10,00;10,00;;28/09/2026;29/09/2026;ACE;S;311,00
3SUPDS15001V;SUPORTE EASY OVAL FIXACAO OCULTA (PECA CENTRAL) - REF:DS15001V                                                          (DS artefatos);124,0;254,00;252,00;262,00;298,00;525,00;92,00;(0,00);0,00;387,00;138,00;138,00(-124,00);30;14,37;7.544,25;8,53;10,00;10,00;;28/09/2026;29/09/2026;ACE;S;345,00
3SUPFIX0BRA;SUPORTE DE FIXACAO REGULAVEL ZINCO BRANCO BIGFER (04.04.486.411);0,0;2.832,00;362,00;333,00;2.794,00;1.692,00;0,00;(4.600,00);0,00;56,00;1.636,00;1.636,00(1.303,00);21;0,74;1.255,46;39,19;300,00;100,00;sera substiruido por cunha de madeira com alteração no promob;28/09/2026;25/09/2026;ACE;S;56,00
3SUPFIXLT8003;CORPO ZAMAC FIXACAO LATERAL RO 8003 - PARA SISTEMA DE CORRER RO82;32,0;36,00;64,00;30,00;42,00;280,00;42,00;(0,00);0,00;218,00;62,00;62,00(32,00);60;7,03;1.968,68;1,44;20,00;20,00;ROMETAL FAT MINIMO 3000 REAIS.;09/09/2026;29/09/2026;ACE;S;206,00
3SUPKUBCORP;KUBIC CORPO FURADO D=5, NK (IT 16100);266,0;526,00;548,00;156,00;124,00;1.700,00;78,00;(433,00);0,00;1.124,00;576,00;576,00(420,00);12;3,92;6.657,20;13,67;1.000,00;1.000,00;FAZ PAR COM 3SUPKUBPRAT;25/09/2026;28/09/2026;ACE;S;1.032,00
3SUPKUBPRAT;SUPORTE KUBIC PRATELEIRA DE VIDRO 5-9MM ( IT 16200 );270,0;527,00;642,00;156,00;124,00;1.650,00;73,00;(600,00);0,00;1.124,00;526,00;526,00(370,00);12;0,77;1.263,90;14,72;1.000,00;1.000,00;FAZ PAR COM 3SUPKUBCORP;22/06/2026;28/09/2026;ACE;S;1.032,00
3SUPOC25TENTI8;SUPORTE OCULTO PARA PRATELEIRA DE 25MM - TENTI 8 (632.500.105) EZDOOR;138,0;429,00;500,00;452,00;376,00;960,00;246,00;(0,00);250,00;1.118,00;-158,00;92,00(-360,00);21;14,37;13.790,40;15,34;10,00;10,00;;18/09/2026;29/09/2026;ACE;S;1.071,00
3SUPOC50TENTI9;SUPORTE OCULTO PARA PRATELEIRA DE 50MM - TENTI 9 (633.121.103) EZDOOR;14,0;183,00;216,00;65,00;46,00;422,00;87,00;(0,00);58,00;451,00;-29,00;29,00(-36,00);21;19,93;8.411,30;5,16;10,00;10,00;;29/09/2026;29/09/2026;ACE;S;442,00
3SUPPRAOC14;SUPORTE OCULTO DE 14 X 140MM PARA PRATELERIA SUSPENSA  -  GIVI;15,0;3,00;15,00;51,00;22,00;78,00;15,00;(100,00);100,00;81,00;-3,00;97,00(46,00);25;5,27;411,06;0,77;100,00;10,00;FAT. MINIMO 700 REAIS.;04/08/2026;29/09/2026;ACE;S;69,00
3SUPUBLOCKP323;SUPORTE UNIBLOCK PLASTICO/METAL 15MM P-323 SAS PLASTIC;3762,0;8.087,00;8.982,00;6.809,00;7.097,00;17.500,00;2.530,00;(2.000,00);8.000,00;18.994,00;-1.494,00;6.506,00(-303,00);21;0,59;10.237,50;265,31;2.000,00;2.000,00;;28/09/2026;29/09/2026;ACE;S;17.868,00
3TAMBMNIFIX;TAMBOR RASTEX 15/15 L ZINCO BRANCO BIGFER (4130872884);0,0;5.000,00;2.500,00;5.000,00;2.500,00;10.000,00;0,00;(2.000,00);0,00;9.226,00;774,00;774,00(-4.226,00);21;0,16;1.590,00;138,89;5.000,00;2.500,00;;22/07/2026;04/09/2026;ACE;N;8.586,00
3TOMARR2PT20A;PLACA COM SUPORTE PARA MOVEL MARRON SLEEK + MODULO TOMADA                                                               2P+T 20A MARROM SLEEK;0,0;0,00;0,00;0,00;0,00;24,00;0,00;(0,00);0,00;4,00;20,00;20,00(20,00);10;10,64;255,26;0,00;2,00;1,00;;10/02/2026;18/09/2026;ACE;S;4,00
3TRICORM003;TRILHO RM003 - PORTA PASSAGEM SUSPENSA ( PECA COM 6 MT );14,0;6,00;10,00;18,00;28,00;0,00;0,00;(0,00);8,00;18,64;-18,64;-10,64(-28,64);25;254,33;0,00;0,38;4,00;4,00;ROMETAL FAT MINIMO 3000 REAIS.;23/09/2026;29/09/2026;ACE;N;8,25
3TRIPASSU6M;TRILHO U PARA PORTA DE PASSAGEM (RM136 6 METROS);1,0;5,00;7,00;10,00;9,00;6,00;0,00;(0,00);0,00;7,41;-1,41;-1,41(-11,41);25;26,25;157,51;0,24;12,00;12,00;codigo antigo 3TRIPASS00U;26/05/2026;29/09/2026;ACE;N;6,36
3TRPADS16713;TRAVA PAINEL FUNDO - EMBALAGEM COM 1 PAR - REF:DS16713;0,0;0,00;15,00;15,00;12,00;112,00;12,00;(0,00);0,00;18,00;94,00;94,00(79,00);30;6,39;716,02;0,33;2,00;2,00;;10/08/2022;17/09/2026;ACE;S;18,00
3TUBOPVC200;TUBO DE PVC DE 200MM;0,15;0,45;0,15;1,35;1,05;6,00;8,25;(4,00);0,00;1,05;4,95;4,95(3,60);10;66,48;398,89;0,02;6,00;6,00;;17/08/2026;25/09/2026;ACE;S;0,83
3TUBOPVC300;TUBO DE PVC DE 300MM;12,0;12,14;6,77;18,50;10,41;18,00;8,07;(1,00);18,00;30,44;-12,44;5,56(-12,94);30;124,04;2.232,79;0,42;6,00;6,00;;17/09/2026;25/09/2026;ACE;S;29,32
3VASOCEREST;BOWL 18CM DIAMETRO 08CM ALTURA 08CM DIAMENTRO BASE 1,2CM BASE -                                                         CABIDEIRO RESTINGA;6,0;11,00;17,00;19,00;14,00;11,00;0,00;(0,00);40,00;7,00;4,00;44,00(25,00);70;87,75;965,20;0,52;10,00;10,00;CRT.;25/05/2026;29/09/2026;ACE;S;7,00
3VASOVDR12;VASO VIDRO INCOLOR 437/12 12X12CM LUVIDARTE 12;0,0;3,00;5,00;1,00;1,00;21,00;0,00;(0,00);0,00;2,00;19,00;19,00(18,00);18;40,91;859,19;0,10;25,00;1,00;;16/06/2026;01/09/2026;ACE;S;2,00
3VASOVDR18;VASO VIDRO INCOLOR 438/12 TR 18X12CM LUVIDARTE 18;1,0;5,00;0,00;1,00;6,00;13,00;1,00;(0,00);0,00;2,00;11,00;11,00(10,00);18;69,28;900,59;0,07;12,00;1,00;;28/09/2026;16/09/2026;ACE;S;2,00
3ACABA01249;*** ACAB05 BA 1249 TQ NATURAL 156J BA TOS.1249.156JBA;0,0;20,00;20,00;0,00;80,00;0,00;0,00;(0,00);100,00;3,99;-3,99;96,01(96,01);21;73,04;0,00;0,44;40,00;0,00;;15/09/2026;25/09/2026;FND;N;2,49
3ACABPUBCO1;ECOPAC CONVERTER BRANCO GL 10 BPAPF002907L15.2 (IVE) PU;15,2;15,20;30,40;0,00;30,40;15,20;0,00;(46,00);15,20;18,96;-3,76;11,44(11,44);15;60,64;921,67;0,51;15,20;15,20;3BAWFDB6554GL;19/08/2026;24/09/2026;FND;N;14,54
3CAT0006975;!CATALIZADOR 6975 (SAYERLACK);180,0;216,00;180,00;144,00;144,00;144,00;0,00;(774,00);54,00;929,74;-785,74;-731,74(-875,74);15;33,94;4.887,79;6,00;18,00;18,00;;27/07/2026;29/09/2026;FND;N;566,71
3CAT0012702;!CATALISADOR ALIFATICO PL 12702;30,0;40,00;25,00;25,00;35,00;25,00;0,00;(36,00);20,00;26,36;-1,36;18,64(-6,36);21;82,95;2.073,63;1,00;20,00;20,00;;09/09/2026;28/09/2026;FND;N;17,07
3CAT00ABRAS;!FIBRA  ABRASIVA  ACABAMENTOS 115X290MM;100,0;170,00;100,00;120,00;100,00;1.560,00;0,00;(540,00);0,00;4.669,26;-3.109,26;-3.109,26(-3.229,26);10;5,40;8.428,68;4,33;20,00;20,00;CRT;22/07/2026;25/09/2026;FND;N;3.059,68
3CONVGL0583;# ECOPAC CONVERTER GL 5 BPATF001818L20 (IVE) PU;0,0;0,00;0,00;0,00;0,00;40,00;0,00;(111,00);0,00;317,60;-277,60;-277,60(-277,60);15;46,46;1.858,32;0,00;20,00;20,00;"BH TINTAS LOTE 20LT
SUBSTITUTO: 3BAWFDI6554GL e 3BAWFDT6554GL";28/08/2025;29/01/2026;FND;N;186,30
3DILU004300;DILUENTE DP 4300 (SAYERLACK);90,0;90,00;72,00;54,00;90,00;23,00;0,00;(18,00);90,00;2,24;20,77;110,77(56,77);15;29,87;687,01;2,40;90,00;90,00;DIVIDIR ENTREGA EM 4 SEMANAS. COLOCAR DATA ENT. ULTIMO DIA DO MES.;14/08/2026;23/09/2026;FND;N;0,99
3DLU0004068;!DILUENTE DF 4068 (SAYERLACK);1041,872;1.311,81;1.087,58;1.136,62;751,36;738,00;403,36;(882,00);630,00;1.263,79;-525,79;104,21(-1.032,41);15;22,48;16.593,19;39,29;18,00;18,00;;21/09/2026;29/09/2026;FND;S;741,17
3FNDACR7690;!FUNDO ACRILICO JL.7705.00BH - SAYERLACK;80,0;60,00;140,00;140,00;120,00;140,00;0,00;(702,00);0,00;863,18;-723,18;-723,18(-863,18);21;30,23;4.232,34;3,78;20,00;20,00;;03/08/2026;29/09/2026;FND;N;517,26
3FUNBA01163;*** FUNDO BA 1163 TQ BG YL 1163.00BG;0,0;20,00;0,00;0,00;60,00;40,00;0,00;(0,00);40,00;1,16;38,84;78,84(78,84);21;39,04;1.561,76;0,22;40,00;0,00;;22/09/2026;28/09/2026;FND;N;0,73
3ISOBA01258;*** ISOLANTE BA 1258 TQ NATURAL 155J BA YI.1258.155JBA;0,0;20,00;0,00;0,00;60,00;0,00;0,00;(0,00);40,00;0,64;-0,64;39,36(39,36);21;31,32;0,00;0,22;40,00;0,00;;22/09/2026;28/09/2026;FND;N;0,40
3ISOLTRAN619;!ISOLANTE PU TRANSPARENTE FI.6192LT - SAYERLACK;324,0;378,00;306,00;432,00;324,00;18,00;0,00;(7,00);486,00;101,77;-83,77;402,23(-29,77);21;35,90;646,13;12,40;18,00;18,00;;21/09/2026;24/09/2026;FND;N;65,96
3LACA0DUNA;!ESMALTE PU ACR DUNA METALIZADO 13213;20,0;40,00;60,00;20,00;60,00;40,00;0,00;(0,00);20,00;41,99;-1,99;18,01(-1,99);21;135,72;5.428,84;1,33;20,00;20,00;PEDIDO MíNIMO DO FORNECEDOR R$ 1.500,00;22/09/2026;22/09/2026;FND;N;34,38
3LACAMCROMO;ESMALTE PU ACR CROMO METALIZADO 13244;20,0;0,00;20,00;20,00;0,00;40,00;0,00;(0,00);0,00;16,79;23,21;23,21(3,21);21;91,40;3.655,92;0,44;20,00;20,00;;22/09/2026;17/08/2026;FND;N;13,69
3LACAMVULCA;LACA VULCANO METALIZADO  - AY88 MATT TITANIUM BHT 494;7,2;3,60;3,60;14,40;7,20;10,80;0,00;(0,00);0,00;2,81;7,99;7,99(-6,41);21;216,15;2.334,37;0,24;3,60;3,60;;25/09/2026;16/09/2026;FND;N;0,11
3LACFOCARBONO;LACA PU CARBONO FOSCO FOA106567.593SBH. (SAYERLACK);20,0;20,00;20,00;20,00;20,00;20,00;0,00;(0,00);40,00;18,27;1,73;41,73(21,73);21;71,69;1.433,84;0,67;40,00;20,00;;31/08/2026;03/09/2026;FND;N;11,32
3LACFOQUINOA;!ACAB PU FOSCO QUINOA FOA106567.479SBH (SAYERLACK);40,0;80,00;120,00;60,00;80,00;20,00;0,00;(0,00);80,00;65,94;-45,94;34,07(-25,94);21;76,18;1.523,52;2,89;40,00;20,00;;10/08/2026;28/09/2026;FND;N;41,48
3LACLKR90KH;ACAB PU FOSCO PRETO FOA10.6567.01BH (SAYERLACK);80,0;80,00;60,00;60,00;60,00;40,00;0,00;(60,00);60,00;4,94;35,06;95,06(35,06);21;63,86;2.554,40;2,22;60,00;60,00;;10/08/2026;22/09/2026;FND;N;3,01
3LACMA0RUST;ESMALTE PU ACR HUST METALIZADO 13245;60,0;20,00;60,00;20,00;40,00;40,00;0,00;(0,00);20,00;28,77;11,23;31,23(11,23);21;137,23;5.489,12;1,11;20,00;20,00;;22/09/2026;10/09/2026;FND;N;19,97
3LACMACACAU;ESMALTE PU ACR CACAU METALIZADO 13246;23,6;14,40;0,00;10,80;7,20;25,20;0,00;(0,00);0,00;1,80;23,40;23,40(12,60);21;94,50;2.381,43;0,28;3,60;3,60;;25/08/2026;16/09/2026;FND;N;1,48
3LACMAHENNA;LACA HENNA METALIZADO  - AY 88 UNI-CO BHT276 PU (COMPRADO POR DEMANDA);0,0;3,60;7,20;7,20;3,60;10,80;0,00;(0,00);0,00;4,33;6,47;6,47(-0,73);21;266,91;2.882,64;0,20;3,60;3,60;;25/09/2026;16/09/2026;FND;N;3,30
3LACMAQUINO;ESMALTE PU ACR QUINOA METALIZADO 13215;40,0;20,00;20,00;40,00;20,00;40,00;0,00;(0,00);0,00;19,49;20,51;20,51(-19,49);21;108,24;4.329,68;0,89;20,00;20,00;;22/09/2026;03/09/2026;FND;N;10,79
3LACMASTEEL;ESMALTE PU ACR STEEL METALIZADO 13214;40,0;20,00;40,00;20,00;20,00;40,00;0,00;(0,00);0,00;43,00;-3,00;-3,00(-23,00);21;137,05;5.482,12;0,89;20,00;20,00;;22/09/2026;03/09/2026;FND;N;26,58
3MAS0076402;!MASSA BRANCA NL764-02 (SAYERLACK);14,4;14,40;14,40;14,40;0,00;216,00;0,00;(22,00);0,00;617,07;-401,07;-401,07(-415,47);21;33,30;7.192,15;0,48;14,40;14,40;;20/07/2026;21/08/2026;FND;N;396,12
3MASYL01424;SAYERMASSA BRANCA YL 142402 (SAYERLACK);18,0;60,00;84,00;96,00;78,00;48,00;0,00;(72,00);72,00;99,72;-51,72;20,28(-75,72);21;16,74;803,71;2,67;6,00;6,00;;21/09/2026;24/09/2026;FND;N;60,57
3OLEORUBAMB;OIL PLUS 2C AMBIA 1,3LT;3,9;16,90;13,00;18,20;11,70;14,30;0,00;(540,00);0,00;12,27;2,03;2,03(-16,17);15;709,53;10.146,31;0,53;1,30;1,30;CRT.;25/09/2026;22/09/2026;FND;N;4,90
3OLEORUBFAV;!OIL PLUS 2C FAVO 1,3LT;32,5;24,70;5,20;20,80;29,90;6,50;0,00;(540,00);6,50;3,59;2,91;9,41(-11,39);10;709,53;4.611,96;0,56;1,30;1,30;CRT. ATENCAO AO CONSUMO ( ALTERACAO DE MADEIRA P/JETIQUIBA - 3OLEORUBFAVJ  );25/09/2026;29/09/2026;FND;N;1,59
3OLEORUBFAVJ;!OIL 2C DARK OAK 1,3LT - (FAVO JETIQ.);9,1;10,40;9,10;2,60;0,00;35,10;0,00;(540,00);0,00;72,36;-37,26;-37,26(-39,86);10;1.034,45;36.309,02;0,25;1,30;1,30;CRT.;27/07/2026;10/08/2026;FND;N;47,50
3OLEORUBNAT;!OLEO RUBIO MONOCOAT OIL + 2C GOLDLABEL PURE 3,5LT  - NATURAL;66,5;73,50;49,00;42,00;52,50;21,00;0,00;(540,00);14,00;64,91;-43,91;-29,91(-71,91);10;506,81;10.642,97;1,83;3,50;3,50;CRT.;18/09/2026;29/09/2026;FND;N;42,01
3OLEORUBNEV;OLEO RUBIO MONOCOAT OIL PLUS 2C - SMOKE 5% - 1,3LT  - NEVOA;3,9;3,90;1,30;3,90;3,90;5,20;0,00;(540,00);0,00;5,96;-0,76;-0,76(-4,66);10;1.034,44;5.379,08;0,10;1,30;1,30;CRT. CONSUMO SERA REDUZIDO;25/09/2026;10/09/2026;FND;N;5,31
3PRIBCO6254;!FUNDO PU BRANCO FL6264-02BH (SAYERLACK);394,95300000000003;454,92;603,60;516,52;364,39;320,00;230,47;(720,00);320,00;615,13;-295,13;24,87(-491,64);15;28,12;8.997,76;17,50;20,00;20,00;;21/09/2026;29/09/2026;FND;S;377,27
3QUE0000001;QUEROSENE (COLORMAX);25,0;33,00;26,00;27,00;12,00;107,00;0,00;(24,00);0,00;0,20;106,80;106,80(79,80);25;9,69;1.036,30;0,96;48,00;48,00;;04/09/2026;29/09/2026;FND;N;0,20
3RETARDA0PU;!RETARDADOR PARA PU DE 4014 (SAYERLACK);180,0;306,00;288,00;288,00;306,00;36,00;0,00;(180,00);234,00;192,76;-156,76;77,24(-210,76);15;35,50;1.278,00;9,80;18,00;18,00;;21/09/2026;29/09/2026;FND;N;114,13
3RETBA01401;*** RETICULANTE BA 1401 FM YC 1401FM;0,0;0,50;0,00;0,00;1,00;2,00;0,00;(0,00);2,00;0,04;1,96;3,96(3,96);21;525,46;1.050,92;0,01;1,00;5,00;;15/09/2026;15/09/2026;FND;N;0,03
3TING00T900;!TINGIDOR ZAINO CGT900 TM.3610.124K (SAYERLACK);20,0;65,00;31,00;60,00;40,00;89,00;0,00;(40,00);0,00;201,25;-112,25;-112,25(-172,25);21;76,62;6.819,45;1,73;20,00;20,00;;10/08/2026;22/09/2026;FND;N;119,26
3TINTA0AZULCR;***TINTA AZUL CROMO ELETROSTATICA (CAIXA:25KG) (COLORTEX) - MICRO TEXTURA UL                                            TRA FOSCO;0,0;0,00;0,00;0,00;0,00;59,60;0,00;(25,00);0,00;0,60;59,00;59,00(59,00);40;46,55;2.774,14;0,00;50,00;50,00;;12/05/2026;24/03/2026;FND;N;0,10
3TINTA0BEGE;!TINTA BEGE ELETROSTATICA (CAIXA:25KG) (COLORTEX);0,0;0,00;50,00;25,00;25,00;50,00;0,00;(7,00);0,00;11,97;38,04;38,04(13,04);41;46,70;2.334,90;0,83;50,00;50,00;;04/09/2026;11/09/2026;FND;N;11,97
3TINTA0BRANCO;***TINTA BRANCO CINTILA ELETROSTATICA (CAIXA:25KG) (COLORTEX) - MICRO TEXTUR                                            A ULTRA FOSCO;0,0;0,00;0,00;0,00;0,00;25,00;0,00;(25,00);0,00;1,20;23,80;23,80(23,80);40;54,11;1.352,78;0,00;50,00;50,00;;26/06/2023;05/02/2026;FND;N;1,20
3TINTA0CACAU;TINTA CACAU ELETROSTATICA (CAIXA:25KG) (COLORTEX) -                                                                     MICRO TEXTURA ULTRA FOSCO;0,0;25,00;25,00;25,00;25,00;75,00;0,00;(25,00);0,00;16,28;58,72;58,72(33,72);40;28,12;2.109,23;0,83;50,00;50,00;;09/04/2026;25/09/2026;FND;N;14,28
3TINTA0HENNA;*** TINTA HENNA ELETROSTATICA (CAIXA:25KG) (COLORTEX) - MICRO TEXTURA ULTRA                                             FOSCO;0,0;25,00;0,00;25,00;25,00;0,00;0,00;(25,00);100,00;7,55;-7,55;92,45(67,45);40;30,46;0,00;0,56;100,00;100,00;;23/09/2025;17/09/2026;FND;N;7,55
3TINTA0MIST;TINTA MIST RAL 7037 ELETROSTATICA (CAIXA:25KG) (COLORTEX) - MICRO TEXTURA                                               ULTRA FOSCO;0,0;0,00;25,00;0,00;25,00;25,00;0,00;(25,00);0,00;4,36;20,64;20,64(20,64);40;36,06;901,38;0,28;50,00;50,00;;28/08/2026;29/09/2026;FND;N;4,36
3TINTA0QUINOA;!TINTA QUINOA ELETROSTATICA (CAIXA:25KG) (COLORTEX) - MICRO TEXTURA                                                     ULTRA;0,0;25,00;50,00;25,00;25,00;75,00;0,00;(25,00);0,00;32,38;42,62;42,62(17,62);40;31,14;2.335,65;1,11;100,00;100,00;;10/07/2026;11/09/2026;FND;N;26,78
3TINTA0TERCO;***TINTA MARROM LISO FOSCO POLIESTER DCPP6135F (COR LIDER TERRACOTA);0,0;0,00;50,00;0,00;0,00;59,40;0,00;(25,00);0,00;0,20;59,20;59,20(59,20);30;50,45;2.996,49;0,56;50,00;50,00;;15/09/2026;27/07/2026;FND;N;0,20
3TINTAPBZ001;** VERNIZ EM PO (WEG POL VERNIZ INCOLOR LI BR 10005709 COD 994 COLLORTEX);0,0;0,00;15,00;0,00;0,00;30,00;0,00;(2,00);0,00;1,37;28,63;28,63(28,63);41;68,13;2.044,02;0,17;30,00;30,00;Itens de baixo consumo baixados 2021 ? Analisar compra - ITEM DE BAIXO CONSUMO;09/06/2025;07/07/2026;FND;N;1,37
3TINTAPRETAFOS;TINTA PRETA FOSCA - LATA 3,6;0,0;3,00;2,00;0,00;0,00;5,00;0,00;(3,00);0,00;1,35;3,65;3,65(3,65);13;139,22;696,12;0,06;2,00;1,00;;04/03/2026;27/07/2026;FND;N;1,35
3TINTAPRETL;!TINTA ELETROSTATICA PRETO LISO (FLEXTINTAS PFN.001 FOSCO POLIESTER;25,0;125,00;125,00;150,00;100,00;175,00;0,00;(50,00);0,00;217,19;-42,19;-42,19(-192,19);12;28,79;5.038,78;4,44;50,00;50,00;;25/09/2026;17/09/2026;FND;N;207,49
3TINTMARRONL;TINTA ELETROSTATICA EM PO MARROM LISO 10005892;0,0;0,00;25,00;0,00;25,00;75,00;0,00;(50,00);0,00;34,83;40,17;40,17(40,17);16;42,99;3.224,33;0,28;50,00;50,00;;19/03/2026;17/09/2026;FND;N;30,93
3VRNFOSCOF5;!VERNIZ ACABAMENTO ACRILICO FOSCO 10 GLOSS JO10.7644.00BH                                                               (SAYERLACK);404,36899999999997;452,61;469,34;465,78;360,51;320,00;220,08;(540,00);260,00;601,16;-281,16;-21,16(-486,94);21;37,85;12.113,28;15,42;20,00;20,00;;21/09/2026;29/09/2026;FND;S;347,82
3XADREXPRETO;XADREX PRETO PO 250 GR;0,0;0,00;0,00;0,00;0,00;25,00;9,50;(0,00);0,00;0,02;24,98;24,98(24,98);4;11,30;282,50;0,00;5,00;5,00;;21/02/2022;16/01/2026;FND;N;0,02
3A8ESCBBPT;ESCORREDOR PRATO/COPO/TALHER ALEANA (59501+59531+59550+59520)  752.ESC.BB.PT;2,0;1,00;2,00;0,00;0,00;3,00;0,00;(0,00);2,00;3,00;0,00;2,00(2,00);10;854,73;2.564,20;0,03;1,00;1,00;ENTREGA: MONTAGEM KIT 3 DIAS + TRANSPORTE. SE NECESSARIO IMPORTAR 30 DIAS + TRANSPORTE;13/04/2026;23/07/2026;FEC;S;3,00
3ACE000FIO5;ACESSORIO PASSA FIO 05 - CINZA;15,0;40,00;110,00;37,00;44,00;279,00;4,00;(11,00);0,00;41,00;238,00;238,00(201,00);30;0,89;247,47;2,08;100,00;100,00;;04/09/2026;29/09/2026;FEC;S;41,00
3ACFLEXSIFAN15;ACABAMENTO FLEXIVEL PARA SIFAO ANTRACITO PARA 15MM - 680MM (35101660GP)                                                 EZDOOR;8,0;3,25;6,75;10,50;23,50;32,00;3,00;(0,00);9,00;32,00;0,00;9,00(-1,50);21;42,32;1.354,34;0,23;1,00;1,00;;29/09/2026;25/09/2026;FEC;S;32,00
3AMBILAT3PSI80;AMORTECEDOR BILATERAL DA TERCEIRA PORTA SI OCEAN 80 FS (OP23222)                                                        SIFORMA OPK;10,0;9,00;18,00;10,00;8,00;21,00;0,00;(0,00);0,00;10,00;11,00;11,00(1,00);21;97,00;2.036,96;0,41;1,00;1,00;ENTREGA: MONTAGEM KIT 3 DIAS + TRANSPORTE. SE NECESSARIO IMPORTAR 30 DIAS + TRANSPORTE;24/08/2026;28/09/2026;FEC;S;10,00
3AMORCUOP20008;KIT AMORTECEDOR CURTO SISTEMA SI OCEAN 80 FS 10-50KG 700-850MM (OP20008)                                                SIFORMA OPK;21,0;19,00;17,00;13,00;9,00;25,00;2,00;(0,00);10,00;15,00;10,00;20,00(7,00);20;78,54;1.963,58;0,54;1,00;1,00;;31/08/2026;28/09/2026;FEC;S;15,00
3AMORLOOP20006;KIT AMORTECEDOR LONGO SISTEMA SI OCEAN 80 FS 20-80KG 850-1500MM (OP20006)                                               SIFORMA OPK;62,0;62,00;97,00;47,00;56,00;111,00;8,00;(0,00);25,00;89,00;22,00;47,00(0,00);20;79,63;8.838,71;2,29;1,00;1,00;;09/09/2026;29/09/2026;FEC;S;89,00
3AMORTEAM39ALT;AMORTECEDOR PARA PORTA DE ATE 30KG AM 39 (0039.1.10) ALTERNATIVA;0,0;3,00;0,00;1,00;3,00;3,00;0,00;(0,00);0,00;1,00;2,00;2,00(1,00);30;19,14;57,43;0,04;1,00;1,00;ENTREGA: MONTAGEM KIT 3 DIAS + TRANSPORTE. SE NECESSARIO IMPORTAR 30 DIAS + TRANSPORTE;25/08/2026;23/09/2026;FEC;S;1,00
3ARBSSTP37CA;#BOXSIDE SIMPLES 400MM CINZA ALUMINIO (3860150);4,0;12,00;14,00;12,00;16,00;32,00;4,00;(0,00);0,00;14,00;18,00;18,00(6,00);21;17,78;568,93;0,42;1,00;1,00;FAT MIN 800 REAIS;22/09/2026;25/09/2026;FEC;S;14,00
3ARBSSTP42CA;#BOXSIDE SIMPLES 450MM CINZA ALUMINIO - FORN. BLUM (03860580);2,0;16,00;18,00;24,00;12,00;60,00;0,00;(0,00);0,00;24,00;36,00;36,00(12,00);30;18,52;1.110,96;0,64;1,00;1,00;FAT MIN 800 REAIS;12/12/2025;25/09/2026;FEC;S;22,00
3ARBSSTP47CA;#BOXSIDE SIMPLES 500MM CINZA ALUMINIO - BLUM (03834150);174,0;116,00;106,00;146,00;136,00;340,00;14,00;(0,00);0,00;252,00;88,00;88,00(-58,00);30;19,53;6.639,18;4,09;1,00;1,00;;29/09/2026;29/09/2026;FEC;S;218,00
3ARCFPVCBLUM;#CORTADOR DE FILME PVC - ORGALINE - BLUM (09068380);3,0;5,00;3,00;1,00;2,00;9,00;1,00;(0,00);0,00;6,00;3,00;3,00(2,00);30;211,01;1.899,05;0,10;1,00;1,00;FAT MIN 800 REAIS;25/08/2026;24/09/2026;FEC;S;6,00
3ARCLPIA165CIE;#COLUNA FIXACAO LATERAL ESQUERDA CINZA PIATINA 165 MM 1005012920 PIVA                                                   333) - FORNECER COM CORREDICA OCULTA EXTRACAO TOTAL INCLUSA - FIXACAO FRONTAL ? ESQUERDA;4,0;3,00;1,00;2,00;2,00;4,00;1,00;(0,00);0,00;5,00;-1,00;-1,00(-3,00);21;584,70;2.338,80;0,07;5,00;5,00;MINIMO: 1 CAIXA - FATURAMENTO: 1000,00 - ITENS SEM ESTOQUE: MINIMO 10 DIAS;06/07/2026;24/09/2026;FEC;S;5,00
3ARCLPIA265CIE;#COLUNA COM FIXACAO LATERAL CINZA LINHA PLATINA 265 MM - 1005012820 PIVA                                                333) - FORNECER COM CORREDICA OCULTA EXTRACAO TOTAL INCLUSA - FIXACAO FRONTAL ? ESQUERDA;0,0;1,00;0,00;1,00;0,00;3,00;0,00;(0,00);0,00;2,00;1,00;1,00(0,00);30;615,80;1.847,39;0,02;5,00;5,00;MINIMO: 1 CAIXA - FATURAMENTO: 1000,00 - ITENS SEM ESTOQUE: MINIMO 10 DIAS;14/11/2025;18/08/2026;FEC;S;2,00
3ARCPALUBLUM;#CORTADOR DE PAPEL ALUMINIO - ORGALINE - BLUM (09068450);4,0;5,00;3,00;1,00;2,00;12,00;1,00;(0,00);0,00;5,00;7,00;7,00(6,00);30;196,78;2.361,31;0,10;1,00;1,00;FAT MIN 800 REAIS;01/09/2026;24/09/2026;FEC;S;5,00
3ARDELTABASC;ARTICULAR HKIT DUO STD ZMK NIQ 373.66.612;128,0;82,00;94,00;48,00;122,00;162,00;34,00;(0,00);50,00;193,00;-31,00;19,00(-29,00);25;30,11;4.877,98;2,49;50,00;50,00;;16/09/2026;29/09/2026;FEC;S;193,00
3ARDIVLONGTPCZ;#DIVISOR LONGITUDINAL - ORGALINE 04168100 - FORN. BLUM;138,0;67,00;40,00;44,00;102,00;176,00;20,00;(0,00);0,00;108,00;68,00;68,00(24,00);30;19,61;3.451,89;1,68;1,00;1,00;FAT MIN 800 REAIS;22/09/2026;25/09/2026;FEC;S;108,00
3ARFGVE108CA;#FRENTE GAVETA EMBUTIDA CINZA ALUMINIO - FORN. BLUM (04411640);15,0;11,00;15,00;14,00;19,00;9,00;0,00;(0,00);0,00;3,79;5,21;5,21(-8,79);30;70,70;636,32;0,44;1,00;1,00;FAT MIN 800 REAIS;29/09/2026;21/09/2026;FEC;N;0,24
3ARFXFDD22CZ;#FIXADOR FRONTAL GAV. EMBUTIDA DIREITO D - FORN. BLUM (04412290);11,0;6,00;7,00;18,00;7,00;28,00;2,00;(0,00);0,00;24,00;4,00;4,00(-14,00);30;6,62;185,42;0,34;1,00;1,00;FAT MIN 800 REAIS;22/09/2026;28/09/2026;FEC;S;24,00
3ARFXFDM10CZ;#FIXADOR FRONTAL GAV. EMBUTIDA DIREITA M - FORN. BLUM (04411990);10,0;22,00;26,00;23,00;24,00;59,00;2,00;(0,00);0,00;40,00;19,00;19,00(-4,00);30;4,22;248,80;0,79;1,00;1,00;FAT MIN 800 REAIS;22/09/2026;29/09/2026;FEC;S;34,00
3ARFXFED22CZ;#FIXADOR FRONTAL GAV. EMBUTIDA ESQUERDO D - FORN. BLUM (044112370);11,0;6,00;7,00;18,00;9,00;30,00;2,00;(0,00);0,00;24,00;6,00;6,00(-12,00);30;6,62;198,72;0,34;1,00;1,00;FAT MIN 800 REAIS;22/09/2026;29/09/2026;FEC;S;24,00
3ARFXFEM10CZ;#FIXADOR FRONTAL GAV. EMBUTIDA ESQUERDA M - FORN. BLUM (04412000);10,0;22,00;26,00;23,00;24,00;65,00;2,00;(0,00);0,00;40,00;25,00;25,00(2,00);30;4,22;274,11;0,79;1,00;1,00;FAT MIN 800 REAIS;22/09/2026;29/09/2026;FEC;S;34,00
3ARLXINOXPO320;LIXEIRA INOX AUTOMATICA 13L - FORN. POINT (58100);3,0;5,00;2,00;1,00;1,00;4,00;1,00;(0,00);2,00;4,00;0,00;2,00(1,00);10;315,10;1.260,39;0,09;1,00;1,00;ENTREGA: MONTAGEM KIT 3 DIAS + TRANSPORTE. SE NECESSARIO IMPORTAR 30 DIAS + TRANSPORTE;03/06/2026;03/09/2026;FEC;S;4,00
3AROR500KI438;#ORGALINE 500X380 ZSI.500KI4 - FORN. BLUM (03777170);11,0;3,00;1,00;1,00;1,00;10,00;0,00;(0,00);0,00;1,00;9,00;9,00(8,00);30;390,14;3.901,41;0,06;1,00;1,00;FAT MIN 800 REAIS;10/09/2026;15/09/2026;FEC;S;1,00
3ARORBI1IN10;#ORGALINE 450X100 ZSI.450BI1N - FORN. BLUM (06700230);2,0;5,00;4,00;2,00;3,00;10,00;0,00;(0,00);0,00;7,00;3,00;3,00(1,00);30;158,56;1.585,57;0,12;1,00;1,00;FAT MIN 800 REAIS;07/07/2026;03/09/2026;FEC;S;7,00
3ARORBI3IN28;#ORGALINE 450X280 ZSI.450BI3N - FORN. BLUM (06908650);4,0;5,00;2,00;6,00;2,00;17,00;2,00;(0,00);0,00;15,00;2,00;2,00(-4,00);30;244,58;4.157,88;0,14;1,00;1,00;FAT MIN 800 REAIS;29/09/2026;28/09/2026;FEC;S;14,00
3ARORBI4IN38;#ORGALINE 450X380 ZSI.450KI4N - FORN. BLUM (06701630);0,0;6,00;4,00;7,00;4,00;10,00;4,00;(0,00);0,00;12,00;-2,00;-2,00(-9,00);30;325,27;3.252,72;0,19;1,00;1,00;FAT MIN 800 REAIS;22/09/2026;28/09/2026;FEC;S;11,00
3ARPCPIA160CI;#PORTA GARRAFAS/CONDIMENTOS SEM FIXACAO CINZA LINHA PLATINA - FORN. PIVA                                                (1022022620)- FORNECER COM CORREDICA TELESCOPICA EXTRACAO TOTAL\\;0,0;0,00;1,00;1,00;0,00;1,00;0,00;(0,00);0,00;1,00;0,00;0,00(-1,00);45;252,08;252,08;0,02;5,00;5,00;Itens baixados - estoque de merda NÃO COMPRAR;01/04/2025;03/08/2026;FEC;S;1,00
3ARPLIX400CI;#PORTA LIXEIRA DUPLA FLAT C/FIXA. E CORRED. INV. MOD 400MM GRAFITE (10130433                                            55) PIVA;1,0;5,00;3,00;0,00;5,00;2,00;1,00;(0,00);0,00;3,00;-1,00;-1,00(-1,00);21;459,03;918,05;0,09;5,00;5,00;ENTREGA: MONTAGEM KIT 3 DIAS + TRANSPORTE. SE NECESSARIO IMPORTAR 30 DIAS + TRANSPORTE;06/07/2026;22/09/2026;FEC;S;3,00
3ARPTPIA120CI;#PORTA TOALHA CINZA LINHA PLATINA - FORN. PIVA (1013031220) -                                                           FORNECER COM CORREDICA TELESCOPICA EXTRACAO TOTAL;2,0;2,00;2,00;3,00;1,00;0,00;0,00;(0,00);2,00;2,00;-2,00;0,00(-3,00);21;46,53;0,00;0,08;5,00;5,00;MINIMO: 1 CAIXA - FATURAMENTO: 1000,00 - ITENS SEM ESTOQUE: MINIMO 10 DIAS;12/05/2026;11/09/2026;FEC;S;2,00
3ARPVASS500CI;#PORTA VASSOURA SUPERIOR PRATA L.A. SERVICO - FORN. PIVA (1013050430)                                                   \ \ \ \;0,0;2,00;1,00;1,00;1,00;3,00;1,00;(0,00);0,00;2,00;1,00;1,00(0,00);30;31,45;94,34;0,04;10,00;10,00;MINIMO: 1 CAIXA - FATURAMENTO: 1000,00 - ITENS SEM ESTOQUE: MINIMO 10 DIAS - ITEM DE BAIXO CONSUMO;22/10/2025;21/09/2026;FEC;S;2,00
3ARSUDVTRTPCZ;#SUPORTE PARA DIVISOR TRANSVERSAL - ORGALINE 06128130 - FORN. BLUM;170,0;126,00;68,00;74,00;150,00;278,00;34,00;(0,00);0,00;198,00;80,00;80,00(6,00);30;5,89;1.638,53;2,98;1,00;1,00;FAT MIN 800 REAIS;18/08/2026;28/09/2026;FEC;S;198,00
3ARTUFLAT76CI;#SISTEMA TULHA LINHA FLAT - FORN. PIVA (PROJETO 330)                                                                    - NECESSITA DE FUNDO E TRASEIRO EM PAINEL- FORNECER COM CORREDICA OCULTA INCLUSA- COM LOGOMARCA LIDER\;6,0;5,00;6,00;8,00;4,00;0,00;1,00;(0,00);3,00;7,00;-7,00;-4,00(-12,00);21;465,01;0,00;0,21;5,00;5,00;MINIMO: 1 CAIXA - FATURAMENTO: 1000,00 - ITENS SEM ESTOQUE: MINIMO 10 DIAS;18/09/2026;23/09/2026;FEC;S;4,00
3ATAHFSERVAMOR;AVENTOS HK/HF/HS/HL AMORTECEDOR DISTANCIADOR DIAM.8MM SERVO-DRIVE (REF: 0740                                            2930) - BLUM;30,0;22,00;32,00;80,00;20,00;131,00;0,00;(0,00);0,00;46,00;85,00;85,00(5,00);20;3,57;468,19;1,49;1,00;1,00;;07/07/2026;25/09/2026;FEC;S;46,00
3ATAHFSERVF72W;AVENTOS HF/HS/HL KIT FONTE DE ALIMENTACAO SERVO-DRIVE 72W                                                               EN/ES/IT/PT + CABO BR + DISP. FIXAÇÃO (REF: 06284411) BLUM;0,0;1,00;2,00;4,00;2,00;4,00;0,00;(0,00);2,00;3,00;1,00;3,00(-1,00);21;779,78;3.119,11;0,08;1,00;1,00;;29/09/2026;25/09/2026;FEC;S;3,00
3AVARHFTOP2500;ARTICULADOR AVENTOS HF TOP 22F2500 LF 2700-13500 - BLUM (06115096);20,0;7,00;11,00;5,00;6,00;18,00;2,00;(0,00);0,00;13,00;5,00;5,00(0,00);30;281,62;5.069,16;0,26;1,00;1,00;vai ser substuido pelo 3AVINTSRDORIO;24/09/2026;28/09/2026;FEC;S;13,00
3AVBRHFTOP3500;CONJ. DE BRACOS AVENTOS HF TOP 22F3500 DE 600-910MM - BLUM (07893366);19,0;7,00;10,00;2,00;3,00;22,00;2,00;(0,00);0,00;14,00;8,00;8,00(6,00);30;164,10;3.610,09;0,21;1,00;1,00;vai ser substuido pelo 3AVINTSRDORIO;22/09/2026;28/09/2026;FEC;S;14,00
3AVCAPHFLSCINZ;#CAPA AVENTOS TOP HF/HS/HL LISA DIREITA + ESQUERDA CINZA CLARO 22.8000 HGR                                              BLUM (01783069);24,0;6,00;14,00;6,00;8,00;40,00;5,00;(0,00);0,00;17,00;23,00;23,00(17,00);20;44,38;1.775,16;0,29;1,00;1,00;vai ser substuido pelo 3AVINTSRDORIO;22/09/2026;28/09/2026;FEC;S;17,00
3AVENTFIXFRONT;KIT AVENTOS HS-HL-HK E HK TOP FIXACAO FRONTAL PARA FRENTES DE MADEIRA PO                                                R APARAFUSAMENTO 20S4200 FRO-B S2NI (REF. 07241746) - BLUM;25,0;16,00;23,00;11,00;15,00;66,00;6,00;(0,00);0,00;43,00;23,00;23,00(12,00);20;15,47;1.020,76;0,56;1,00;1,00;;22/09/2026;28/09/2026;FEC;S;43,00
3AVHKTCAPACINZ;#KIT AVENTOS CAPA HK TOP LISA, DIREITA+ESQUERDA CINZA CLARO 22K8000 ABD                                                 R+L V 1HGIG (REF: 07985876) - BLUM;18,0;9,00;12,00;7,00;8,00;52,00;3,00;(0,00);0,00;38,00;14,00;14,00(7,00);21;37,28;1.938,66;0,31;1,00;1,00;;22/09/2026;28/09/2026;FEC;S;38,00
3AVHKTOP23BLMT;KIT AVENTOS HK TOP CINZA 22K2300 BLUMOTION KRAFTSP S2  ZN (REF: 07628604)                                               - BLUM;1,0;0,00;3,00;0,00;1,00;4,00;0,00;(0,00);0,00;2,00;2,00;2,00(2,00);30;250,90;1.003,59;0,03;1,00;1,00;SUBSTITUINDO 3AVHKTOP2300BM;03/02/2026;25/09/2026;FEC;S;2,00
3AVHKTOP25BLMT;KIT AVENTOS HK TOP CINZA 22K2500 BLUMOTION KRAFTSP S2  ZN (REF: 01069731)                                               - BLUM;2,0;1,00;12,00;1,00;1,00;4,00;8,00;(0,00);0,00;8,00;-4,00;-4,00(-5,00);30;251,41;1.005,64;0,16;1,00;1,00;SUBSTITUINDO 3AVHKTOP2500BM;01/09/2026;10/09/2026;FEC;S;8,00
3AVHKTOP25TPON;***KIT AVENTOS HK TOP CINZA 22K2500T TIP-ON KRAFTSP S2  ZN (REF: 02753075) -                                            BLUM;6,0;2,00;0,00;2,00;0,00;3,00;1,00;(0,00);4,00;4,00;-1,00;3,00(1,00);20;269,23;807,70;0,04;1,00;1,00;SUBSTITUINDO 3AVHKTOP2500TO;10/09/2026;14/08/2026;FEC;S;4,00
3AVHKTOP27BLMT;KIT AVENTOS HK TOP CINZA 22K2700 BLUMOTION KRAFTSP S2  ZN (REF: 08762537)                                               - BLUM;5,0;5,00;2,00;5,00;8,00;23,00;0,00;(0,00);0,00;14,00;9,00;9,00(4,00);30;254,96;5.864,15;0,13;1,00;1,00;SUBSTITUINDO 3AVHKTOP2700BM;29/09/2026;28/09/2026;FEC;S;14,00
3AVHKTOP27TPON;KIT AVENTOS HK TOP CINZA 22K2700T TIP-ON KRAFTSP S2  ZN (REF: 02855682) -                                               - BLUM;3,0;3,00;0,00;0,00;2,00;4,00;0,00;(0,00);0,00;2,00;2,00;2,00(2,00);20;286,50;1.146,01;0,03;1,00;1,00;SUBSTITUINDO 3AVHKTOP2700TO;07/07/2026;03/09/2026;FEC;S;2,00
3AVHKTOP29BLMT;KIT AVENTOS HK TOP CINZA 22K2900 BLUMOTION KRAFTSP S2  ZN (REF: 06635469)                                               - BLUM;1,0;0,00;1,00;5,00;0,00;6,00;0,00;(0,00);0,00;2,00;4,00;4,00(-1,00);30;293,44;1.760,66;0,07;1,00;1,00;SUBSTITUINDO 3AVHKTOP2900BM;24/09/2026;20/08/2026;FEC;S;2,00
3AVHKTSERVCAP;#AVENTOS HK TOP CAPA GRAVADO BLUM INOX ESCOVADO ABD.1009.BT                                                             (REF: 03523626) - BLUM;20,0;13,00;18,00;11,00;13,00;61,00;3,00;(0,00);0,00;40,00;21,00;21,00(10,00);30;3,31;201,61;0,47;1,00;1,00;;29/09/2026;28/09/2026;FEC;S;40,00
3AVINTSRDCINZ;#AVENTOS HF/HS/HL INTERRUPTOR SERVO-DRIVE SIMETRICO CINZA CLARO 23P5020                                                 SCHALT V20 HGR (REF: 08457250) - BLUM;10,0;2,00;2,00;28,00;8,00;21,00;0,00;(0,00);0,00;14,00;7,00;7,00(-21,00);20;168,70;3.542,60;0,36;1,00;1,00;vai ser substuido pelo 3AVINTSRDORIO;24/09/2026;25/09/2026;FEC;S;14,00
3BRAHKXS0800TO;BRACO AVENTOS HK-XS TIP-ON 20K1101T LF-180–800 S/DOBRAD. - FORN. BLUM (04                                               857465);12,0;24,00;11,00;12,00;16,00;41,00;4,00;(0,00);40,00;40,00;1,00;41,00(29,00);30;54,18;2.221,50;0,52;40,00;40,00;FAT MIN 800 REAIS;30/07/2026;28/09/2026;FEC;S;40,00
3BRAHKXS1000NB;BRACO AVENTOS HK-XS 20K1101 LF-200-1000 S/DOBRAD. - FORN. BLUM (08572348);48,0;40,00;36,00;32,00;20,00;37,00;27,00;(0,00);40,00;46,00;-9,00;31,00(-1,00);30;50,60;1.872,09;1,20;40,00;40,00;FAT MIN 800 REAIS;23/07/2026;28/09/2026;FEC;S;46,00
3BRAHKXS1200TO;BRACO AVENTOS HK-XS TIP-ON 20K1301T LF-500–1200 S/DOBRAD. - FORN. BLUM (0                                               9519259);40,0;24,00;2,00;2,00;4,00;67,00;2,00;(0,00);0,00;14,00;53,00;53,00(51,00);30;54,32;3.639,31;0,31;40,00;1,00;FAT MIN 800 REAIS;18/08/2026;02/09/2026;FEC;S;14,00
3BRAHKXS1800NB;BRACO AVENTOS HK-XS 20K1501 LF-800-1800 S/DOBRAD. - FORN. BLUM (01615152);20,0;52,00;36,00;42,00;26,00;108,00;6,00;(0,00);0,00;72,00;36,00;36,00(-6,00);30;50,69;5.474,74;1,44;40,00;1,00;FAT MIN 800 REAIS;29/09/2026;29/09/2026;FEC;S;72,00
3CABOMDRIVER2M;CABO CONECTOR P/ MEC DRIVER + BRA E EU PLUG 2MT (101627) METAL DESIGN;143,0;191,00;155,00;144,00;120,00;459,00;77,00;(0,00);59,00;460,00;-1,00;58,00(-86,00);21;15,03;6.899,69;5,44;1,00;1,00;;29/09/2026;29/09/2026;FEC;S;446,00
3CALBDOBCRETNI;(3DBRCALRTD3EX)CALCO DA DOBRADICA BLUM RETO H-3 MM C/ REGULAGEM DE ALTUR                                                A COM BUCHA EXP ANDO (CANTO FALSO) - NIQUELADO - 177H3130E10DUEPL (06182943) - BLUM;4,0;101,00;94,00;103,00;50,00;189,00;156,00;(0,00);0,00;230,00;-41,00;-41,00(-144,00);30;3,31;625,78;3,31;500,00;500,00;FAT MIN 800 REAIS - 3DBRCALRTD3EX;07/07/2026;29/09/2026;FEC;S;225,00
3CANTPERCAVLED;ACES DIV KIT CANTONEIRA CAVA PARA PERFIL RM280/281 (PAR) ROMETAL (10954);277,0;283,00;299,00;127,00;197,00;468,00;116,00;(0,00);181,00;566,00;-98,00;83,00(-44,00);21;3,57;1.672,63;7,88;1,00;1,00;;15/09/2026;29/09/2026;FEC;S;542,00
3CAPACANEDOBL;$CAPA CANECO CLIP TOP SEM IMPRESSAO PARA DOBRADICA BLUMOTION 70T3504                                                    NIQUEL (09003173) BLUM;3073,0;1.055,00;314,00;67,00;45,00;0,00;638,00;(1.000,00);0,00;38,00;-38,00;-38,00(-105,00);30;0,70;0,00;15,96;1.000,00;250,00;3CAPBCANECMNI;30/04/2026;24/09/2026;FEC;S;38,00
3CAPACANEDOSA;$CAPA CANECO CLIP TOP SEM IMPRESSAO PARA DOBRADICA SEM AMORTECIMENTO-                                                   70T1504 NIQUEL (04024443) BLUM;675,0;255,00;25,00;0,00;18,00;0,00;321,00;(1.000,00);0,00;8,00;-8,00;-8,00(-8,00);21;0,70;0,00;3,11;1.000,00;250,00;3CAPBCANESMNI;08/04/2026;24/09/2026;FEC;S;8,00
3CAPADOBCURV;$CAPA CLIP TOP ALTA (CURVA) DE DOBRADICA CURVA BLUM COM LOGOMARCA LIDER                                                 (70.166-03);919,0;185,00;30,00;0,00;0,00;0,00;600,00;(1,00);0,00;4,00;-4,00;-4,00(-4,00);30;0,72;0,00;2,39;1,00;1,00;3CAPBDOBCURVNI;17/03/2026;13/07/2026;FEC;S;4,00
3CAPADOBRETA;$CAPA CLIP TOP BAIXA (RETA) DE DOBRADICA BLUM C/ LOGOMARCA LIDER (70.150-03);2877,0;1.149,00;303,00;61,00;51,00;0,00;1.037,00;(1,00);0,00;18,00;-18,00;-18,00(-79,00);30;0,72;0,00;16,81;1,00;1,00;3CAPBDOBRETANI;30/04/2026;24/09/2026;FEC;S;18,00
3CAPBCANECMNI;(3CAPACANEDOBL)CAPA CANECO CLIP TOP SEM IMPRESSAO PARA DOBRADICA COM AMO                                                RTECIMENTO - NI QUELADO - 70T3504 (09003173) - BLUM;378,0;2.377,00;3.241,00;3.053,00;2.869,00;7.050,00;1.464,00;(1.000,00);2.000,00;9.244,00;-2.194,00;-194,00(-3.247,00);30;0,70;4.942,05;96,34;1.000,00;250,00;3CAPACANEDOBL;29/09/2026;29/09/2026;FEC;S;8.757,00
3CAPBCANESMNI;(3CAPACANEDOSA)CAPA CANECO CLIP TOP SEM IMPRESSAO PARA DOBRADICA SEM AMO                                                RTECIMENTO - NI QUELADO - 70T1504 (04024443) - BLUM;4,0;319,00;548,00;448,00;469,00;1.700,00;402,00;(1.000,00);0,00;1.566,00;134,00;134,00(-314,00);21;0,70;1.190,00;14,61;1.000,00;250,00;3CAPACANEDOSA;07/07/2026;29/09/2026;FEC;S;1.434,00
3CAPBDOBCURVNI;(3CAPADOBCURV)CAPA CLIP TOP ALTA (CURVA) DOBRADICA BLUM COM LOGOMARCA LI                                                DER - NIQUELADO - 70.1663 (06606113) - BLUM;198,0;707,00;822,00;1.234,00;865,00;2.200,00;729,00;(1,00);1.000,00;2.946,00;-746,00;254,00(-980,00);30;0,72;1.573,00;30,70;1.000,00;1.000,00;3CAPADOBCURV;24/09/2026;28/09/2026;FEC;S;2.785,00
3CAPBDOBRETANI;(3CAPADOBRETA)CAPA CLIP TOP BAIXA (RETA) DOBRADICA BLUM COM LOGOMARCA LI                                                DER -NIQUELADO - 70.1503 (06141452) - BLUM;202,0;2.038,00;2.993,00;2.298,00;2.645,00;5.700,00;1.499,00;(1,00);1.750,00;7.937,00;-2.237,00;-487,00(-2.785,00);30;0,72;4.092,60;81,43;250,00;250,00;3CAPADOBRETA;29/09/2026;29/09/2026;FEC;S;7.479,00
3CONDPORTASI80;CONDUTOR DE PORTAS SI OCEAN 80 (OP23226) SIFORMA OPK;39,0;47,00;58,00;30,00;33,00;121,00;4,00;(0,00);0,00;52,00;69,00;69,00(39,00);21;7,84;949,00;1,50;1,00;1,00;ENTREGA: MONTAGEM KIT 3 DIAS + TRANSPORTE. SE NECESSARIO IMPORTAR 30 DIAS + TRANSPORTE;13/07/2026;29/09/2026;FEC;S;52,00
3CONECOCU25FRO;CONECTOR OCU 25 PARA PRATELEIRA 25MM, PRETO - ELEMENTO FRONTAL (262.53.30                                               0) HAFELE;220,0;564,00;165,00;308,00;164,00;800,00;539,00;(0,00);600,00;1.800,00;-1.000,00;-400,00(-708,00);21;0,89;708,80;11,52;200,00;200,00;;16/09/2026;24/09/2026;FEC;S;1.604,00
3CONECOCU25POS;CONECTOR OCU 25 PARA PRATELEIRA 25MM, PRETO - ELEMENTO TRASEIRO (262.53.3                                               10) HAFELE;220,0;564,00;165,00;308,00;164,00;800,00;544,00;(0,00);600,00;1.800,00;-1.000,00;-400,00(-708,00);21;1,12;896,00;11,52;200,00;200,00;;16/09/2026;24/09/2026;FEC;S;1.604,00
3COTESTOUMADFO;CONTRA TESTA TOUCH PARA MADEIRA ACAB. FOSCO (B02404.31.78) ECLISSE;19,0;26,00;34,00;21,00;15,00;53,00;16,00;(0,00);10,00;60,00;-7,00;3,00(-18,00);21;105,87;5.611,11;0,90;1,00;1,00;;22/09/2026;29/09/2026;FEC;S;59,00
3COTESTOUMADPR;CONTRA TESTA TOUCH PARA MADEIRA ACAB. PRETO (B02404.31.93) ECLISSE;6,0;6,00;2,00;6,00;9,00;29,00;8,00;(0,00);7,00;38,00;-9,00;-2,00(-8,00);21;108,32;3.141,37;0,16;1,00;1,00;;22/09/2026;25/09/2026;FEC;S;38,00
3CRDTANDE27;#CORREDICA TANDEM BLUMOTION 270MM (REF6250952) - BLUM;15,0;23,00;47,00;26,00;30,00;75,00;4,00;(0,00);0,00;74,00;1,00;1,00(-25,00);30;93,85;7.038,83;1,07;6,00;6,00;COMPRAR JUNTOS 3CRDENGADIR  3CRDENGAESQ  3CRDTANDE45;29/09/2026;25/09/2026;FEC;S;73,00
3CRDTANDE30;#CORREDICA TANDEM BLUMOTION 300MM (REF: 6251092) - BLUM;31,0;47,00;54,00;52,00;44,00;86,00;13,00;(0,00);0,00;70,00;16,00;16,00(-36,00);30;93,81;8.067,49;1,70;6,00;6,00;COMPRAR JUNTOS 3CRDENGADIR  3CRDENGAESQ  3CRDTANDE45;29/09/2026;28/09/2026;FEC;S;62,00
3CRDTANDE35;#CORREDICA TANDEM BLUMOTION 350MM (REF: 6251172 ) - BLUM;59,0;59,00;67,00;55,00;75,00;111,00;35,00;(0,00);24,00;166,00;-55,00;-31,00(-86,00);30;93,72;10.403,03;2,01;6,00;6,00;COMPRAR JUNTOS 3CRDENGADIR  3CRDENGAESQ  3CRDTANDE45;29/09/2026;29/09/2026;FEC;S;166,00
3CRDTANDE40;#CORREDICA TANDEM BLUMOTION 400MM (REF 6251252) - BLUM;76,0;126,00;182,00;171,00;96,00;217,00;22,00;(0,00);0,00;232,00;-15,00;-15,00(-186,00);30;94,12;20.422,96;5,32;6,00;6,00;COMPRAR JUNTOS 3CRDENGADIR  3CRDENGAESQ  3CRDTANDE45;24/09/2026;29/09/2026;FEC;S;220,00
3CRDTANDE45;#CORREDICA TANDEM BLUMOTION 450MM (REF:06252492) - BLUM;265,0;181,00;211,00;221,00;139,00;405,00;54,00;(150,00);0,00;304,00;101,00;101,00(-120,00);30;94,83;38.405,34;6,81;6,00;6,00;COMPRAR JUNTOS 3CRDENGADIR  3CRDENGAESQ  3CRDTANDE45;29/09/2026;28/09/2026;FEC;S;283,00
3CRDTIPOB30;CORREDICA MOVENTO TIP ON BLUMOTION 300- 02044824 760H3000S MOVENTO MP Z;2,0;5,00;7,00;0,00;2,00;7,00;2,00;(0,00);6,00;9,00;-2,00;4,00(4,00);30;132,62;928,31;0,13;6,00;6,00;COMPRAR JUNTOS 3CRDENGADIR  3CRDENGAESQ  3CRDTANDE45;26/05/2026;08/09/2026;FEC;S;9,00
3CRDTIPOB35;CORREDICA MOVENTO TIP ON BLUMOTION 350-02929806-760H3500M MOVENTO MP Z;2,0;13,00;3,00;4,00;6,00;19,00;0,00;(0,00);0,00;2,00;17,00;17,00(13,00);30;130,04;2.470,72;0,22;6,00;6,00;COMPRAR JUNTOS 3CRDENGADIR  3CRDENGAESQ  3CRDTANDE45;10/09/2026;08/09/2026;FEC;S;2,00
3CRDTIPOB40;CORREDICA MOVENTO TIP ON BLUMOTION 400-04084545-760H4000M MOVENTO MP Z;13,0;6,00;9,00;13,00;7,00;19,00;0,00;(0,00);0,00;3,00;16,00;16,00(3,00);30;134,21;2.549,90;0,31;6,00;6,00;COMPRAR JUNTOS 3CRDENGADIR  3CRDENGAESQ  3CRDTANDE45;18/08/2026;16/09/2026;FEC;S;1,00
3CRDTIPOB45;CORREDICA MOVENTO TIP ON BLUMOTION 450- 04215867 760H4500S MOVENTO MP Z;5,0;1,00;21,00;9,00;5,00;19,00;3,00;(0,00);0,00;10,00;9,00;9,00(0,00);30;135,09;2.566,79;0,34;6,00;6,00;COMPRAR JUNTOS 3CRDENGADIR  3CRDENGAESQ  3CRDTANDE45;25/08/2026;15/09/2026;FEC;S;10,00
3CRDTIPOB50;CORREDICA MOVENTO TIP ON BLUMOTION 500- 05083446 766H5000S MOVENTO MP Z;6,0;0,00;2,00;0,00;3,00;19,00;3,00;(0,00);12,00;23,00;-4,00;8,00(8,00);30;136,23;2.588,45;0,02;6,00;6,00;;22/09/2026;01/09/2026;FEC;S;23,00
3CRTANDTIPON30;#CORREDICA TANDEM TIP-ON INTEGRADO 300MM EXTR. TOTAL 30KG 560H3000T MP ZN                                               ( REF:08474330) - BLUM;3,0;14,00;3,00;13,00;19,00;13,00;3,00;(0,00);0,00;10,00;3,00;3,00(-10,00);21;104,49;1.358,40;0,33;6,00;6,00;;22/09/2026;23/09/2026;FEC;S;10,00
3CRTANDTIPON35;#CORREDICA TANDEM TIP-ON INTEGRADO 350MM EXTR. TOTAL 30KG 560H3500T MP ZN                                               (REF:06041618) - BLUM;19,0;13,00;4,00;14,00;15,00;26,00;3,00;(0,00);12,00;46,00;-20,00;-8,00(-22,00);21;105,11;2.732,83;0,34;6,00;6,00;;24/09/2026;25/09/2026;FEC;S;40,00
3CRTANDTIPON40;#CORREDICA TANDEM TIP-ON INTEGRADO 400MM EXTR. TOTAL 30KG 560H4000T MP ZN                                               (REF:04107753) - BLUM;3,0;10,00;15,00;19,00;7,00;16,00;0,00;(0,00);0,00;3,00;13,00;13,00(-6,00);21;106,94;1.711,02;0,49;6,00;6,00;;10/09/2026;23/09/2026;FEC;S;3,00
3CRTANDTIPON45;#CORREDICA TANDEM TIP-ON INTEGRADO 450MM EXTR. TOTAL 30KG 560H4500T MP ZN                                               (REF:06791102) - BLUM;5,0;7,00;3,00;3,00;26,00;35,00;2,00;(0,00);0,00;29,00;6,00;6,00(3,00);21;106,35;3.722,32;0,14;6,00;6,00;;29/09/2026;24/09/2026;FEC;S;29,00
3CXMANTMAD;CAIXA PARA MANTIMENTOS MADEIRA TECA TAN  (2740-TT) ORIGIN BRASIL;1,0;0,00;2,00;0,00;0,00;4,00;0,00;(0,00);0,00;2,00;2,00;2,00(2,00);30;821,01;3.284,02;0,02;1,00;1,00;FATURAMENTO MINIMO 800,00 -  PRAZO DE ENTREGA 25 DIAS;29/09/2026;13/07/2026;FEC;S;2,00
3CXSLIMGRAND;CAIXA DE TOMADA SLIM G ALUM - 3 ELETR + 2 RJ + 1 HDMI (FORN. DHARMA);4,0;9,00;1,00;12,00;4,00;11,00;0,00;(0,00);2,00;5,00;6,00;8,00(-4,00);21;881,47;9.696,13;0,24;1,00;1,00;;23/09/2026;24/09/2026;FEC;S;5,00
3DBR000PIV2;DOBRADICA PIVOTANTE MENOS 100 KG MAD. DIVINOPOLIS;7,0;2,00;11,00;3,00;4,00;27,00;0,00;(0,00);0,00;15,00;12,00;12,00(9,00);10;144,78;3.909,03;0,18;10,00;1,00;COMPRAR COM OUTROS PRODUTOS DO FORNECEDOR PARA DAR FATURAMENTO.;21/09/2026;21/09/2026;FEC;S;15,00
3DBR000PIV3;DOBRADICA PIVOTANTE MAD. DIVINOPOLIS - BUFFET SORRISO;72,0;84,00;95,00;112,00;96,00;168,00;20,00;(0,00);60,00;202,00;-34,00;26,00(-86,00);30;22,35;3.754,13;3,23;20,00;20,00;;17/09/2026;29/09/2026;FEC;S;174,00
3DBRB155CMRPNI;(3DBR155CTBPARC)DOBRADICA BLUM 155° - COM MOLA CLIP TOP BLUMOTION                                                       RECOBRIMENTO PARCIAL PARA PARAFUSO - NIQUELADO - 71B768E (01707686) - BLUM;10,0;45,00;17,00;80,00;20,00;63,00;115,00;(0,00);0,00;150,00;-87,00;-87,00(-167,00);30;39,94;2.516,09;1,58;125,00;125,00;3DBR155CTBPARC;24/09/2026;18/09/2026;FEC;S;140,00
3DBRB155CMRTNI;(3DBR155CTBTOTA)DOBRADICA BLUM 155° COM MOLA CLIP TOP BLUMOTION                                                         RECOBRIMENTO TOTAL PARA PARAFUSO - NIQUELADO - 71B758E (04606320) - BLUM;4,0;86,00;88,00;106,00;126,00;126,00;159,00;(0,00);0,00;201,00;-75,00;-75,00(-181,00);30;33,01;4.159,64;3,11;125,00;125,00;3DBR155CTBTOTA;24/09/2026;29/09/2026;FEC;S;178,00
3DBRB95SMRENI;(3DBRCAFALPEMSM)DOBRADICA BLUM 95° CANTO FALSO SEM MOLA CLIP TOP                                                        RECOBRIMENTO EMBUTIDA P/ PARAFUSO - NIQUELADO - 70M2750 (07657763) - BLUM;0,0;2,00;4,00;16,00;7,00;27,00;0,00;(0,00);50,00;27,00;0,00;50,00(34,00);20;9,06;244,67;0,24;50,00;50,00;FAT MIN 800 REAIS - 3DBRCAFALPEMSM;27/07/2026;03/09/2026;FEC;S;27,00
3DBRBKITHF2NI;(3ARHFDOBR2)DOBRADICA AVENTOS HF KIT 2 -                                                                                NIQUELADO 78Z5530T23MB+CS2 (3100283) - BLUM;0,0;3,00;4,00;2,00;3,00;4,00;1,00;(0,00);3,00;4,00;0,00;3,00(1,00);30;98,00;392,00;0,10;1,00;1,00;FAT MIN 800 REAIS - 3ARHFDOBR2;25/06/2026;25/09/2026;FEC;S;4,00
3DBRBKITHF4NI;(3ARHFDOBR4)DOBRADICA AVENTOS HF KIT 4 -                                                                                NIQUELADO 78Z5530T23MB+CS4 (31020305) - BLUM;0,0;4,00;7,00;3,00;6,00;12,00;1,00;(0,00);4,00;10,00;2,00;6,00(3,00);30;186,52;2.238,22;0,16;1,00;1,00;FAT MIN 800 REAIS - 3ARHFDOBR4;14/07/2026;28/09/2026;FEC;S;10,00
3DESPORTAMAD;KIT DESEMPENADOR DP100/1 EMBUTIDO SEMI-EMBUTIDO PARA PORTA DE MADEIRA                                                   (1191) ROMETAL;100,0;80,00;100,00;53,00;183,00;50,00;59,00;(0,00);40,00;68,00;-18,00;22,00(-31,00);21;33,49;1.674,50;2,59;10,00;10,00;ROMETAL FAT MINIMO 3000 REAIS . - CONFORME KLEBER NAO IRA MAIS USAR, USARA UM COMPESADO.;29/09/2026;29/09/2026;FEC;S;58,00
3DIST8VMDRI24V;#MODULO DISTRIBUIDOR 8 VIAS 24 VDC P/ MEC DRIVER (101165) METAL DESIGN;92,0;147,00;99,00;107,00;90,00;302,00;49,00;(0,00);0,00;322,00;-20,00;-20,00(-127,00);21;31,79;9.601,18;3,92;1,00;1,00;;29/09/2026;29/09/2026;FEC;S;312,00
3DOBRINV32FOEC;DOBRADICA INVISIVEL ECLIPSE 3.2 ZAMAK 40-60 KG E30200.06.XX (DBINV3CL3F)                                                ECLISSE;72,0;108,00;158,00;99,00;77,00;215,00;81,00;(0,00);108,00;333,00;-118,00;-10,00(-109,00);21;147,51;31.714,87;4,06;12,00;12,00;;22/09/2026;29/09/2026;FEC;S;330,00
3DTLIN1000414PR;DIVISOR DE TALHER LINEA 1000 PRATA - FORN. METACRON (450/100 + 2PC 11031                                                8);5,0;1,00;1,00;0,00;0,00;6,00;0,00;(0,00);0,00;4,00;2,00;2,00(2,00);10;215,40;1.292,39;0,02;1,00;1,00;FATURAMENTO MINIMO 800,00 -  PRAZO DE ENTREGA 25 DIAS;16/09/2026;15/07/2026;FEC;S;4,00
3DTLIN300414PR;DIVISOR DE TALHER LINEA 300 PRATA - FORN. METACRON (450/30);0,0;3,00;0,00;0,00;0,00;3,00;0,00;(0,00);1,00;3,00;0,00;1,00(1,00);10;72,11;216,34;0,03;1,00;1,00;FATURAMENTO MINIMO 800,00 -  PRAZO DE ENTREGA 25 DIAS;23/09/2026;24/06/2026;FEC;S;3,00
3DTLIN400414PR;DIVISOR DE TALHER LINEA 400 PRATA - FORN. METACRON (450/40);7,0;2,00;10,00;4,00;4,00;14,00;0,00;(0,00);0,00;2,00;12,00;12,00(8,00);10;82,04;1.148,49;0,18;1,00;1,00;FATURAMENTO MINIMO 800,00 -  PRAZO DE ENTREGA 25 DIAS;26/08/2026;22/09/2026;FEC;S;2,00
3DTLIN500414PR;DIVISOR DE TALHER LINEA 500 PRATA - FORN. METACRON (450/50);3,0;8,00;3,00;5,00;0,00;15,00;0,00;(0,00);0,00;10,00;5,00;5,00(0,00);10;101,26;1.518,89;0,18;1,00;1,00;FATURAMENTO MINIMO 800,00 -  PRAZO DE ENTREGA 25 DIAS;23/09/2026;24/08/2026;FEC;S;10,00
3DTLIN600414PR;DIVISOR DE TALHER LINEA 600 PRATA - FORN. METACRON (450/60 + 1PC 110318);2,0;2,00;3,00;3,00;3,00;8,00;0,00;(0,00);3,00;6,00;2,00;5,00(2,00);10;114,51;916,07;0,09;1,00;1,00;FATURAMENTO MINIMO 800,00 -  PRAZO DE ENTREGA 25 DIAS;16/09/2026;21/09/2026;FEC;S;6,00
3DTLIN700414PR;DIVISOR DE TALHER LINEA 700 PRATA - FORN. METACRON (450/70 + 1PC 110318);4,0;3,00;1,00;2,00;6,00;6,00;0,00;(0,00);4,00;9,00;-3,00;1,00(-1,00);10;151,90;911,41;0,07;1,00;1,00;FATURAMENTO MINIMO 800,00 -  PRAZO DE ENTREGA 25 DIAS;23/09/2026;29/09/2026;FEC;S;9,00
3DTLIN800414PR;DIVISOR DE TALHER LINEA 800 PRATA - FORN. METACRON (450/80 + 1PC 110318);2,0;8,00;5,00;2,00;2,00;7,00;0,00;(0,00);3,00;6,00;1,00;4,00(2,00);10;181,13;1.267,93;0,17;1,00;1,00;FATURAMENTO MINIMO 800,00 -  PRAZO DE ENTREGA 25 DIAS;16/09/2026;17/09/2026;FEC;S;6,00
3DTLINSEPARA;SEPARADOR REGULAVEL LINEA (110318) METACRON                                                                             8);55,0;55,00;41,00;19,00;24,00;139,00;26,00;(0,00);0,00;112,00;27,00;27,00(8,00);10;2,11;293,29;1,28;1,00;1,00;FATURAMENTO MINIMO 800,00 -  PRAZO DE ENTREGA 25 DIAS;31/08/2026;28/09/2026;FEC;S;112,00
3DTLINSEPARAGF;SEPARADOR REGULAVEL LINEA GRAFITE (110647) METANOVA;8,0;11,00;16,00;8,00;2,00;20,00;0,00;(0,00);0,00;6,00;14,00;14,00(6,00);10;2,14;42,74;0,39;1,00;1,00;FATURAMENTO MINIMO 800,00 -  PRAZO DE ENTREGA 25 DIAS;10/06/2026;18/09/2026;FEC;S;6,00
3FEC0000002;FECHADURA BICO DE PAPAGAIO CROMADO (KIT COMPLETO);7,0;2,00;5,00;20,00;9,00;25,00;2,00;(0,00);0,00;10,00;15,00;15,00(-5,00);10;56,31;1.407,83;0,30;10,00;1,00;FAT. MINIMO 1500 REAIS;04/09/2026;28/09/2026;FEC;S;10,00
3FEC000DIGSLH;FECHADURA DIGITAL SLIM LOCK HORIZONTAL DP153H;3,0;5,00;3,00;6,00;1,00;20,00;0,00;(0,00);0,00;14,00;6,00;6,00(0,00);21;300,75;6.014,92;0,16;10,00;10,00;FAT. MINIMO 1500 REAIS;23/09/2026;24/09/2026;FEC;S;9,00
3FEC000P800TR;FECHADURA PIVOTANTE STAM KIT DE SEGURANCA 800 TRINCO ROLETE ROSETA                                                      QUADRADA - COM TETRA CHAVE - ACABAMENTO INOX - 3FEC000P800;0,0;8,00;12,00;5,00;5,00;9,00;0,00;(0,00);0,00;1,00;8,00;8,00(3,00);10;101,47;913,26;0,28;5,00;5,00;FAT. MINIMO 1500 REAIS;15/06/2026;10/09/2026;FEC;S;1,00
3FILETINEXV12;FILETE EM V 12X12MM EM ACO INOX ESCOVADO 1,2M (FIV12020) MOZAIK;23,0;18,00;22,00;27,00;65,00;16,00;19,00;(0,00);0,00;11,00;5,00;5,00(-22,00);21;29,69;475,06;0,74;15,00;1,00;PRAZO MEDIO DE ENTREGA: 20 DIAS;28/09/2026;21/09/2026;FEC;S;11,00
3FIXAFRONTHKXS;FIXADOR FRONTAL BRACO HK-XS 20K4101 - FORN. BLUM (08910604);110,0;144,00;88,00;92,00;66,00;289,00;31,00;(0,00);0,00;178,00;111,00;111,00(19,00);30;2,18;630,31;3,60;40,00;40,00;FAT MIN 800 REAIS;29/09/2026;29/09/2026;FEC;S;178,00
3FIXALATERHKXS;FIXADOR LATERAL BRACO HK-XS 20K5101 - FORN. BLUM (01409446);110,0;144,00;88,00;92,00;66,00;286,00;32,00;(0,00);0,00;178,00;108,00;108,00(16,00);30;3,23;924,07;3,60;40,00;40,00;FAT MIN 800 REAIS;29/09/2026;29/09/2026;FEC;S;178,00
3GDVEFORNO300;GRADE DE VENTILACAO PARA FORNO EMBUTIDO 300 MM (2401-300) - BASE;4,0;10,00;4,00;2,00;2,00;22,00;1,00;(0,00);0,00;8,00;14,00;14,00(12,00);21;52,08;1.145,76;0,18;10,00;10,00;FAT MIN 200 REAIS;27/07/2026;08/09/2026;FEC;S;8,00
3GDVEFORNO600;GRADE DE VENTILACAO PARA FORNO EMBUTIDO 600 MM (2401-600) - BASE;39,0;31,00;20,00;21,00;15,00;78,00;13,00;(0,00);0,00;64,00;14,00;14,00(-7,00);15;66,28;5.169,53;0,80;10,00;10,00;FAT MIN 1000 REAIS;29/09/2026;28/09/2026;FEC;S;64,00
3HASTSINCRTAND;#HASTE DE SINCRONIZACAO TANDEM TIP-ON LG1140 T57.1140S PR-WE V90 GR                                                     (RE: 03987936) - BLUM;54,0;12,00;63,00;60,00;46,00;34,00;46,00;(0,00);0,00;52,00;-18,00;-18,00(-78,00);21;19,51;663,20;1,50;6,00;6,00;SEGUIR CONSUMMO DO ITEM 3HASTKITSINCRT;24/09/2026;19/09/2026;FEC;S;50,00
3IMANE20X30N42;IMA DE NEODIMIO CILINDRO 20MM X 30MM - N42 (MAGNETUM);9,0;17,00;11,00;2,00;11,00;21,00;1,00;(0,00);8,00;23,00;-2,00;6,00(4,00);15;97,20;2.041,20;0,33;1,00;1,00;;28/09/2026;17/09/2026;FEC;S;23,00
3ISPEMBFE9009;SISTEMA DE FIXACAO EMBUTIDO PARA PORTA DE PASSAGEM FE-9009 (XXXX) ROMETAL;8,0;2,00;16,00;8,00;2,00;41,00;4,00;(0,00);0,00;18,00;23,00;23,00(15,00);21;31,01;1.271,45;0,29;1,00;1,00;ROMETAL FAT MINIMO 3000 REAIS. Não trabalha mais com o suporte 3SUPFIXE9008;23/06/2026;24/09/2026;FEC;S;18,00
3KISUP1PEXTOCE;KIT SUPERIOR SI OCEAN 1 PORTA EXTERNA SEM AMORTECEDOR (OP23440) OPK/SIFOR                                               MA;3,0;3,00;5,00;3,00;2,00;16,00;1,00;(0,00);0,00;5,00;11,00;11,00(8,00);20;274,02;4.384,32;0,12;1,00;1,00;;21/07/2026;25/09/2026;FEC;S;5,00
3KITINFRON252P;KIT INFERIOR FRONTAL 25 HAWA PARA 2 PORTAS (E48078) SIFORMA;3,0;3,00;5,00;2,00;3,00;7,00;1,00;(0,00);3,00;5,00;2,00;5,00(3,00);20;488,68;3.420,79;0,11;1,00;1,00;;31/08/2026;25/09/2026;FEC;S;5,00
3KITLOTIPON;KIT TIP-ON PARA PORTAS - VERSAO LONGA - CINZA PLATINA 3156257;278,0;242,00;342,00;261,00;306,00;538,00;64,00;(410,00);240,00;656,00;-118,00;122,00(-139,00);21;25,93;13.952,49;9,39;10,00;10,00;;29/09/2026;29/09/2026;FEC;S;609,00
3KITSI20COMA1P;SISTEMA DE PORTA DE CORRER KIT SI 20 H-S 1P COM SOFT CLOSET - SIFORMA                                                   (OP25300);13,0;25,00;21,00;22,00;20,00;25,00;0,00;(0,00);0,00;10,00;15,00;15,00(-7,00);12;138,08;3.452,00;0,76;20,00;20,00;;31/08/2026;28/09/2026;FEC;S;10,00
3KITTIPOB20;KIT TIP-ON BLUMOTION 20KG S1 LBX/MOVENTO - 03753577 - T60L7140.21TOB +ZBRV1R                                            737;2,0;6,00;7,00;0,00;2,00;8,00;2,00;(0,00);6,00;9,00;-1,00;5,00(5,00);30;129,53;1.036,21;0,14;6,00;6,00;COMPRAR JUNTOS 3CRDENGADIR  3CRDENGAESQ  3CRDTANDE45;22/05/2026;08/09/2026;FEC;S;9,00
3KITTIPOB40;KIT TIP-ON BLUMOTION 40KG L3 LBX/MOVENTO-02080359-T60L7540 21TOB+Z BRV1R7;21,0;20,00;41,00;26,00;21,00;51,00;6,00;(0,00);0,00;38,00;13,00;13,00(-13,00);30;129,59;6.608,99;0,97;6,00;6,00;COMPRAR JUNTOS 3CRDENGADIR  3CRDENGAESQ  3CRDTANDE45;10/09/2026;16/09/2026;FEC;S;36,00
3KTFEMATOUCIFO;KIT FECHO MAGNETICA TOUCH PARA CILINDRO + CAPA PARA FECHADURA MAGNETICA T                                               OUCH PARA CILINDRO FOSCO (B06503.50.78-KIT) ECLISSE;11,0;12,00;26,00;11,00;5,00;27,00;8,00;(0,00);6,00;33,00;-6,00;0,00(-11,00);21;745,66;20.132,77;0,54;1,00;1,00;;22/09/2026;29/09/2026;FEC;S;33,00
3KTFEMATOUSIFO;KIT FECHO MAGNETICO TOUCH SIMPLES + CAPA PARA FECHADURA MAGNETICA TOUCH S                                               IMPLES FOSCO (B01120.30.78-KIT) ECLISSE;4,0;7,00;5,00;6,00;7,00;15,00;3,00;(0,00);3,00;15,00;0,00;3,00(-3,00);21;422,75;6.341,21;0,20;1,00;1,00;;22/09/2026;25/09/2026;FEC;S;14,00
3KTFEMATOUWCFO;KIT FECHO MAGNETICA TOUCH PARA WC + CAPA PARA FECHADURA MAGNETICA TOUCH P                                               ARA WC FOSCO (B06502.50.78-KIT) ECLISSE;4,0;6,00;4,00;7,00;2,00;2,00;5,00;(0,00);11,00;11,00;-9,00;2,00(-5,00);21;677,04;1.354,09;0,19;1,00;1,00;;05/08/2026;17/09/2026;FEC;S;11,00
3LBOXCORTFILM;AMBIA-LINE CORTADOR DE FILMES C/ FILMES ZC7C0000 CINZA ORION                                                            (REF: 05952958) BLUM;1,0;0,00;2,00;0,00;0,00;3,00;0,00;(0,00);0,00;1,00;2,00;2,00(2,00);20;362,59;1.087,76;0,02;1,00;1,00;;11/08/2025;13/07/2026;FEC;S;1,00
3LBOXDTAL300MO;AMBIA-LINE DIVISOR DE TALHER PARA GAVETA M 300MM ZC7S500BS3 CINZA ORION                                                 ( REF: 04497947) BLUM;2,0;2,00;7,00;0,00;0,00;7,00;0,00;(0,00);3,00;7,00;0,00;3,00(3,00);20;432,34;3.026,37;0,10;1,00;1,00;;18/06/2026;13/07/2026;FEC;S;6,00
3LBOXFIXCAPGIM;LEGRABOX KIT FIXADOR FRONTAL DIR. E ESQ. GAV. INTERNA M CINZA SEM VIDRO +                                               CAPAS E PARAFUSOS ORION ZI7.0MS0 (REF: 05156741) BLUM;6,0;5,00;10,00;2,00;3,00;17,00;0,00;(0,00);0,00;8,00;9,00;9,00(7,00);20;76,82;1.305,86;0,19;1,00;1,00;;10/09/2026;21/09/2026;FEC;S;8,00
3LBOXFRONTALM;LEGRABOX FRONTAL SEM RANHURA PARA GAV. INTERNA M ZV7.1043C01 CINZA ORION (REF: 05897587) BLUM                           (REF: 05897587) BLUM;31,0;4,00;1,00;5,00;9,00;12,00;5,00;(0,00);0,00;5,00;7,00;7,00(2,00);30;87,82;1.053,83;0,11;1,00;1,00;;18/06/2026;19/09/2026;FEC;S;5,00
3LBOXGVPUO106M;LEGRABOX KIT GAVETA BAIXA M PURE BLUMOTION 500MM 40KG CINZA ORION                                                       770M50S 0S SK LR01/01OG-M (REF: 07172584) BLUM;28,0;9,00;16,00;5,00;8,00;30,00;0,00;(0,00);18,00;37,00;-7,00;11,00(6,00);30;302,94;9.088,20;0,33;1,00;1,00;;29/09/2026;21/09/2026;FEC;S;35,00
3LBOXGVPUO260F;LEGRABOX KIT GAVETA ALTA F PURE BLUMOTION 500MM 70KG CINZA ORION                                                        773F50S0 S FA LR01/01OG-M (REF: 04896796) BLUM;22,0;7,00;12,00;6,00;7,00;27,00;0,00;(0,00);8,00;27,00;0,00;8,00(2,00);30;514,06;13.879,67;0,28;1,00;1,00;;29/09/2026;21/09/2026;FEC;S;26,00
3LBOXKITFRONTM;LEGRABOX CANTONEIRA GAV. INTERNA M Z31.A0008 (REF: 04412881) BLUM;6,0;5,00;9,00;2,00;3,00;17,00;0,00;(0,00);0,00;8,00;9,00;9,00(7,00);30;1,59;26,95;0,18;1,00;1,00;;01/09/2026;21/09/2026;FEC;S;8,00
3LBOXMOL200MO;AMBIA-LINE MOLDURA DE GAVETA M 200MM ZC7S500RS2 CINZA ORION -                                                           (REF:04595319 ) - BLUM;5,0;2,00;10,00;0,00;0,00;9,00;0,00;(0,00);0,00;4,00;5,00;5,00(5,00);20;139,84;1.258,52;0,13;1,00;1,00;;07/07/2026;23/07/2026;FEC;S;3,00
3LBOXRELINGOR;AMBIA-LINE RELING TRANSVERSAL 1080MM ZR7.1080U CINZA ORION (REF: 03359148                                               ) BLUM;35,0;1,00;0,00;0,00;6,00;72,00;3,00;(0,00);0,00;3,00;69,00;69,00(69,00);20;32,79;2.360,66;0,01;1,00;1,00;;18/06/2026;02/09/2026;FEC;S;3,00
3LBOXSUPRELING;AMBIA-LINE SUPORTE PARA RELING TRANSVERSAL GAV. PURE ZC7U10E0 CINZA ORION                                               (REF: 6678082) BLUM;12,0;4,00;10,00;0,00;0,00;31,00;0,00;(0,00);0,00;6,00;25,00;25,00(25,00);20;11,81;365,96;0,16;1,00;1,00;;22/09/2026;23/07/2026;FEC;S;6,00
3LEDDP73000K24V;FITA DE LED DP7 4MM C/24M 3000K BR.QUENTE 420LED/M 10W/M 24V (112806) ME                                                TAL DESIGN;23,934;31,69;23,32;22,87;28,06;59,00;2,43;(0,00);20,00;51,91;7,09;27,09(4,22);21;592,87;34.979,39;0,87;20,00;20,00;;29/09/2026;17/09/2026;FEC;S;35,32
3LEDDP74000K24V;FITA DE LED DP7 4MM C/24M 4000K BR.NEUTRO 420LED/M 10W/M 24V (112806) ME                                                TAL DESIGN;0,272;0,25;0,00;0,37;0,00;3,00;0,93;(0,00);0,00;0,57;2,43;2,43(2,06);21;1.494,70;4.484,09;0,01;1,00;1,00;;30/01/2026;25/08/2026;FEC;S;0,09
3LIMABDBRB155;LIMITADOR DE ABERTURA 110° GRAUS PARA DOBRADICA                                                                         CLIP TOP 155° 70T7553 BLUM (03312754);0,0;70,00;18,00;2,00;29,00;229,00;10,00;(0,00);0,00;80,00;149,00;149,00(147,00);20;2,36;540,90;1,00;250,00;250,00;FAT MIN 800 REAIS;14/07/2026;24/09/2026;FEC;S;80,00
3LIMABDBRBLUM;LIMITADOR DE ABERTURA 86 GRAUS PARA DOBRADICA CLIP TOP 70T3553 (09048274)                                               - BLUM;158,0;340,00;210,00;140,00;232,00;450,00;20,00;(0,00);0,00;341,00;109,00;109,00(-31,00);30;2,53;1.138,50;7,67;1,00;1,00;;23/07/2026;29/09/2026;FEC;S;341,00
3MDRIVE24V120W;#CONVERSOR ESTATICO MEC DRIVER 100-240V 24VDC 120W (101625) METAL DESIGN;10,0;22,00;22,00;22,00;9,00;53,00;8,00;(0,00);9,00;73,00;-20,00;-11,00(-33,00);21;271,67;14.398,72;0,73;1,00;1,00;;29/09/2026;25/09/2026;FEC;S;70,00
3MDRIVER24V18W;#CONVERSOR ESTATICO MEC DRIVER 100-240V 24VDC 18W (101162) METAL DESIGN;11,0;25,00;21,00;20,00;15,00;42,00;9,00;(0,00);0,00;47,00;-5,00;-5,00(-25,00);21;58,48;2.455,99;0,73;1,00;1,00;;28/09/2026;24/09/2026;FEC;S;46,00
3MDRIVER24V36W;#CONVERSOR ESTATICO MEC DRIVER 100-240V 12/24VDC 36W (101161) METAL DESIGN;28,0;48,00;55,00;46,00;42,00;118,00;23,00;(0,00);0,00;123,00;-5,00;-5,00(-51,00);21;90,61;10.691,63;1,66;1,00;1,00;;29/09/2026;29/09/2026;FEC;S;120,00
3MDRIVER24V48W;#CONVERSOR ESTATICO MEC DRIVER 100-240V 24VDC 48W (101159) METAL DESIGN;21,0;31,00;22,00;23,00;22,00;72,00;11,00;(0,00);0,00;75,00;-3,00;-3,00(-26,00);21;111,47;8.025,48;0,84;1,00;1,00;;29/09/2026;29/09/2026;FEC;S;73,00
3MDRIVER24V72W;#CONVERSOR ESTATICO MEC DRIVER 100-240V 12/24VDC 60/72W (101158)                                                        - METAL DESIGN;12,0;50,00;31,00;25,00;23,00;76,00;15,00;(0,00);4,00;100,00;-24,00;-20,00(-45,00);21;183,02;13.909,22;1,18;1,00;1,00;;28/09/2026;24/09/2026;FEC;S;95,00
3MDRIVER24V90W;#CONVERSOR ESTATICO MEC DRIVER 100-240V 24VDC 90W (101160) METAL DESIGN;6,0;18,00;4,00;9,00;9,00;34,00;11,00;(0,00);0,00;42,00;-8,00;-8,00(-17,00);21;203,25;6.910,50;0,34;1,00;1,00;;29/09/2026;23/09/2026;FEC;S;42,00
3MFRANZENAL;MAO FRANCESA LA0082 ZEN - 35 X 215 X 190MM - ALUMINIO FOSCO;0,0;0,00;30,00;3,00;2,00;14,00;17,00;(0,00);0,00;5,00;9,00;9,00(6,00);45;95,41;1.335,75;0,37;1,00;1,00;FAT MIN 200 REAIS;31/07/2026;23/09/2026;FEC;S;5,00
3MOLAPERFIL8MM;MOLA PARA PERFIL 8MM (101545) METAL DESIGN;742,0;2.141,00;1.426,00;1.701,00;1.520,00;5.050,00;861,00;(0,00);1.950,00;5.505,00;-455,00;1.495,00(-206,00);21;0,22;1.131,20;58,53;150,00;150,00;;28/09/2026;29/09/2026;FEC;S;5.370,00
3PENLIBRAH1;SUPORTE INVISIVEL - PENSIL LIBRA H1 - SUPORTA ATE 75 KG REF. (IT63100);642,0;1.166,00;1.036,00;988,00;942,00;2.100,00;276,00;(0,00);800,00;2.402,00;-302,00;498,00(-490,00);12;9,76;20.504,40;35,44;200,00;200,00;comprar com 3PENLIBRAH1CCZ e 3PENLIBRAH1SUP;25/09/2026;29/09/2026;FEC;S;2.272,00
3PENLIBRAH1CCZ;ACABAMENTO PLASTICO LIBRA H1 - CINZA (IT63350);696,0;1.226,00;1.098,00;890,00;918,00;3.000,00;656,00;(0,00);0,00;2.570,00;430,00;430,00(-460,00);12;0,81;2.430,00;35,71;500,00;200,00;comprar com 3PENLIBRAH1 e 3PENLIBRAH1SUP;25/09/2026;29/09/2026;FEC;S;2.440,00
3PENLIBRAH1SUP;SUPORTE DE FIXACAO LIBRA H1 CHAPA (IT63200);348,0;613,00;548,00;445,00;453,00;1.350,00;225,00;(0,00);200,00;1.285,00;65,00;265,00(-180,00);12;3,40;4.587,30;17,84;100,00;100,00;comprar com 3PENLIBRAH1 e 3PENLIBRAH1CCZ;25/09/2026;29/09/2026;FEC;S;1.220,00
3PER00RM119;PERFIL RM 323 - (PORTA 5307) - PERFILO - BARRA 6MTS -NOVO RM-323;12,0;48,00;24,00;36,00;48,00;92,00;0,00;(0,00);0,00;108,62;-16,62;-16,62(-52,62);25;163,13;15.008,14;1,20;72,00;72,00;;25/08/2026;25/09/2026;FEC;N;105,53
3PER00RM171;PERFIL RM 322 - (PUXADOR DJEI) - PERFILO - BARRA 6MTS - NOVO RM-322;4,0;4,00;4,00;8,00;4,00;8,00;0,00;(0,00);0,00;5,53;2,47;2,47(-5,53);25;168,53;1.348,21;0,18;72,00;72,00;;14/10/2025;04/09/2026;FEC;N;5,53
3PER00RM172;PERFIL RM 324 - (PUXADOR CATCH) -PERFILO - BARRA 6MTS - NOVO RM-324;4,0;4,00;4,00;4,00;4,00;20,00;0,00;(0,00);0,00;13,61;6,39;6,39(2,39);25;145,14;2.902,84;0,13;54,00;54,00;ROMETAL FAT MINIMO 3000 REAIS.;21/10/2025;15/09/2026;FEC;N;13,61
3PER00RM185;PERFIL RM 185 - (PUXADOR GROOVE) - PERFILO - BARRA 6MTS;0,0;2,00;1,00;0,00;0,00;37,00;0,00;(0,00);0,00;0,37;36,63;36,63(36,63);75;132,02;4.884,85;0,03;4,00;4,00;ROMETAL FAT MINIMO 3000 REAIS. - ITEM DE BAIXO CONSUMO;26/11/2020;27/07/2026;FEC;N;0,37
3PER617DJ3000F;PERFIL PUXADOR DJEI 617 ALUMINIO ANODIZADO - BARRA 3MT                                                                  - PERLARE;32,0;48,00;41,00;61,00;66,00;0,00;0,00;(0,00);60,00;13,57;-13,57;46,43(-14,57);21;100,45;0,00;1,67;20,00;20,00;;15/09/2026;29/09/2026;FEC;N;9,45
3PERALUMIKENDO;PERFIL ALUMINIO MINI KENDO 3M (103186) METAL DESIGN;8,0;56,00;64,00;32,00;40,00;56,00;0,00;(0,00);40,00;134,81;-78,81;-38,81(-70,81);21;25,73;1.440,77;1,69;8,00;8,00;;29/09/2026;21/09/2026;FEC;N;91,49
3PERALUMINOORP;PERFIL ALUMINIO MINI NOOR 6M COR PRETO (116222) METAL DESIGN;51,0;68,00;71,00;70,00;50,00;80,00;0,00;(0,00);30,00;99,13;-19,13;10,87(-59,13);21;57,98;4.638,08;2,32;30,00;30,00;;29/09/2026;29/09/2026;FEC;N;56,42
3PERCVRM416NAT;PERFIL CAVA RM-416 NATURAL BARRA 6M (16240) ROMETAL;6,0;23,00;36,00;36,00;42,00;18,00;0,00;(0,00);0,00;17,47;0,53;0,53(-35,47);15;101,92;1.834,63;1,06;6,00;1,00;;23/09/2026;29/09/2026;FEC;N;14,09
3PERDF001CVLTS;PERFIL DIFUSOR DF001 BRANCO LEITOSO 3M ROMETAL (13118) APLICADO RM280/281;50,0;50,00;30,00;70,00;100,00;30,00;0,00;(0,00);50,00;45,12;-15,12;34,88(-35,12);21;22,60;678,06;1,67;50,00;50,00;;15/09/2026;29/09/2026;FEC;N;39,43
3PERDIFBRKENDO;PERFIL DIFUSOR BRANCO MINI KENDO 30M (103187) METAL DESIGN;1,0;6,00;3,00;3,00;4,00;26,00;0,00;(0,00);0,00;9,19;16,81;16,81(13,81);21;109,27;2.841,10;0,13;30,00;30,00;;22/07/2026;17/09/2026;FEC;N;5,23
3PERDIFBRNOOR;PERFIL DIFUSOR BRANCO MINI NOOR ROLO 120M (116103) METAL DESIGN;3,0;3,00;2,00;5,00;3,00;2,00;0,00;(0,00);2,00;5,36;-3,36;-1,36(-6,36);21;544,03;1.088,07;0,11;1,00;1,00;;28/09/2026;29/09/2026;FEC;N;3,09
3PERM281CVBAAN;PERFIL ALUMINIO RM-281 BAG C/BAGUETE BG220 CONF.:(73213) ANODIZADO SUPRA                                                NATURAL 6M V ROMETAL (10859);28,0;24,00;16,00;36,00;36,00;20,00;0,00;(0,00);8,00;22,80;-2,80;5,20(-30,80);25;165,56;3.311,20;0,84;4,00;4,00;;23/09/2026;29/09/2026;FEC;N;19,93
3PERTHIN01ALU;PERFIL ESTRUTURAL THIN 01 ALUMINIO 6M ALTERNATIVA;20,0;90,00;35,00;35,00;15,00;75,00;0,00;(0,00);0,00;97,87;-22,87;-22,87(-57,87);21;148,41;11.130,60;1,78;10,00;1,00;;15/09/2026;18/09/2026;FEC;N;97,87
3PERTRI2071ALT;PERFIL TRILHO SUP/INF PORTA DE CORRER EXTERNA E SOBREPOSTA 2071 ANODIZADO                                               FOSCO ALTERNATIVA;1,0;0,00;4,00;0,00;1,00;5,00;0,00;(0,00);0,00;2,40;2,60;2,60(2,60);30;113,35;566,76;0,04;5,00;5,00;ENTREGA: MONTAGEM KIT 3 DIAS + TRANSPORTE. SE NECESSARIO IMPORTAR 30 DIAS + TRANSPORTE;21/07/2026;29/09/2026;FEC;N;2,40
3PERTRIINFSI80;TRILHO INFERIOR P/ PORTA DE CORRER SI OCEAN 80 FS ALUMINIO ANODIZADO                                                    - 50,6X85,4MM (N23400-600) SIFORMA OPK (BARRA 6M);4,0;12,00;10,00;12,00;8,00;4,00;0,00;(0,00);6,00;2,88;1,12;7,12(-4,88);20;231,05;924,20;0,38;3,00;3,00;;09/09/2026;29/09/2026;FEC;N;2,88
3PERTRISUPSI80;TRILHO SUPERIOR P/ PORTA DE CORRER SI OCEAN 80 FS ALUMINIO ANODIZADO                                                    - 56,7X24,5X6000MM (N23300-600) SIFORMA OPK (BARRA 6M);10,0;13,00;11,00;11,00;10,00;8,00;0,00;(0,00);0,00;2,88;5,12;5,12(-5,88);20;311,74;2.493,94;0,39;3,00;3,00;;25/09/2026;23/09/2026;FEC;N;2,88
3PFIO60INOXHAF;PASSA-FIO REDONDO D60 2PC PLASTICO INOX FOSCO COM ESCOVA (631.35.013)                                                   -HAFELE;31,0;74,00;73,00;53,00;23,00;160,00;8,00;(11,00);0,00;121,00;39,00;39,00(-14,00);25;19,00;3.040,00;2,22;100,00;1,00;;21/09/2026;29/09/2026;FEC;S;113,00
3PON000PE119;PONTEIRA PARA PERFIL J - PE 119 (DJEI);0,0;200,00;0,00;0,00;200,00;800,00;0,00;(0,00);0,00;374,00;426,00;426,00(426,00);21;4,16;3.324,00;2,22;100,00;100,00;;30/06/2026;17/09/2026;FEC;N;374,00
3PON46TRI2071A;PONTEIRO 46 DO PERFIL TRILHO SUP/INF PORTA DE CORRER EXTERNA E SOBREPOSTA                                               2071 ANODIZADO FOSCO ALTERNATIVA;0,0;20,00;0,00;16,00;16,00;35,00;0,00;(0,00);0,00;8,00;27,00;27,00(11,00);30;3,14;109,94;0,40;25,00;25,00;ENTREGA: MONTAGEM KIT 3 DIAS + TRANSPORTE. SE NECESSARIO IMPORTAR 30 DIAS + TRANSPORTE;30/06/2026;23/09/2026;FEC;S;8,00
3PONCVPE416CRA;PONTEIRA CAVA PE-416 CROMO ACETINADO (16263) ROMETAL;43,0;181,00;203,00;237,00;267,00;140,00;85,00;(0,00);0,00;143,00;-3,00;-3,00(-240,00);15;6,23;872,06;6,90;50,00;50,00;;29/09/2026;29/09/2026;FEC;S;95,00
3PONPERFMNOORP;PONTEIRA PARA PERFIL ALUMINIO MINI NOOR COR PRETO COM ABA (101553) METAL                                                DESIGN 46965;140,0;283,00;178,00;216,35;228,66;410,00;77,00;(0,00);140,00;373,00;37,00;177,00(-39,35);21;14,76;6.050,37;7,53;20,00;20,00;;29/09/2026;25/09/2026;FEC;S;207,00
3PPIPTEMMAD200;PORTA PILAO/POTES TEMPEROS NICHO 200 MADEIRA TECA TAN  (2719-TT) ORIGIN                                                 BRASIL;0,0;0,00;2,00;0,00;0,00;3,00;0,00;(0,00);0,00;2,00;1,00;1,00(1,00);30;693,18;2.079,53;0,02;1,00;1,00;FATURAMENTO MINIMO 800,00 -  PRAZO DE ENTREGA 25 DIAS;03/09/2026;13/07/2026;FEC;S;2,00
3PPOTECERMAD;PORTA POTES CEREAL MADEIRA TECA TAN  (2741-TT) ORIGIN BRASIL;0,0;0,00;3,00;0,00;0,00;3,00;0,00;(0,00);1,00;3,00;0,00;1,00(1,00);37;492,58;1.477,73;0,03;1,00;1,00;FATURAMENTO MINIMO 800,00 -  PRAZO DE ENTREGA 25 DIAS;13/05/2025;13/07/2026;FEC;S;3,00
3PRFPOSX14A2IN;*** PORCA SEXTAVADA UNC INOX 1/4 A2 18.8;0,0;0,00;3,00;0,00;7,00;5,00;0,00;(0,00);0,00;1,33;3,67;3,67(3,67);10;25,46;127,28;0,03;1,00;1,00;;11/09/2026;08/09/2026;FEC;N;0,99
3PRGAVDIAMCZCL;#PROTETOR DE GAVETA DIAMOND - CINZA CLARO - 50CM X 20M X 1MM 3926.30.00                                                 (CA-931) FORMMA;121,8;258,09;389,02;147,00;500,29;60,00;63,75;(0,00);0,00;72,42;-12,42;-12,42(-159,42);21;28,83;1.729,68;8,82;20,00;150,00;Antigos: 3ARMANPO500CI, 3ARMANTRA500GR,3ARMANME475PR;18/09/2026;22/09/2026;FEC;S;49,30
3PRGAVDIAMCZES;PROTETOR DE GAVETA DIAMOND - CINZA ESCURO - 50CM X 20M X 1MM 3926.30.00                                                 (CA-930) FORMMA;43,550000000000004;7,65;6,33;9,03;78,37;0,00;196,56;(0,00);0,00;61,97;-61,97;-61,97(-71,00);21;28,85;0,00;0,26;20,00;150,00;Antigos: 3ARMANPO500CI, 3ARMANTRA500GR,3ARMANME475PR;17/09/2026;22/09/2026;FEC;S;55,70
3PRGAVSQUABEGE;#PROTETOR DE GAVETA SQUARE - BEGE - 50CM X 20M X 1MM 3926.30.00                                                         (A040.BEIGE) FORMMA;19,32;42,00;57,61;50,47;251,63;0,00;1,89;(0,00);0,00;76,43;-76,43;-76,43(-126,90);21;28,75;0,00;1,67;20,00;150,00;Antigos: 3ARMANPO500CI, 3ARMANTRA500GR,3ARMANME475PR;22/09/2026;22/09/2026;FEC;S;62,08
3PUX0010731;PUXADOR PHOENIX 192MM CROMADO - FORN. ZEN (ZP1073);2,0;0,00;0,00;7,00;1,00;33,00;0,00;(0,00);0,00;3,00;30,00;30,00(23,00);45;28,45;938,78;0,08;1,00;1,00;FAT MIN 200 REAIS;27/05/2026;04/09/2026;FEC;S;3,00
3PUX0303CROM;PUXADOR SMART 303 MM FOSCO/PONTEIRA CROMADA - (FORN. ZEN);2,0;8,00;4,00;0,00;0,00;13,00;0,00;(120,00);4,00;7,00;6,00;10,00(10,00);45;23,97;311,62;0,13;1,00;1,00;;01/07/2026;14/07/2026;FEC;S;7,00
3PUX1003FOSC;PUXADOR SMART 1003 MM FOSCO/PONTEIRA FOSCO  - (FORN. ZEN);18,0;32,00;52,00;31,00;52,00;29,00;20,00;(120,00);60,00;20,00;9,00;69,00(38,00);45;47,33;1.372,48;1,28;30,00;10,00;;16/09/2026;28/09/2026;FEC;S;20,00
3PUXCRETA64NV;PUXADOR CRETA 64MM NIQUEL VECCHIO (ZP3949) ZEN;0,0;0,00;15,00;3,00;44,00;9,00;2,00;(0,00);4,00;3,00;6,00;10,00(7,00);45;37,64;338,75;0,20;1,00;1,00;Itens baixados - estoque de merda NÃO COMPRAR;28/01/2026;24/09/2026;FEC;S;3,00
3PUXCUPDO;PUXADOR CUP PONTUAL DOURADO MATTE (ZP5238) ZEN;26,0;1,00;9,00;25,00;20,00;46,00;4,00;(0,00);113,00;142,00;-96,00;17,00(-8,00);45;16,43;755,69;0,39;1,00;1,00;FAT MIN 200 REAIS;29/09/2026;28/09/2026;FEC;S;142,00
3PUXDREPICCOFO;***PUXADOR DRESSA PICCOLO DIAM. 95MM - FOSCO (ZP5803.30) - ZEN;0,0;0,00;0,23;0,77;0,00;19,00;0,00;(0,00);0,00;2,00;17,00;17,00(16,23);45;22,65;430,33;0,01;1,00;1,00;FAT MIN 200 REAIS;13/04/2026;12/08/2026;FEC;S;2,00
3PUXDREPICFUFO;***FUNDO PUXADOR DRESSA PICCOLO DIAM. 95MM - FOSCO (ZP5804.30) - ZEN;0,0;0,00;0,23;0,77;0,00;19,00;0,00;(0,00);0,00;2,00;17,00;17,00(16,23);45;22,58;429,10;0,01;1,00;1,00;FAT MIN 200 REAIS;13/04/2026;12/08/2026;FEC;S;2,00
3PUXGVEATPCZ;#PUXADOR GAVETAO - FORN. BLUM (04412700);4,0;6,00;7,00;18,00;7,00;39,00;2,00;(0,00);0,00;24,00;15,00;15,00(-3,00);30;12,20;475,72;0,34;1,00;1,00;FAT MIN 800 REAIS;29/09/2026;28/09/2026;FEC;S;24,00
3PUXMAGNU224CR;PUXADOR MAGNUM - DIAM 224MM - CROMADO (ZP1866) ZEN;0,0;0,00;1,00;2,00;0,00;19,00;4,00;(0,00);5,00;21,00;-2,00;3,00(1,00);45;68,74;1.305,98;0,03;1,00;1,00;FAT MIN 200 REAIS;06/05/2026;04/08/2026;FEC;S;21,00
3PUXMAGNU224DO;PUXADOR MAGNUM - DIAM 224MM DOURADO MATTE (ZP1866) ZEN;1,0;8,00;3,00;24,00;0,00;40,00;0,00;(0,00);10,00;29,00;11,00;21,00(-3,00);45;84,61;3.384,36;0,39;1,00;1,00;FAT MIN 200 REAIS;03/08/2026;12/08/2026;FEC;S;29,00
3PUXPLYMOU80NV;PUXADOR PLYMOUTH 80MM NIQUEL VECCHIO (ZP5420) ZEN;0,0;0,00;2,00;2,00;0,00;74,00;0,00;(0,00);0,00;1,00;73,00;73,00(71,00);45;26,52;1.962,78;0,04;1,00;1,00;FAT MIN 200 REAIS;22/09/2025;04/08/2026;FEC;S;1,00
3PUXRADIO16CR;PUXADOR RADIO MINI - CROMADO (ZP4308.1) ZEN;55,0;29,00;32,00;34,00;53,00;103,00;7,00;(0,00);37,00;74,00;29,00;66,00(32,00);45;8,99;925,46;1,06;1,00;1,00;FAT MIN 200 REAIS;21/08/2026;29/09/2026;FEC;S;72,00
3PUXRADIO27CR;PUXADOR RADIO MEDIO - FURACAO 16MM 1 - CROMADO (ZP4309.1) ZEN;43,0;18,00;131,00;17,00;18,00;103,00;0,00;(0,00);0,00;9,00;94,00;94,00(77,00);45;15,68;1.615,14;1,84;1,00;1,00;FAT MIN 200 REAIS;28/08/2026;22/09/2026;FEC;S;9,00
3PUXRADIO27DO;PUX. RADIO MEDIO 27MM DOURADO MATTE - ZP4309.955 -ZEN;0,0;4,00;1,00;27,00;6,00;18,00;21,00;(0,00);29,00;37,00;-19,00;10,00(-17,00);45;17,53;315,59;0,36;1,00;1,00;FAT MIN 200 REAIS;29/09/2026;11/09/2026;FEC;S;37,00
3PUXSHELL64CV;PUXADOR SHELL 64MM COBRE VECCHIO (ZP4318) ZEN;0,0;0,00;8,00;19,00;0,00;21,00;0,00;(0,00);0,00;4,00;17,00;17,00(-2,00);45;29,61;621,83;0,30;1,00;1,00;FAT MIN 200 REAIS;01/07/2026;27/08/2026;FEC;S;4,00
3PUXSTRTPCZ;#PUXADOR SEM TRAVA - FORN. BLUM (06484270);4,0;22,00;26,00;23,00;24,00;49,00;2,00;(0,00);0,00;40,00;9,00;9,00(-14,00);30;23,47;1.149,83;0,79;1,00;1,00;FAT MIN 800 REAIS;10/09/2026;29/09/2026;FEC;S;34,00
3ROSQUADEUROFO;CONJUNTO ROSETA QUADRADA CHAVE EXTERNA CILINDRO EURO - FOSCO (ZM100QE.30)                                               ZEN;6,0;11,00;22,00;9,00;4,00;32,00;7,00;(0,00);14,00;28,00;4,00;18,00(9,00);45;54,65;1.748,86;0,47;1,00;1,00;FAT MIN 200 REAIS;29/09/2026;29/09/2026;FEC;S;28,00
3ROSQUADEUROPR;CONJUNTO ROSETA QUADRADA CHAVE EXTERNA CILINDRO EURO - PRETO (ZM100QE.24)                                               ZEN;2,0;2,00;2,00;3,00;4,00;11,00;4,00;(0,00);10,00;19,00;-8,00;2,00(-1,00);45;68,16;749,77;0,08;1,00;1,00;FAT MIN 200 REAIS;16/09/2026;25/09/2026;FEC;S;19,00
3ROSQUADTRANFO;ROSETA QUADRADA PARA TRANQUETA WC PADRAO FOSCO (ZM100Q.30) ZEN;2,0;6,00;4,00;6,00;1,00;16,00;4,00;(0,00);5,00;10,00;6,00;11,00(5,00);45;35,91;574,54;0,18;1,00;1,00;FAT MIN 200 REAIS;16/09/2026;03/09/2026;FEC;S;10,00
3RPE100INLINEZ;ENGATE LINEAR 100MM INOX RODAPE VOLPATO (21////19.20.36) EZDOOR;40,0;75,00;39,00;44,00;26,00;200,00;10,00;(0,00);0,00;53,00;147,00;147,00(103,00);26;4,37;873,20;1,76;20,00;20,00;;14/07/2026;29/09/2026;FEC;S;53,00
3RPE100INPEREZ;PERFIL PARA RODAPE ALT 100MM ACAB INOX VOLPA (20////20.400.36) EZDOOR;18,0;13,00;20,00;18,00;13,00;0,00;0,00;(0,00);20,00;8,51;-8,51;11,49(-6,51);21;146,36;0,00;0,57;4,00;4,00;;10/08/2026;15/09/2026;FEC;N;5,54
3RPE100INTEREZ;TERMINAL 100MM INOX RODAPE VOLPATO (21////19.40.36) EZDOOR;84,0;86,00;91,00;104,00;72,00;225,00;26,00;(0,00);0,00;148,00;77,00;77,00(-27,00);26;3,37;757,35;3,12;20,00;20,00;;25/06/2026;29/09/2026;FEC;S;148,00
3RPE100INVAREZ;ENGATE VARIAVEL 100MM INOX RODAPE VOLPATO (21////19.H0.36) EZDOOR;80,0;150,00;78,00;88,00;55,00;364,00;20,00;(0,00);0,00;106,00;258,00;258,00(170,00);26;9,56;3.479,11;3,51;20,00;20,00;;14/07/2026;29/09/2026;FEC;S;106,00
3RPE100PEREGEZ;PE REGULAVEL ALT 100MM RODAPE VOLPATO (10////02.A100) EZDOOR;430,0;474,00;314,00;416,00;394,00;400,00;282,00;(0,00);740,00;934,00;-534,00;206,00(-210,00);21;2,36;943,60;13,38;20,00;20,00;;25/08/2026;29/09/2026;FEC;S;934,00
3RPE150INLINEZ;ENGATE LINEAR 150MM INOX RODAPE VOLPATO (21////19.25.36) EZDOOR;6,0;8,00;15,00;12,00;23,00;41,00;20,00;(0,00);0,00;50,00;-9,00;-9,00(-21,00);26;5,39;220,79;0,39;20,00;20,00;;25/08/2026;25/09/2026;FEC;S;50,00
3RPE150INPEREZ;PERFIL PARA RODAPE ALT 150MM ACAB INOX VOLPA (20////25.400.36) EZDOOR;7,0;4,00;8,00;19,00;12,00;8,00;0,00;(0,00);8,00;12,07;-4,07;3,93(-15,07);21;177,30;1.418,38;0,34;4,00;4,00;;29/09/2026;29/09/2026;FEC;N;4,77
3RPE150INTEREZ;TERMINAL 150MM INOX RODAPE VOLPATO (21////19.45.36) EZDOOR;12,0;24,00;42,00;23,00;46,00;153,00;38,00;(0,00);0,00;122,00;31,00;31,00(8,00);26;4,02;614,91;0,99;20,00;20,00;;29/09/2026;25/09/2026;FEC;S;122,00
3RPE150INVAREZ;ENGATE VARIAVEL 150MM INOX RODAPE VOLPATO (21////19.H5.36) EZDOOR;12,0;16,00;30,00;24,00;42,00;112,00;40,00;(0,00);0,00;100,00;12,00;12,00(-12,00);21;11,23;1.257,87;0,78;20,00;20,00;;08/09/2026;25/09/2026;FEC;S;100,00
3RPE150PEREGEZ;PE REGULAVEL ALT 150MM RODAPE VOLPATO (10////02.A150) EZDOOR;121,0;246,00;465,00;249,00;266,00;600,00;155,00;(0,00);0,00;596,00;4,00;4,00(-245,00);21;2,90;1.739,40;10,67;20,00;20,00;;18/09/2026;25/09/2026;FEC;S;536,00
3RPEFIXPEMADEZ;CLIP DE FIXACAO EM PE VOLPATO PARA MADEIRA (10////////06.162) EZDOOR;94,0;137,00;145,00;90,00;140,00;313,00;82,00;(0,00);0,00;282,00;31,00;31,00(-59,00);26;0,40;124,26;4,13;20,00;20,00;;20/08/2026;25/09/2026;FEC;S;282,00
3RPEFIXPEPVCEZ;CLIP DE FIXACAO EM PE VOLPATO PARA PVC (10////06.151) EZDOOR;134,0;176,00;180,00;186,00;158,00;391,00;76,00;(0,00);0,00;304,00;87,00;87,00(-99,00);21;0,28;107,53;6,02;20,00;20,00;;14/08/2026;29/09/2026;FEC;S;304,00
3RTAMPAMAD175;RACK PARA TAMPAS MADEIRA TECA TAN  (2742-TT) ORIGIN BRASIL;0,0;0,00;4,00;0,00;0,00;6,00;0,00;(0,00);0,00;2,00;4,00;4,00(4,00);37;600,12;3.600,71;0,04;1,00;1,00;;20/07/2026;13/07/2026;FEC;S;2,00
3SDRIVPIERCING;SERVO-DRIVE PIERCING DE CONEXAO E PONTEIRA DE ISOLAMENTO                                                                Z10V100E.01KNO+END V1OR/S (REF: 08820285) BLUM;0,0;2,00;18,00;22,00;6,00;23,00;0,00;(0,00);18,00;27,00;-4,00;14,00(-8,00);20;35,00;804,98;0,47;1,00;1,00;;28/11/2025;25/09/2026;FEC;S;27,00
3SIOCE801PEXTE;KIT SISTEMA SI OCEAN 80 FS SEM AMORTECEDORES PARA PORTA EXTERNA (OP23440S                                               A) SIFORMA OPK;16,0;33,00;41,00;22,00;25,00;59,00;4,00;(0,00);11,00;42,00;17,00;28,00(6,00);21;268,32;15.830,82;1,07;1,00;1,00;ENTREGA: MONTAGEM KIT 3 DIAS + TRANSPORTE. SE NECESSARIO IMPORTAR 30 DIAS + TRANSPORTE;25/09/2026;29/09/2026;FEC;S;42,00
3SIOCE801PINDI;KIT SISTEMA SI OCEAN 80 FS SEM AMORTECEDORES PARA PORTA INTERNA DIREITA (                                               OP23430SA) SIFORMA OPK;7,0;22,00;24,00;11,00;14,00;33,00;0,00;(0,00);5,00;20,00;13,00;18,00(7,00);21;189,29;6.246,41;0,63;1,00;1,00;ENTREGA: MONTAGEM KIT 3 DIAS + TRANSPORTE. SE NECESSARIO IMPORTAR 30 DIAS + TRANSPORTE;25/09/2026;28/09/2026;FEC;S;20,00
3SIOCE801PINES;KIT SISTEMA SI OCEAN 80 FS SEM AMORTECEDORES PARA PORTA INTERNA ESQUERDA                                                (OP23420SA) SIFORMA OPK;12,0;25,00;34,00;18,00;19,00;44,00;4,00;(0,00);10,00;32,00;12,00;22,00(4,00);21;176,18;7.751,83;0,86;1,00;1,00;ENTREGA: MONTAGEM KIT 3 DIAS + TRANSPORTE. SE NECESSARIO IMPORTAR 30 DIAS + TRANSPORTE;25/09/2026;29/09/2026;FEC;S;32,00
3SISCORMAGIC70;SISTEMA DE CORRER APOIADO E SOBREPOSTO P/ PORTAS PEQ. MAGIC 70 AL 70 (007                                               0.1.10) ALTERNATIVA;0,0;6,00;0,00;5,00;6,00;7,00;0,00;(0,00);0,00;2,00;5,00;5,00(0,00);30;36,98;258,83;0,12;1,00;1,00;ENTREGA: MONTAGEM KIT 3 DIAS + TRANSPORTE. SE NECESSARIO IMPORTAR 30 DIAS + TRANSPORTE;15/09/2026;23/09/2026;FEC;S;2,00
3SMARTCABCON3M;CABO CONEXAO 3000MM (101535) METAL DESIGN;159,0;450,00;269,00;314,35;339,66;668,00;19,00;(0,00);247,00;710,00;-42,00;205,00(-109,35);21;12,09;8.077,46;11,48;1,00;1,00;;29/09/2026;17/09/2026;FEC;S;424,00
3SMARTCABEXT3M;CABO EXTENSAO 3000MM (101536) METAL DESIGN;23,0;110,00;60,00;62,00;56,00;176,00;39,00;(0,00);51,00;207,00;-31,00;20,00(-42,00);21;13,48;2.372,13;2,58;1,00;1,00;;28/09/2026;28/09/2026;FEC;S;207,00
3SMARTCABLIGD;#CABO LIGACAO DIRETA NO CONVERSOR (102700) METAL DESIGN;19,0;60,00;44,00;35,00;35,00;119,00;20,00;(0,00);37,00;157,00;-38,00;-1,00(-36,00);21;17,78;2.115,58;1,54;1,00;1,00;;28/09/2026;29/09/2026;FEC;S;153,00
3SMARTCONT1CNE;#CONTROLE SMART 1 CANAL MONO NERO (101628) METAL DESIGN;8,0;6,00;3,00;7,00;6,00;14,00;4,00;(0,00);2,00;27,00;-13,00;-11,00(-18,00);21;288,95;4.045,36;0,18;1,00;1,00;;28/09/2026;25/09/2026;FEC;S;20,00
3SMARTDIST10VI;DISTRIBUIDOR DE ENERGIA COM 10 VIAS 24 VDC (101537) METAL DESIGN;35,0;129,00;74,00;82,00;68,00;244,00;37,00;(0,00);62,00;264,00;-20,00;42,00(-40,00);21;20,31;4.955,88;3,17;1,00;1,00;;28/09/2026;29/09/2026;FEC;S;261,00
3SMARTERMRETR4;TERMO RETRATIL 4MM TRANSPARENTE (112536) METAL DESIGN;4,0;7,00;4,00;7,00;0,00;179,00;0,00;(0,00);0,00;6,23;172,77;172,77(165,77);40;2,00;357,28;0,20;10,00;1,00;;15/10/2024;25/08/2026;FEC;N;3,43
3SMARTINTTE24V;INTERRUPTOR TECLA 24V (102702) METAL DESIGN;22,0;58,00;81,00;70,00;47,00;204,00;33,00;(0,00);0,00;178,00;26,00;26,00(-44,00);21;28,59;5.831,75;2,32;1,00;1,00;;29/09/2026;29/09/2026;FEC;S;174,00
3SMARTSEIVFLUX;SENSOR INFRA VERMELHO POSICAO EMBUTIDO FLUX SLIM 24V 3A 72W P ACION LUMIN                                               ARIAS (103585) METAL DESIGN;13,0;38,00;24,00;80,00;47,00;111,00;21,00;(0,00);0,00;90,00;21,00;21,00(-59,00);21;50,68;5.625,59;1,58;1,00;1,00;;28/09/2026;28/09/2026;FEC;S;90,00
3SMARTSETOFLUX;SENSOR TOUCH DIMER EMBUTIDO FLUX SLIM 24V 3A 72W P ACION DE LUMINARIAS                                                  (103587) METAL DESIGN;28,0;114,00;65,00;71,00;67,00;209,00;34,00;(0,00);31,00;242,00;-33,00;-2,00(-73,00);21;45,65;9.540,22;2,78;1,00;1,00;;29/09/2026;29/09/2026;FEC;S;231,00
3SMARTVOZMD24V;#MODULO SMART PARA SENSORES DE VOZ 8 VIAS 24 VDC P/ MEC DRIVER                                                          (101166) - METAL DESIGN;9,0;12,00;10,00;16,00;6,00;31,00;12,00;(0,00);2,00;52,00;-21,00;-19,00(-35,00);21;349,70;10.840,55;0,42;1,00;1,00;;29/09/2026;25/09/2026;FEC;S;45,00
3SUPTHIN90G;SUPORTE FIXACAO 90G THIN ZAMAK ALTERNATIVA C/ 2 PRF M4;352,0;760,00;352,00;140,00;262,00;810,00;16,00;(0,00);200,00;734,00;76,00;276,00(136,00);21;5,14;4.159,35;13,91;10,00;10,00;;01/09/2026;28/09/2026;FEC;S;734,00
3SUPTHINPADR;SUPORTE FIXACAO PADRAO THIN ZAMAK ALTERNATIVA C/ 1 PRF M4;232,0;514,00;154,00;80,00;162,00;430,00;8,00;(0,00);170,00;342,00;88,00;258,00(178,00);21;4,53;1.947,04;8,31;10,00;10,00;;01/09/2026;28/09/2026;FEC;S;342,00
3SUPTHINTETO;SUPORTE FIXACAO PARA TETO THIN ZAMAK ALTERNATIVA C/ 1 PRF M4;12,0;16,00;10,00;0,00;16,00;46,00;8,00;(0,00);0,00;14,00;32,00;32,00(32,00);30;9,17;421,91;0,29;10,00;1,00;;01/09/2026;17/09/2026;FEC;S;14,00
3TABCORTMAD300;TABUA DE CORTE - NICHO 300 MADEIRA TECA TAN  (2728-TT) ORIGIN BRASIL;0,0;0,00;2,00;0,00;0,00;2,00;0,00;(0,00);0,00;1,00;1,00;1,00(1,00);37;274,60;549,20;0,02;1,00;1,00;FATURAMENTO MINIMO 800,00 -  PRAZO DE ENTREGA 25 DIAS;03/11/2025;13/07/2026;FEC;S;1,00
3TAPAQN58CZ;TAPETE AQUA NON - FORN. METACRON;8,0;9,00;13,00;17,00;24,00;0,00;0,00;(0,00);11,00;4,70;-4,70;6,30(-10,70);10;661,81;0,00;0,43;1,00;1,00;FATURAMENTO MINIMO 800,00 -  PRAZO DE ENTREGA 25 DIAS;16/09/2026;17/09/2026;FEC;N;2,02
3TIPENGADIR;#ENGATE DIREITO CORREDICA TIP-ON BLUMOTION- BLUM- 06247277 -T51 7601;12,0;25,00;42,00;19,00;21,00;78,00;9,00;(0,00);0,00;47,00;31,00;31,00(12,00);30;7,44;580,55;0,96;6,00;6,00;COMPRAR JUNTOS 3CRDENGADIR  3CRDENGAESQ  3CRDTANDE45;18/08/2026;16/09/2026;FEC;S;45,00
3TIPENGAESQ;#ENGATE ESQUERDO CORREDICA TIP-ON BLUMOTION BLUM- 01311197 -T51 7601;12,0;25,00;42,00;19,00;21,00;78,00;10,00;(0,00);0,00;47,00;31,00;31,00(12,00);30;7,44;580,48;0,96;6,00;6,00;COMPRAR JUNTOS 3CRDENGADIR  3CRDENGAESQ  3CRDTANDE45;18/08/2026;16/09/2026;FEC;S;45,00
3TPLUFIXFROREL;#TANDEMBOX PLUS FIXADOR FRONTAL PARA RELING LONGITUDINAL - COPINHO ZRF.2210                                             (06122235) - BLUM;38,0;146,00;142,00;208,00;180,00;358,00;19,00;(0,00);0,00;296,00;62,00;62,00(-146,00);20;2,08;745,36;5,51;1,00;1,00;;25/08/2026;29/09/2026;FEC;S;260,00
3TPLULATMD350C;TANDEMBOX PLUS F LATERAL METALICA DIREITA M 350MM CINZA 378M3502SF Z RE                                                 V20WA/G (REF: 05109092) - BLUM;2,0;4,00;1,00;17,00;11,00;25,00;0,00;(0,00);0,00;4,00;21,00;21,00(4,00);20;35,04;875,88;0,24;20,00;20,00;;24/09/2026;29/09/2026;FEC;S;4,00
3TPLULATMD400C;TANDEMBOX PLUS F LATERAL METALICA DIREITA M 400MM CINZA 378M4002SF Z RE V20W                                            A/G (REF: 05165502) - BLUM;0,0;8,00;11,00;13,00;13,00;24,00;2,00;(0,00);0,00;18,00;6,00;6,00(-7,00);20;35,43;850,30;0,36;20,00;20,00;;25/08/2026;25/09/2026;FEC;S;17,00
3TPLULATMD450C;TANDEMBOX PLUS F LATERAL METALICA DIREITA M 450MM CINZA 378M4502SF Z RE V20W                                            A/G (REF: 05181906) - BLUM;2,0;25,00;19,00;25,00;12,00;42,00;1,00;(0,00);40,00;31,00;11,00;51,00(26,00);21;35,94;1.509,56;0,77;20,00;20,00;;24/09/2026;25/09/2026;FEC;S;29,00
3TPLULATMD500C;TANDEMBOX PLUS F LATERAL METALICA DIREITA M 500MM CINZA 378M5002SF Z RE V20W                                            A/G (REF: 05261483) - BLUM;24,0;98,00;95,00;122,00;123,00;306,00;16,00;(0,00);0,00;205,00;101,00;101,00(-21,00);20;36,44;11.149,42;3,50;20,00;20,00;;29/09/2026;29/09/2026;FEC;S;175,00
3TPLULATME350C;TANDEMBOX PLUS F LATERAL METALICA ESQUERDA M 350MM CINZA 378M3502SF Z LI                                                V20WA/G (REF: 05159720) - BLUM;2,0;4,00;1,00;17,00;11,00;25,00;0,00;(0,00);0,00;4,00;21,00;21,00(4,00);20;35,04;875,88;0,24;20,00;20,00;;24/09/2026;29/09/2026;FEC;S;4,00
3TPLULATME400C;TANDEMBOX PLUS F LATERAL METALICA ESQUERDA M 400MM CINZA 378M4002SF Z LI V20                                            WA/G (REF: 05174471) - BLUM;0,0;8,00;11,00;13,00;13,00;24,00;2,00;(0,00);0,00;18,00;6,00;6,00(-7,00);20;35,43;850,30;0,36;20,00;20,00;;25/08/2026;25/09/2026;FEC;S;17,00
3TPLULATME450C;TANDEMBOX PLUS F LATERAL METALICA ESQUERDA M 450MM CINZA 378M4502SF Z LI V20                                            WA/G (REF: 05184595) - BLUM;2,0;25,00;19,00;25,00;12,00;42,00;1,00;(0,00);40,00;31,00;11,00;51,00(26,00);21;35,94;1.509,56;0,77;20,00;20,00;;24/09/2026;25/09/2026;FEC;S;29,00
3TPLULATME500C;TANDEMBOX PLUS F LATERAL METALICA ESQUERDA M 500MM CINZA 378M5002SF Z LI V20                                            WA/G (REF: 05287909) - BLUM;24,0;98,00;95,00;122,00;123,00;302,00;16,00;(0,00);0,00;205,00;97,00;97,00(-25,00);20;36,44;11.003,67;3,50;20,00;20,00;;29/09/2026;29/09/2026;FEC;S;175,00
3TPLURELICI350;#TANDEMBOX RELING LONGITUDINAL (ESQUERDA/DIREITA) CINZA, CN=350 MM,                                                     PARA TANDEMBOX PLUS ZRG.296V (04703076) BLUM (SUBSTITUIR O ITEM 3TPLUTRI35TO30);4,0;2,00;0,00;18,00;12,00;14,00;0,00;(0,00);0,00;6,00;8,00;8,00(-10,00);20;8,67;121,31;0,22;1,00;1,00;(SUBSTITUIR O ITEM 3TPLUTRI35TO30);24/09/2026;29/09/2026;FEC;S;6,00
3TPLURELICI400;#TANDEMBOX RELING LONGITUDINAL (ESQUERDA/DIREITA) CINZA, CN=400 MM,                                                     PARA TANDEMBOX PLUS ZRG.346V (06486762) BLUM (SUBSTITUIR O ITEM 3TPLUTRI40TO30);0,0;12,00;14,00;12,00;16,00;31,00;4,00;(0,00);0,00;14,00;17,00;17,00(5,00);20;8,98;278,47;0,42;1,00;1,00;(SUBSTITUIR O ITEM 3TPLUTRI40TO30);22/09/2026;25/09/2026;FEC;S;14,00
3TPLURELICI450;#TANDEMBOX RELING LONGITUDINAL (ESQUERDA/DIREITA) CINZA, CN=450 MM,                                                     PARA TANDEMBOX PLUS ZRG.396V (09182623) BLUM (SUBSTITUIR O ITEM 3TPLUTRI45TO30);2,0;16,00;18,00;24,00;12,00;61,00;0,00;(0,00);0,00;24,00;37,00;37,00(13,00);20;9,18;560,16;0,64;1,00;1,00;(SUBSTITUIR O ITEM 3TPLUTRI45TO30);14/11/2025;25/09/2026;FEC;S;22,00
3TPLURELICI500;#TANDEMBOX RELING LONGITUDINAL (ESQUERDA/DIREITA) CINZA, CN=500 MM,                                                     PARA TANDEMBOX PLUS ZRG.446V (08616274) BLUM (SUBSTITUIR O ITEM 3TPLUTRI50TO30);30,0;116,00;106,00;146,00;136,00;312,00;14,00;(0,00);0,00;252,00;60,00;60,00(-86,00);20;9,54;2.974,92;4,09;1,00;1,00;(SUBSTITUIR O ITEM 3TPLUTRI50TO30);29/09/2026;29/09/2026;FEC;S;218,00
3TPLUSCAPARELO;#CAPA RETANGULAR SIMETRICA LOGO LIDER PARA GAVETA TANDEMBOX PLUS F ZAA.                                                 430C ABD V1000R737 (REF: 3331750) - BLUM;58,0;270,00;260,00;372,00;322,00;987,00;36,00;(0,00);0,00;516,00;471,00;471,00(99,00);21;0,55;538,90;10,02;500,00;1,00;item antigo subistituidos 3TPLUSCAPALES e 3TPLUSCAPALDI;24/09/2026;29/09/2026;FEC;S;450,00
3TPLUSFIXAFRO;#TANDEMBOX PLUS FIXADOR FRONTAL DE GAVETA (REF: 08003614) - BLUM;44,0;214,00;192,00;290,00;260,00;701,00;28,00;(0,00);0,00;388,00;313,00;313,00(23,00);30;1,99;1.397,09;7,73;1,00;1,00;;24/09/2026;29/09/2026;FEC;S;334,00
3TPLUSSTRAMCD;#TANDEMBOX PLUS SUP. TRASEIRO DIREITO DE GAVETA M BAIXO CINZA                                                           (REF: 02120170) - BLUM;11,0;62,00;58,00;83,00;71,00;218,00;9,00;(0,00);0,00;110,00;108,00;108,00(25,00);30;3,63;791,12;2,26;1,00;1,00;;10/09/2026;29/09/2026;FEC;S;95,00
3TPLUSSTRASDCD;#TANDEMBOX PLUS SUP. TRASEIRO DIREITO DE GAVETA D ALTO CINZA (REF 0472183);18,0;73,00;69,00;103,00;90,00;241,00;9,00;(0,00);0,00;148,00;93,00;93,00(-10,00);20;7,04;1.697,60;2,72;1,00;1,00;;24/09/2026;29/09/2026;FEC;S;130,00
3TPLUSSTRASDCE;#TANDEMBOX PLUS SUP. TRASEIRO ESQUERDO DE GAVETA D ALTO CINZA (REF 04722050);18,0;73,00;69,00;103,00;90,00;231,00;9,00;(0,00);0,00;148,00;83,00;83,00(-20,00);20;7,04;1.627,16;2,72;1,00;1,00;;24/09/2026;29/09/2026;FEC;S;130,00
3TPLUSSTRASMCE;#TANDEMBOX PLUS SUP. TRASEIRO ESQUERDO DE GAVETA M BAIXO CINZA                                                          (REF: 02119830) - BLUM;11,0;62,00;58,00;83,00;71,00;207,00;15,00;(0,00);0,00;110,00;97,00;97,00(14,00);30;3,63;751,20;2,26;10,00;10,00;;10/09/2026;29/09/2026;FEC;S;95,00
3TPLUTIPOBLUL3;#TANDEMBOX PLUS UNID. TIP-ON BLUMOTION D/E L3 T60B3530 15A40KG                                                          (REF: 01116 269) - BLUM;0,0;0,00;8,00;2,00;2,00;18,00;0,00;(0,00);0,00;2,00;16,00;16,00(14,00);30;155,24;2.794,34;0,11;6,00;6,00;;09/07/2026;24/09/2026;FEC;S;2,00
3TPLUTRI35B30D;#TANDEMBOX PLUS TRILHO DIR.350MM BLUMOTION 30KG ADAPTA TIP-ON 578.3501M                                                 KREV20 (REF: 07902446) - BLUM;2,0;4,00;1,00;17,00;11,00;25,00;0,00;(0,00);0,00;4,00;21,00;21,00(4,00);30;44,95;1.123,80;0,24;20,00;20,00;;24/09/2026;29/09/2026;FEC;S;4,00
3TPLUTRI35B30E;#TANDEMBOX PLUS TRILHO ESQ.350MM BLUMOTION 30KG ADAPTA TIP-ON 578.3501M                                                 KLIV20 (REF: 07904544) - BLUM;2,0;4,00;1,00;17,00;11,00;26,00;0,00;(0,00);0,00;4,00;22,00;22,00(5,00);30;44,95;1.168,57;0,24;20,00;20,00;;24/09/2026;29/09/2026;FEC;S;4,00
3TPLUTRI40B30D;#TANDEMBOX PLUS TRILHO DIR.400MM BLUMOTION 30KG ADAPTA TIP-ON 578.4001M                                                 KREV20 (REF: 07909533) - BLUM;0,0;8,00;11,00;13,00;13,00;46,00;2,00;(0,00);0,00;18,00;28,00;28,00(15,00);30;45,47;2.091,53;0,36;20,00;20,00;;25/08/2026;25/09/2026;FEC;S;17,00
3TPLUTRI40B30E;#TANDEMBOX PLUS TRILHO ESQ.400MM BLUMOTION 30KG ADAPTA TIP-ON 578.4001M                                                 KL IV20 (REF: 07909849) - BLUM;0,0;8,00;11,00;13,00;13,00;46,00;2,00;(0,00);0,00;18,00;28,00;28,00(15,00);30;45,47;2.091,53;0,36;20,00;20,00;;25/08/2026;25/09/2026;FEC;S;17,00
3TPLUTRI45B30D;#TANDEMBOX PLUS TRILHO DIR.450MM BLUMOTION 30KG ADAPTA TIP-ON 578.4501M                                                 KREV20 (REF: 07917701) - BLUM;1,0;17,00;10,00;13,00;6,00;43,00;0,00;(0,00);0,00;19,00;24,00;24,00(11,00);30;46,03;1.979,25;0,44;20,00;20,00;;22/09/2026;25/09/2026;FEC;S;18,00
3TPLUTRI45B30E;#TANDEMBOX PLUS TRILHO ESQ.450MM BLUMOTION 30KG ADAPTA TIP-ON 578.4501M                                                 KL IV20 (REF: 07929487) - BLUM;1,0;17,00;10,00;13,00;6,00;34,00;0,00;(0,00);0,00;19,00;15,00;15,00(2,00);30;46,15;1.569,20;0,44;20,00;20,00;;22/09/2026;25/09/2026;FEC;S;18,00
3TPLUTRI45B50D;#TANDEMBOX PLUS TRILHO DIR.450MM BLUMOTION 50KG ADAPTA TIP-ON 579.4501M                                                 KREV20 (REF: 04460517) - BLUM;1,0;8,00;9,00;12,00;6,00;36,00;0,00;(0,00);0,00;12,00;24,00;24,00(12,00);30;55,19;1.986,77;0,32;20,00;20,00;;17/04/2026;25/09/2026;FEC;S;11,00
3TPLUTRI45B50E;#TANDEMBOX PLUS TRILHO ESQ.450MM BLUMOTION 50KG ADAPTA TIP-ON 579.4501M                                                 KLIV20 (REF: 04474490) - BLUM;1,0;8,00;9,00;12,00;6,00;47,00;0,00;(0,00);0,00;12,00;35,00;35,00(23,00);30;55,23;2.596,00;0,32;20,00;20,00;;17/04/2026;25/09/2026;FEC;S;11,00
3TPLUTRI50B30D;#TANDEMBOX PLUS TRILHO DIR.500MM BLUMOTION 30KG ADAPTA TIP-ON 578.5001M                                                 KREV20 (REF: 07936668) - BLUM;10,0;40,00;42,00;51,00;55,00;130,00;9,00;(0,00);0,00;79,00;51,00;51,00(0,00);30;46,41;6.033,82;1,48;20,00;20,00;;22/09/2026;29/09/2026;FEC;S;66,00
3TPLUTRI50B30E;#TANDEMBOX PLUS TRILHO ESQ.500MM BLUMOTION 30KG ADAPTA TIP-ON 578.5001M                                                 KL REF(7940374) IV20 (REF: 07940374) - BLUM;10,0;40,00;42,00;51,00;55,00;128,00;9,00;(0,00);0,00;79,00;49,00;49,00(-2,00);30;46,41;5.940,86;1,48;20,00;20,00;;22/09/2026;29/09/2026;FEC;S;66,00
3TPLUTRI50B50D;#TANDEMBOX PLUS TRILHO DIR.500MM BLUMOTION 50KG ADAPTA TIP-ON 579.5001M                                                 KREV20 (REF: 04560726) - BLUM;14,0;58,00;54,00;74,00;68,00;205,00;7,00;(0,00);0,00;126,00;79,00;79,00(5,00);30;56,58;11.599,31;2,07;20,00;20,00;;29/09/2026;29/09/2026;FEC;S;109,00
3TPLUTRI50B50E;#TANDEMBOX PLUS TRILHO ESQ.500MM BLUMOTION 50KG ADAPATA TIP-ON 579.5001M                                                KLIV20 (REF: 04574230) - BLUM;14,0;58,00;54,00;74,00;68,00;205,00;7,00;(0,00);0,00;126,00;79,00;79,00(5,00);30;56,58;11.599,52;2,07;20,00;20,00;;29/09/2026;29/09/2026;FEC;S;109,00
3TRANQQUADWCFO;CONJUNTO TRANQUETA QUADRADA PARA WC PADRAO FOSCO (ZM100B.30)                                                            - PORTA 52MM - HASTE MAIOR COM 92MM - ZEN;3,0;6,00;5,00;6,00;1,00;7,00;0,00;(0,00);22,00;13,00;-6,00;16,00(10,00);45;39,09;273,64;0,19;1,00;1,00;FAT MIN 200 REAIS;29/09/2026;24/09/2026;FEC;S;13,00
3VEDAPATRE0730;***VEDA PORTA AUTOMATICO TREND COM ABAS 30X20 L730 (CE1220TND00164N) ECLISSE;0,0;0,00;5,00;1,00;4,00;11,00;1,00;(0,00);0,00;1,00;10,00;10,00(9,00);21;148,64;1.635,04;0,07;10,00;10,00;;22/09/2026;16/09/2026;FEC;S;1,00
3VEDSYNT7171CI;BORRACHA VEDACAO EM TPE COESTRUSADO COM PELICULA PARA PORTA INVISIVEL D-4                                               3MM CINZA (071-90) PERFISILA;147,45;9,78;323,55;166,26;82,54;0,00;440,34;(0,00);1.000,00;215,04;-215,04;784,96(618,70);45;1,96;0,00;5,55;1.000,00;0,00;FATURAMENTO MINIMO 800,00 -  PRAZO DE ENTREGA 25 DIAS;07/07/2026;01/09/2026;FEC;S;103,25
3VEDSYNT7171PR;BORRACHA DE VEDACAO EM TPE COESTRUSADO COM PELICULA PARA PORTA INVISIVEL                                                D=4,3MM PRETO (071-90) PERFILISA;64,17;53,59;75,65;83,12;91,86;0,00;304,25;(0,00);0,00;42,53;-42,53;-42,53(-125,65);45;1,87;0,00;2,36;1.000,00;0,00;FATURAMENTO MINIMO 800,00 -  PRAZO DE ENTREGA 25 DIAS;01/07/2025;23/09/2026;FEC;S;27,34
3A102ESCBB;ESCORREDOR PRATO/COPO ALEANA (5950X100 + 59550 + 2X59531) 952.2ESC.BB                                                   - 952.2ESC.BB;0,0;1,00;0,00;1,00;0,00;1,00;0,00;(0,00);0,00;1,00;0,00;0,00(-1,00);10;1.176,06;1.176,06;0,02;1,00;1,00;ENTREGA: MONTAGEM KIT 3 DIAS + TRANSPORTE. SE NECESSARIO IMPORTAR 30 DIAS + TRANSPORTE;16/09/2026;22/08/2026;FNC;S;1,00
3A12ESCBCPT;ESCORREDOR PRATO/COPO/TALHER ALEANA (59503+59531+59560+59520) 1152.ESC.BC.PT                                            - 1152.ESC.BC.PT;1,0;0,00;0,00;0,00;2,00;2,00;0,00;(0,00);0,00;2,00;0,00;0,00(0,00);21;1.081,45;2.162,90;0,00;1,00;1,00;ENTREGA: MONTAGEM KIT 3 DIAS + TRANSPORTE. SE NECESSARIO IMPORTAR 30 DIAS + TRANSPORTE;22/09/2026;15/09/2026;FNC;S;2,00
3AORING2014D16;***ANEL DE VEDACAO O-RING 2014 NBR DIAM. INT. 12,42 DIAM. EXT. 15,98;252,0;600,00;12,00;0,00;0,00;0,00;616,00;(0,00);0,00;600,00;-600,00;-600,00(-600,00);15;0,71;0,00;6,80;100,00;100,00;;17/09/2026;09/07/2026;FNC;S;576,00
3ARADFLAT1163GF;*** ARAMADO ADEGA FLAT FRONTAL SEM LOGO LIDER GRAFITE 1163MM                                                            (1026111155) PIVA;0,0;0,00;0,00;0,00;0,00;0,00;1,00;(0,00);5,00;4,00;-4,00;1,00(1,00);30;66,54;0,00;0,00;5,00;5,00;ENTREGA: MONTAGEM KIT 3 DIAS + TRANSPORTE. SE NECESSARIO IMPORTAR 30 DIAS + TRANSPORTE;05/02/2026;19/02/2026;FNC;S;4,00
3ARADFLAT1163GP;*** ARAMADO ADEGA FLAT POSTERIOR SEM LOGO LIDER GRAFITE 1163MM                                                          (1026111055) PIVA;0,0;0,00;0,00;0,00;0,00;0,00;1,00;(0,00);5,00;4,00;-4,00;1,00(1,00);30;66,54;0,00;0,00;5,00;5,00;ENTREGA: MONTAGEM KIT 3 DIAS + TRANSPORTE. SE NECESSARIO IMPORTAR 30 DIAS + TRANSPORTE;05/02/2026;19/02/2026;FNC;S;4,00
3ARADFLAT363GF;*** ARAMADO ADEGA FLAT FRONTAL SEM LOGO LIDER GRAFITE 363MM (1026112955) PIVA;0,0;0,00;0,00;1,00;0,00;0,00;4,00;(0,00);5,00;8,00;-8,00;-3,00(-4,00);30;54,14;0,00;0,01;5,00;5,00;ENTREGA: MONTAGEM KIT 3 DIAS + TRANSPORTE. SE NECESSARIO IMPORTAR 30 DIAS + TRANSPORTE;06/07/2026;06/08/2026;FNC;S;8,00
3ARADFLAT363GP;*** ARAMADO ADEGA FLAT POSTERIOR SEM LOGO LIDER GRAFITE 363MM (1026112855)                                              PIVA;0,0;0,00;0,00;1,00;0,00;0,00;4,00;(0,00);5,00;8,00;-8,00;-3,00(-4,00);30;54,14;0,00;0,01;5,00;5,00;ENTREGA: MONTAGEM KIT 3 DIAS + TRANSPORTE. SE NECESSARIO IMPORTAR 30 DIAS + TRANSPORTE;06/07/2026;06/08/2026;FNC;S;8,00
3ARADFLAT463GF;*** ARAMADO ADEGA FLAT FRONTAL SEM LOGO LIDER GRAFITE 463MM (102611275) PIVA;0,0;4,00;0,00;0,00;0,00;5,00;0,00;(0,00);0,00;3,00;2,00;2,00(2,00);30;57,54;287,68;0,04;5,00;5,00;ENTREGA: MONTAGEM KIT 3 DIAS + TRANSPORTE. SE NECESSARIO IMPORTAR 30 DIAS + TRANSPORTE;18/09/2026;22/06/2026;FNC;S;3,00
3ARADFLAT463GP;*** ARAMADO ADEGA FLAT POSTERIOR SEM LOGO LIDER GRAFITE 463MM (1026112655)                                              PIVA;0,0;4,00;0,00;0,00;0,00;5,00;0,00;(0,00);0,00;3,00;2,00;2,00(2,00);30;57,54;287,68;0,04;5,00;5,00;ENTREGA: MONTAGEM KIT 3 DIAS + TRANSPORTE. SE NECESSARIO IMPORTAR 30 DIAS + TRANSPORTE;18/09/2026;22/06/2026;FNC;S;3,00
3ARADFLAT763GF;*** ARAMADO ADEGA FLAT FRONTAL SEM LOGO LIDER GRAFITE 763MM (102611195) PIVA;2,0;0,00;0,00;0,00;0,00;0,00;4,00;(0,00);0,00;2,00;-2,00;-2,00(-2,00);30;72,21;0,00;0,00;5,00;5,00;ENTREGA: MONTAGEM KIT 3 DIAS + TRANSPORTE. SE NECESSARIO IMPORTAR 30 DIAS + TRANSPORTE;28/04/2026;07/05/2026;FNC;S;2,00
3ARADFLAT763GP;*** ARAMADO ADEGA FLAT POSTERIOR SEM LOGO LIDER GRAFITE 763MM (1026111855)                                              (PIVA);2,0;0,00;0,00;0,00;0,00;0,00;4,00;(0,00);0,00;2,00;-2,00;-2,00(-2,00);30;72,21;0,00;0,00;5,00;5,00;ENTREGA: MONTAGEM KIT 3 DIAS + TRANSPORTE. SE NECESSARIO IMPORTAR 30 DIAS + TRANSPORTE;28/04/2026;07/05/2026;FNC;S;2,00
3ARCAPIATGR50D;*** ARAMADO DE CANTO RETO PIATINA DIREITO PROF. 500MM GRAFITE (1004021155)                                              PIVA;0,0;0,00;0,00;1,00;1,00;0,00;0,00;(0,00);1,00;1,00;-1,00;0,00(-1,00);30;1.608,39;0,00;0,01;1,00;1,00;PRAZO MEDIO DE ENTREGA: 20 DIAS;28/07/2026;21/09/2026;FNC;S;1,00
3ARCLPIA165CI;#COLUNA FIXACAO LATERAL DIREITA CINZA PIATINA 165 MM 1005010920 PIVA                                                    ETO 333) - FORNECER COM CORREDICA OCULTA EXTRACAO TOTAL INCLUSA - FIXACAO FRONTAL - DIREITA;3,0;2,00;1,00;5,00;0,00;0,00;1,00;(0,00);13,00;10,00;-10,00;3,00(-2,00);21;572,29;0,00;0,09;5,00;5,00;MINIMO: 1 CAIXA - FATURAMENTO: 1000,00 - ITENS SEM ESTOQUE: MINIMO 10 DIAS;12/05/2026;31/08/2026;FNC;S;10,00
3ARCLPIA165GF;*** COLUNA FIXACAO LATERAL DIREITA GRAFITE PIATINA 165 MM (1005010955) PIVA                                             - FORNECER COM CORREDICA OCULTA EXTRACAO TOTAL INCLUSA - FIXACAO FRONTAL;0,0;0,00;0,00;0,00;0,00;0,00;0,00;(0,00);5,00;2,00;-2,00;3,00(3,00);30;0,00;0,00;0,00;5,00;5,00;ENTREGA: MONTAGEM KIT 3 DIAS + TRANSPORTE. SE NECESSARIO IMPORTAR 30 DIAS + TRANSPORTE;01/01/1900;01/01/1900;FNC;S;2,00
3ARCLPIA165GFE;*** COLUNA FIXACAO LATERAL ESQUERDA GRAFITE PIATINA 165 MM (1005012955) PIVA                                            - FORNECER COM CORREDICA OCULTA EXTRACAO TOTAL INCLUSA - FIXACAO FRONTAL;0,0;0,00;0,00;0,00;0,00;0,00;0,00;(0,00);5,00;2,00;-2,00;3,00(3,00);30;0,00;0,00;0,00;5,00;5,00;ENTREGA: MONTAGEM KIT 3 DIAS + TRANSPORTE. SE NECESSARIO IMPORTAR 30 DIAS + TRANSPORTE;01/01/1900;01/01/1900;FNC;S;2,00
3ARESCLO1000IN;***KIT ESCORREDOR DE LOUCAS TN BASE 1000 36 PRATOS INOX (566FG101000B0) GVTN;0,0;1,00;1,00;1,00;0,00;7,00;1,00;(0,00);0,00;1,00;6,00;6,00(5,00);21;253,20;1.772,37;0,03;1,00;1,00;PRAZO MEDIO DE ENTREGA: 20 DIAS;27/07/2026;22/08/2026;FNC;S;1,00
3ARLIXCUBE30FR;***LIXEIRA CUBE 30 DOIS CESTOS DE 15L (11311) FRANKE;2,0;3,00;0,00;2,00;2,00;4,00;0,00;(0,00);0,00;3,00;1,00;1,00(-1,00);10;565,11;2.260,42;0,06;1,00;1,00;FATURAMENTO MINIMO 800,00 -  PRAZO DE ENTREGA 25 DIAS;08/09/2026;25/09/2026;FNC;S;3,00
3ARLIXCUBE40FR;***LIXEIRA CUBE 40 DOIS CESTOS DE 14L (11605) FRANKE;0,0;0,00;1,00;2,00;0,00;2,00;1,00;(0,00);2,00;4,00;-2,00;0,00(-2,00);10;1.010,18;2.020,35;0,03;2,00;1,00;FATURAMENTO MINIMO 800,00 -  PRAZO DE ENTREGA 25 DIAS;11/09/2026;10/08/2026;FNC;S;4,00
3ARLXSOLAS20CH;LIXEIRA AS SOLO HAILO - MANUAL - CHUMBO 20L (110579) METANOVA;0,0;1,00;1,00;0,00;0,00;2,00;0,00;(0,00);0,00;2,00;0,00;0,00(0,00);22;683,67;1.367,34;0,02;1,00;1,00;FATURAMENTO MINIMO 800,00 -  PRAZO DE ENTREGA 25 DIAS;22/09/2026;20/07/2026;FNC;S;2,00
3ARLXSOLOARTCH;LIXEIRA AS SOLO HAILO -COM ARTICULADOR - CHUMBO 20L (110612) METANOVA;2,0;0,00;2,00;1,00;2,00;5,00;0,00;(0,00);0,00;5,00;0,00;0,00(-1,00);10;768,72;3.843,59;0,03;1,00;1,00;FATURAMENTO MINIMO 800,00 -  PRAZO DE ENTREGA 25 DIAS;22/09/2026;03/09/2026;FNC;S;5,00
3AROR500BI1N10;#ORGALINE 500X100 ZSI.500BI1N - FORN. BLUM (06700070);2,0;1,00;1,00;0,00;3,00;2,00;0,00;(0,00);2,00;4,00;-2,00;0,00(0,00);30;193,98;387,96;0,02;1,00;1,00;FAT MIN 800 REAIS;29/09/2026;23/09/2026;FNC;S;4,00
3AROR500BI328;#ORGALINE 500X280 ZSI.500BI3 - FORN. BLUM (03695280);3,0;1,00;4,00;2,00;2,00;1,00;0,00;(0,00);0,00;1,00;0,00;0,00(-2,00);30;306,40;306,40;0,08;1,00;1,00;FAT MIN 800 REAIS;01/09/2026;23/09/2026;FNC;S;1,00
3ARPEFLAT463CI;#PRATELEIRA 500 MM EXTRAIVEL LINHA FLAT EPOXI CINZA - FORN. PIVA (PROJETO                                               329) - FORNECER COM CORREDICA OCULTA INCLUSA -COM LOGOMARCA LIDER\ \;0,0;0,00;0,00;0,00;3,00;2,00;0,00;(0,00);5,00;3,00;-1,00;4,00(4,00);21;401,83;803,66;0,00;5,00;5,00;MINIMO: 1 CAIXA - FATURAMENTO: 1000,00 - ITENS SEM ESTOQUE: MINIMO 10 DIAS - ITEM DE BAIXO CONSUMO;03/11/2025;03/09/2026;FNC;S;3,00
3ARPFER140CI;#PORTA FERRO PRATA L.A. SERVICO - FORN. PIVA (1017030530)                                                               \ \ \ \;0,0;0,00;0,00;1,00;0,00;7,00;1,00;(0,00);0,00;1,00;6,00;6,00(5,00);30;37,35;261,42;0,01;10,00;10,00;MINIMO: 1 CAIXA - FATURAMENTO: 1000,00 - ITENS SEM ESTOQUE: MINIMO 10 DIAS;06/01/2026;07/08/2026;FNC;S;1,00
3ARPTPIA120GF;*** PORTA TOALHA GRAFITE LINHA PLATINA (1013031255) PIVA - FORNECER COM CORR                                            EDICA TELESCOPICA EXTRACAO TOTAL;0,0;0,00;0,00;0,00;0,00;5,00;0,00;(0,00);0,00;1,00;4,00;4,00(4,00);30;0,00;0,00;0,00;5,00;5,00;ENTREGA: MONTAGEM KIT 3 DIAS + TRANSPORTE. SE NECESSARIO IMPORTAR 30 DIAS + TRANSPORTE;22/09/2026;01/01/1900;FNC;S;1,00
3ARPVASL310CI;#PORTA VASSOURA LATERAL PRATA L.A. SERVICO - FORN. PIVA (1013050330)                                                    \ \ \ \;18,0;16,00;29,00;10,00;11,00;3,00;7,00;(0,00);16,00;27,00;-24,00;-8,00(-18,00);21;22,94;68,82;0,61;10,00;10,00;MINIMO: 1 CAIXA - FATURAMENTO: 1000,00 - ITENS SEM ESTOQUE: MINIMO 10 DIAS;22/09/2026;28/09/2026;FNC;S;26,00
3ARPVASL310GF;*** PORTA VASSOURA LATERAL GRAFITE L.A. SERVICO (1013050355) PIVA;0,0;0,00;0,00;0,00;0,00;0,00;0,00;(0,00);5,00;5,00;-5,00;0,00(0,00);30;0,00;0,00;0,00;5,00;5,00;ENTREGA: MONTAGEM KIT 3 DIAS + TRANSPORTE. SE NECESSARIO IMPORTAR 30 DIAS + TRANSPORTE;01/01/1900;01/01/1900;FNC;S;5,00
3ARTUFLAT76GF;*** SISTEMA TULHA LINHA FLAT EPOXI GRAFITE PIVA (1026511055) - FORNECER COM                                             CORREDICA OCULTA INCLUSA - SEM LOGOMARCA LIDER;0,0;0,00;0,00;0,00;0,00;0,00;0,00;(0,00);0,00;2,00;-2,00;-2,00(-2,00);30;0,00;0,00;0,00;5,00;5,00;ENTREGA: MONTAGEM KIT 3 DIAS + TRANSPORTE. SE NECESSARIO IMPORTAR 30 DIAS + TRANSPORTE;01/01/1900;01/01/1900;FNC;S;2,00
3ARTUPIA410CI;#TULHA DESLIZANTE S/ FIXACAO CINZA LINHA PLATINA - FORN. PIVA (10200133320                                              ) - FORNECER COM CORREDICA TELESCOPICA EXTRACAOTOTAL\ \;0,0;0,00;0,00;1,00;0,00;0,00;0,00;(0,00);5,00;2,00;-2,00;3,00(2,00);21;333,24;0,00;0,01;5,00;5,00;MINIMO: 1 CAIXA - FATURAMENTO: 1000,00 - ITENS SEM ESTOQUE: MINIMO 10 DIAS;01/10/2025;03/08/2026;FNC;S;2,00
3ATAHFSERVF12W;AVENTOS HF/HS/HL FONTE DE ALIMENTACAO SERVO-DRIVE FLEX 12W                                                              EN/ES/IT/PT INDIVIDUAL (REF: 06169147) - BLUM;5,0;1,00;0,00;12,00;4,00;7,00;0,00;(0,00);0,00;5,00;2,00;2,00(-10,00);20;335,65;2.349,52;0,14;1,00;1,00;;09/07/2026;25/09/2026;FNC;S;5,00
3AVARHFTOP2800;*** ARTICULADOR AVENTOS HF TOP 22F2800 LF 10000-19300 - BLUM (01755700);1,0;1,00;0,00;0,00;4,00;1,00;0,00;(0,00);0,00;1,00;0,00;0,00(0,00);30;314,90;314,90;0,01;1,00;1,00;vai ser substuido pelo 3AVINTSRDORIO;22/09/2026;25/09/2026;FNC;S;1,00
3AVARHLTOP2200;***ARTICULADOR AVENTOS HL TOP 22L2200 DE ALTURAS 300-890MM - BLUM (05877526);1,0;0,00;1,00;0,00;0,00;0,00;1,00;(0,00);0,00;1,00;-1,00;-1,00(-1,00);30;297,42;0,00;0,01;1,00;1,00;vai ser substuido pelo 3AVINTSRDORIO;22/09/2026;22/07/2026;FNC;S;1,00
3AVARHSTOP2200;***ARTICULADOR AVENTOS HS TOP 22S2200 DE ALTURAS 350-540MM - BLUM (06873965);2,0;1,00;2,00;0,00;0,00;0,00;1,00;(0,00);0,00;1,00;-1,00;-1,00(-1,00);30;299,51;0,00;0,03;1,00;1,00;vai ser substuido pelo 3AVINTSRDORIO;22/09/2026;28/07/2026;FNC;S;1,00
3AVARHSTOP2800;***ARTICULADOR AVENTOS HS TOP 22S2800 DE ALTURAS 650-800MM - BLUM (06726108);0,0;0,00;0,00;0,00;0,00;5,00;1,00;(0,00);0,00;1,00;4,00;4,00(4,00);30;377,87;1.889,35;0,00;1,00;1,00;vai ser substuido pelo 3AVINTSRDORIO;28/08/2025;21/01/2026;FNC;S;1,00
3AVBRHLTOP3500;***KIT AVENTOS TOP HL BRACOS KH=340-389MM KG 1,75 A 10 - 22L3500 (04361231)                                             - BLUM;0,0;0,00;1,00;0,00;0,00;0,00;1,00;(0,00);0,00;1,00;-1,00;-1,00(-1,00);20;213,49;0,00;0,01;1,00;1,00;vai ser substuido pelo 3AVINTSRDORIO;22/09/2026;22/07/2026;FNC;S;1,00
3AVBRHSTOP3500;***ARTICULADOR AVENTOS HS TOP BRACOS 22S3500 - BLUM (04455776);3,0;1,00;2,00;0,00;0,00;0,00;2,00;(0,00);0,00;2,00;-2,00;-2,00(-2,00);30;199,59;0,00;0,03;1,00;1,00;vai ser substuido pelo 3AVINTSRDORIO;22/09/2026;28/07/2026;FNC;S;2,00
3AVCAPSESQCINZ;#CAPA AVENTOS TOP SERVO DRIVE HF/HS/HL LISA ESQUERDA CINZA CLARO                                                        22.8001 A BD L - HGR BLUM (01006510);5,0;1,00;0,00;12,00;2,00;2,00;0,00;(0,00);5,00;7,00;-5,00;0,00(-12,00);20;43,11;86,21;0,14;1,00;1,00;vai ser substuido pelo 3AVINTSRDORIO;22/09/2026;16/09/2026;FNC;S;7,00
3AVHKTCAPABSED;#KIT AVENTOS CAPA HK TOP LISA, DIREITA+ESQUERDA BRANCO SEDA 22K8000 ABD                                                 R+L V 1SWIG (REF: 04824637) - BLUM;2,0;4,00;0,00;0,00;0,00;0,00;0,00;(0,00);2,00;2,00;-2,00;0,00(0,00);21;41,32;0,00;0,04;1,00;1,00;;05/06/2026;19/06/2026;FNC;S;2,00
3AVHKTCASDBSED;KIT AVENTOS CAPA SERVO DRIVE HK TOP LISA ESQUERDA BRANCO SEDA 23K8001 ABD L                                             V5 SEIW (REF: 08204090) - BLUM;0,0;0,00;0,00;0,00;0,00;0,00;0,00;(0,00);2,00;2,00;-2,00;0,00(0,00);21;0,00;0,00;0,00;1,00;1,00;;;;FNC;S;2,00
3AVHKTOP23TPON;***AVENTOS CAPA HK TOP CINZA 22K2300T TIP-ON KRAFTSP S2  ZN (REF: 04205572)                                             - BLUM;2,0;1,00;0,00;0,00;0,00;0,00;0,00;(0,00);8,00;8,00;-8,00;0,00(0,00);20;274,51;0,00;0,01;1,00;1,00;SUBSTITUINDO 3AVHKTOP2300TO;08/05/2026;03/06/2026;FNC;S;8,00
3AVHKTSERVODRV;AVENTOS HK TOP SERVO-DRIVE UNIDADE DE ACIONAMENTO 23P5020 SCHALT V20 HGR                                                (REF: 09961208) - BLUM;0,0;1,00;7,00;2,00;2,00;0,00;0,00;(0,00);2,00;2,00;-2,00;0,00(-2,00);20;1.404,74;0,00;0,11;1,00;1,00;SUBSTITUINDO 3AVHKTOP2300TO;22/09/2026;25/09/2026;FNC;S;2,00
3AVHLTOPHAESTA;***AVENTOS TOP HL HASTE DE ESTABILIZACAO - 1076MM 22Q1076U (06826344) - BLUM;3,0;4,00;1,00;2,00;1,00;0,00;1,00;(0,00);0,00;1,00;-1,00;-1,00(-3,00);30;56,90;0,00;0,08;1,00;1,00;vai ser substuido pelo 3AVINTSRDORIO;22/09/2026;04/09/2026;FNC;S;1,00
3AVINTSRDBSED;#AVENTOS HF/HS/HL INTERRUPTOR SERVO-DRIVE SIMETRICO BRANCO SEDA 23P5020                                                 SCHALT V20SEIW (REF: 06550469) - BLUM;0,0;0,00;0,00;2,00;0,00;0,00;0,00;(0,00);4,00;4,00;-4,00;0,00(-2,00);20;183,55;0,00;0,02;1,00;1,00;vai ser substuido pelo 3AVINTSRDORIO;08/05/2026;03/08/2026;FNC;S;4,00
3AVTOPUSEDHFSL;AVENTOS TOP HF/HS/HL SERVO-DRIVE UNIDADE DE ACIONAMENTO 23.A000 (05362207                                               ) - BLUM;5,0;1,00;4,00;14,00;2,00;2,00;0,00;(0,00);5,00;7,00;-5,00;0,00(-14,00);20;1.434,90;2.869,81;0,21;1,00;1,00;vai ser substuido pelo 3AVINTSRDORIO;22/09/2026;16/09/2026;FNC;S;7,00
3BRAHKXS1600TO;***BRACO AVENTOS HK-XS TIP-ON  20K1501T LF-800–1600 S/DOBRAD. - FORN. BLUM (                                            08041284);0,0;4,00;4,00;4,00;0,00;10,00;0,00;(0,00);0,00;6,00;4,00;4,00(0,00);30;52,77;527,69;0,13;40,00;1,00;FAT MIN 800 REAIS;12/06/2025;20/08/2026;FNC;S;6,00
3CHPE300X120D6;*** CHAPA PERFURADA ACO 16-1020 3000X1200X1,6MM COM FUROS DIAM 6MM ENTRE FUR                                            OS 9MM (XXXXXXXXXXX) GLORIA MET. PERF.;7,2;7,20;7,20;14,40;3,60;10,80;0,00;(0,00);0,00;7,30;3,50;3,50(-10,90);35;205,03;2.214,28;0,32;7,20;7,20;alteracao do modelo antigo  3CHAP0000PF;23/09/2026;25/09/2026;FNC;N;4,12
3CIEU1200DCHFO;*** CILINDRO EUROPERFIL MOD.1200 CHAVE-CHAVE 67MM DESCENTRALIZADO 25/10/32                                              - COM CHAVE ACAB. FOSCO CD342532 (3548) ECLISSE;0,0;1,00;29,00;11,00;4,00;16,00;8,00;(0,00);11,00;35,00;-19,00;-8,00(-19,00);21;64,38;1.030,14;0,46;1,00;1,00;;23/09/2026;29/09/2026;FNC;S;35,00
3CIEU1200DCHPR;*** CILINDRO EUROPERFIL MOD.1200 CHAVE-CHAVE 67MM DESCENTRALIZADO 25/10/32                                              - COM CHAVE ACAB. PRETO CD932532 (3547) ECLISSE;2,0;0,00;0,00;3,00;6,00;15,00;6,00;(0,00);5,00;26,00;-11,00;-6,00(-9,00);21;69,03;1.035,50;0,03;1,00;1,00;;23/09/2026;25/09/2026;FNC;S;26,00
3CONECTORSIGN;***CLIP CONECTOR SIGN/BOSSA (109712) METAL DESIGN;19,0;11,00;23,00;0,00;0,00;46,00;8,00;(0,00);0,00;14,00;32,00;32,00(32,00);40;6,19;284,74;0,38;1,00;1,00;FATURAMENTO MINIMO 800,00 -  PRAZO DE ENTREGA 25 DIAS;31/12/2024;20/07/2026;FNC;S;8,00
3COTESTOUMADBR;***CONTRA TESTA TOUCH PARA MADEIRA ACAB. BRANCO (B02404.31.FM) ECLISSE;0,0;0,00;0,00;0,00;0,00;0,00;0,00;(0,00);1,00;1,00;-1,00;0,00(0,00);21;101,90;0,00;0,00;1,00;1,00;;01/09/2025;30/10/2025;FNC;S;1,00
3CRTANDTIPON50;#CORREDICA TANDEM TIP-ON INTEGRADO 500MM EXTR. TOTAL 30KG 560H5000T MP ZN                                               (REF:08558340) - BLUM;9,0;8,00;7,00;11,00;17,00;6,00;0,00;(0,00);12,00;17,00;-11,00;1,00(-10,00);21;108,37;650,20;0,29;6,00;6,00;;22/09/2026;21/09/2026;FNC;S;17,00
3DIVTAMAD178;*** DIVISOR DE TALHERES 178X473X63 MADEIRA TECA TAN (2721-TT) ORIGIN BRASIL;0,0;0,00;0,00;0,00;0,00;0,00;0,00;(0,00);1,00;1,00;-1,00;0,00(0,00);37;262,87;0,00;0,00;1,00;1,00;FATURAMENTO MINIMO 800,00 -  PRAZO DE ENTREGA 25 DIAS;17/10/2023;20/10/2023;FNC;S;1,00
3DIVTAMAD228;*** DIVISOR DE TALHERES 228X473X63 MADEIRA TECA TAN (2722-TT) ORIGIN BRASIL;0,0;0,00;0,00;0,00;0,00;0,00;0,00;(0,00);1,00;1,00;-1,00;0,00(0,00);37;288,86;0,00;0,00;1,00;1,00;FATURAMENTO MINIMO 800,00 -  PRAZO DE ENTREGA 25 DIAS;17/10/2023;20/10/2023;FNC;S;1,00
3DIVTAMAD328;*** DIVISOR DE TALHERES 328X473X63 MADEIRA TECA TAN (2700-TT) ORIGIN BRASIL;0,0;0,00;1,00;0,00;0,00;1,00;0,00;(0,00);0,00;1,00;0,00;0,00(0,00);37;366,30;366,30;0,01;1,00;1,00;FATURAMENTO MINIMO 800,00 -  PRAZO DE ENTREGA 25 DIAS;25/09/2026;13/07/2026;FNC;S;1,00
3DIVTAMAD428;*** DIVISOR DE TALHERES 428X473X63 MADEIRA TECA TAN (2702-TT) ORIGIN BRASIL;0,0;0,00;0,00;0,00;0,00;0,00;0,00;(0,00);1,00;1,00;-1,00;0,00(0,00);37;438,72;0,00;0,00;1,00;1,00;FATURAMENTO MINIMO 800,00 -  PRAZO DE ENTREGA 25 DIAS;19/08/2025;02/10/2025;FNC;S;1,00
3DIVTAMAD528N2;*** DIVISOR DE TALHERES 528X473X63 (NICHO 200) MADEIRA TECA TAN  (2706-TT)                                              ORIGIN BRASIL;0,0;0,00;0,00;0,00;0,00;1,00;0,00;(0,00);0,00;1,00;0,00;0,00(0,00);37;489,63;489,63;0,00;1,00;1,00;FATURAMENTO MINIMO 800,00 -  PRAZO DE ENTREGA 25 DIAS;15/04/2025;02/02/2026;FNC;S;1,00
3DIVTAMAD578N2;*** DIVISOR DE TALHERES 578X473X63 (NICHO 200) MADEIRA TECA TAN  (2704-TT)                                              ORIGIN BRASIL;0,0;0,00;0,00;0,00;0,00;0,00;0,00;(0,00);2,00;2,00;-2,00;0,00(0,00);37;511,79;0,00;0,00;1,00;1,00;FATURAMENTO MINIMO 800,00 -  PRAZO DE ENTREGA 25 DIAS;13/04/2026;30/04/2026;FNC;S;2,00
3DTLIN1000514PR;*** DIVISOR DE TALHER LINEA 1000 PRATA 500/100L (110232) METANOVA;1,0;3,00;0,00;0,00;4,00;1,00;0,00;(0,00);0,00;1,00;0,00;0,00(0,00);10;231,79;231,79;0,03;1,00;1,00;FATURAMENTO MINIMO 800,00 -  PRAZO DE ENTREGA 25 DIAS;23/09/2026;29/09/2026;FNC;S;1,00
3DTLIN300514GF;*** DIVISOR DE TALHER LINEA 300 GRAFITE 500/30L (110636) METANOVA;0,0;0,00;2,00;0,00;0,00;2,00;0,00;(0,00);0,00;2,00;0,00;0,00(0,00);10;92,91;185,81;0,02;1,00;1,00;FATURAMENTO MINIMO 800,00 -  PRAZO DE ENTREGA 25 DIAS;22/09/2026;06/07/2026;FNC;S;2,00
3DTLIN300514PR;*** DIVISOR DE TALHER LINEA 300 PRATA 500/30L (110222) METANOVA;0,0;1,00;0,00;2,00;0,00;1,00;0,00;(0,00);0,00;1,00;0,00;0,00(-2,00);10;91,26;91,26;0,03;1,00;1,00;FATURAMENTO MINIMO 800,00 -  PRAZO DE ENTREGA 25 DIAS;22/09/2026;05/08/2026;FNC;S;1,00
3DTLIN400514GF;*** DIVISOR DE TALHER LINEA 400 GRAFITE 500/40L (110638) METANOVA;1,0;1,00;0,00;0,00;1,00;2,00;0,00;(0,00);0,00;2,00;0,00;0,00(0,00);10;112,09;224,18;0,01;1,00;1,00;FATURAMENTO MINIMO 800,00 -  PRAZO DE ENTREGA 25 DIAS;22/09/2026;10/09/2026;FNC;S;2,00
3DTLIN400514PR;DIVISOR DE TALHER LINEA 400 PRATA 500/40L (110223) METANOVA;1,0;1,00;2,00;3,00;4,00;1,00;0,00;(0,00);0,00;1,00;0,00;0,00(-3,00);10;99,23;99,23;0,07;1,00;1,00;FATURAMENTO MINIMO 800,00 -  PRAZO DE ENTREGA 25 DIAS;28/09/2026;08/09/2026;FNC;S;1,00
3DTLIN500514GF;*** DIVISOR DE TALHER LINEA 500 GRAFITE 500/50L (110640) METANOVA;2,0;4,00;3,00;1,00;0,00;2,00;0,00;(0,00);0,00;2,00;0,00;0,00(-1,00);10;111,90;223,80;0,09;1,00;1,00;FATURAMENTO MINIMO 800,00 -  PRAZO DE ENTREGA 25 DIAS;16/09/2026;19/08/2026;FNC;S;2,00
3DTLIN500514PR;DIVISOR DE TALHER LINEA 500 PRATA 500/50L (110226) METANOVA;3,0;2,00;0,00;2,00;4,00;5,00;0,00;(0,00);0,00;5,00;0,00;0,00(-2,00);10;131,48;657,42;0,04;1,00;1,00;FATURAMENTO MINIMO 800,00 -  PRAZO DE ENTREGA 25 DIAS;22/09/2026;28/09/2026;FNC;S;5,00
3DTLIN600514GF;*** DIVISOR DE TALHER LINEA 600 GRAFITE 500/60L (110611) METANOVA;0,0;3,00;3,00;0,00;0,00;0,00;0,00;(0,00);2,00;2,00;-2,00;0,00(0,00);10;138,90;0,00;0,07;1,00;1,00;FATURAMENTO MINIMO 800,00 -  PRAZO DE ENTREGA 25 DIAS;08/06/2026;28/08/2026;FNC;S;2,00
3DTLIN600514PR;*** DIVISOR DE TALHER LINEA 600 PRATA 500/60L (110228) METANOVA;1,0;3,00;1,00;1,00;1,00;9,00;0,00;(0,00);0,00;8,00;1,00;1,00(0,00);10;141,78;1.276,06;0,06;1,00;1,00;FATURAMENTO MINIMO 800,00 -  PRAZO DE ENTREGA 25 DIAS;22/09/2026;10/09/2026;FNC;S;8,00
3DTLIN700514GF;*** DIVISOR DE TALHER LINEA 700 GRAFITE 500/70L (110642) METANOVA;2,0;2,00;0,00;1,00;0,00;1,00;0,00;(0,00);0,00;1,00;0,00;0,00(-1,00);10;243,62;243,62;0,03;1,00;1,00;FATURAMENTO MINIMO 800,00 -  PRAZO DE ENTREGA 25 DIAS;11/09/2026;11/08/2026;FNC;S;1,00
3DTLIN700514PR;*** DIVISOR DE TALHER LINEA 700 PRATA 500/70L (110229) METANOVA;3,0;1,00;3,00;1,00;0,00;3,00;0,00;(0,00);1,00;4,00;-1,00;0,00(-1,00);10;170,56;511,68;0,06;1,00;1,00;FATURAMENTO MINIMO 800,00 -  PRAZO DE ENTREGA 25 DIAS;22/09/2026;05/08/2026;FNC;S;4,00
3DTLIN800514GF;***DIVISOR DE TALHER LINEA 800 GRAFITE 500/80L (110643) METANOVA;0,0;2,00;3,00;1,00;1,00;0,00;0,00;(0,00);1,00;1,00;-1,00;0,00(-1,00);10;254,67;0,00;0,07;1,00;1,00;FATURAMENTO MINIMO 800,00 -  PRAZO DE ENTREGA 25 DIAS;17/08/2026;08/09/2026;FNC;S;1,00
3DTLIN800514PR;*** DIVISOR DE TALHER LINEA 800 PRATA 500/80L (110230) METANOVA;0,0;0,00;0,00;0,00;2,00;1,00;0,00;(0,00);0,00;1,00;0,00;0,00(0,00);10;193,39;193,39;0,00;1,00;1,00;FATURAMENTO MINIMO 800,00 -  PRAZO DE ENTREGA 25 DIAS;28/09/2026;22/09/2026;FNC;S;1,00
3DTLIN900414PR;DIVISOR DE TALHER LINEA 900 PRATA - FORN. METACRON (450/90 + 2PC 110318);0,0;0,00;0,00;2,00;1,00;3,00;0,00;(0,00);0,00;1,00;2,00;2,00(0,00);10;200,41;601,23;0,02;1,00;1,00;FATURAMENTO MINIMO 800,00 -  PRAZO DE ENTREGA 25 DIAS;04/05/2026;18/09/2026;FNC;S;1,00
3DTLIN900514PR;*** DIVISOR DE TALHER LINEA 900 PRATA 500/90L (110231) METANOVA;1,0;2,00;0,00;0,00;0,00;3,00;0,00;(0,00);0,00;3,00;0,00;0,00(0,00);10;221,21;663,63;0,02;1,00;1,00;FATURAMENTO MINIMO 800,00 -  PRAZO DE ENTREGA 25 DIAS;16/09/2026;24/06/2026;FNC;S;3,00
3FEC185190PR;%ESPECIAL - FECHADURA BICO DE PAPAGAIO PRETA - ROSETA PRETA (KIT COMPLETO) -                                            FECHADURA 950 PORTAS DE CORRER ROSETA QUADRADA 1 PRETO FOSCO;0,0;0,00;1,00;0,00;2,00;1,00;0,00;(0,00);0,00;1,00;0,00;0,00(0,00);10;68,63;68,63;0,01;1,00;1,00;FAT. MINIMO 1500 REAIS;15/09/2026;23/09/2026;FNC;S;1,00
3GDVEFORNO700;GRADE DE VENTILACAO PARA FORNO EMBUTIDO 700 MM (2401-700) - BASE;1,0;8,00;5,00;1,00;2,00;11,00;0,00;(0,00);0,00;3,00;8,00;8,00(7,00);21;76,97;846,70;0,16;10,00;10,00;FAT MIN 200 REAIS;29/09/2026;24/09/2026;FNC;S;3,00
3GDVEFORNO800;GRADE DE VENTILACAO PARA FORNO EMBUTIDO 800 MM (2401-800) - BASE;0,0;4,00;2,00;0,00;1,00;5,00;1,00;(0,00);0,00;2,00;3,00;3,00(3,00);21;98,78;493,91;0,07;10,00;1,00;FAT MIN 200 REAIS;18/05/2026;03/09/2026;FNC;S;2,00
3KIESCFOLCEMAG;***KIT ESCAMOTEAVEL CENTRALIZADOR MAGNETICO OPK (H24006) SIFORMA;0,0;0,00;0,00;0,00;0,00;0,00;1,00;(0,00);0,00;1,00;-1,00;-1,00(-1,00);30;270,20;0,00;0,00;1,00;1,00;;27/07/2026;26/03/2025;FNC;S;1,00
3KIESCFOLIII25;*** KIT ESCAMOTEAVEL BASICO FOLDING CONCEPTA III 25 HAWA (H31505) SIFORMA;1,0;1,00;0,00;0,00;0,00;0,00;2,00;(0,00);0,00;2,00;-2,00;-2,00(-2,00);30;4.180,06;0,00;0,01;1,00;1,00;;27/07/2026;22/06/2026;FNC;S;2,00
3KIESCFOLMPDIR;***KIT ESCAMOTEAVEL MEC PUSH FOLDING CONCEPTA III 25 HAWA - DIREITO (H31511-                                            -R) SIFORMA;0,0;0,00;0,00;0,00;0,00;0,00;1,00;(0,00);0,00;1,00;-1,00;-1,00(-1,00);30;4.520,86;0,00;0,00;1,00;1,00;;27/07/2026;26/03/2025;FNC;S;1,00
3KIESCFOLMPESQ;***KIT ESCAMOTEAVEL MEC PUSH FOLDING CONCEPTA III 25 HAWA - ESQUERDO (H31510                                            -L) SIFORMA;1,0;1,00;0,00;0,00;0,00;0,00;1,00;(0,00);0,00;1,00;-1,00;-1,00(-1,00);30;4.520,86;0,00;0,01;1,00;1,00;;27/07/2026;22/06/2026;FNC;S;1,00
3KIESCFOLPESUP;***KIT ESCAMOTEAVEL PERFIL SUPERIOR FOLDING CONCEPTA III 25 HAWA (H31520)                                               SIFORMA;1,0;1,00;0,00;0,00;0,00;0,00;2,00;(0,00);0,00;2,00;-2,00;-2,00(-2,00);30;1.566,76;0,00;0,01;1,00;1,00;;27/07/2026;22/06/2026;FNC;S;2,00
3KIESCFOLTRDIR;***KIT ESCAMOTEAVEL TRILHO ANODIZADO FOLDING CONCEPTA III 25 HAWA - DIREITO                                             (H31515-R) SIFORMA;0,0;0,00;0,00;0,00;0,00;0,00;1,00;(0,00);0,00;1,00;-1,00;-1,00(-1,00);30;3.570,21;0,00;0,00;1,00;1,00;;27/07/2026;18/03/2025;FNC;S;1,00
3KIESCFOLTRESQ;***KIT ESCAMOTEAVEL TRILHO ANODIZADO FOLDING CONCEPTA III 25 HAWA - ESQUERDO                                            (H31514-L) SIFORMA;1,0;1,00;0,00;0,00;0,00;0,00;1,00;(0,00);0,00;1,00;-1,00;-1,00(-1,00);30;3.570,21;0,00;0,01;1,00;1,00;;27/07/2026;22/06/2026;FNC;S;1,00
3KISUP1PINDIRO;***KIT SUPERIOR SI OCEAN 1 PORTA INTERNA DIREITA SEM AMORTECEDOR (OP23430) O                                            PK/SIFORMA;1,0;0,00;0,00;2,00;0,00;1,00;0,00;(0,00);0,00;1,00;0,00;0,00(-2,00);20;193,10;193,10;0,02;1,00;1,00;;28/08/2026;03/08/2026;FNC;S;1,00
3KISUP1PINESQO;***KIT SUPERIOR SI OCEAN 1 PORTA INTERNA ESQUERDA SEM AMORTECEDOR (OP23420)                                             OPK/SIFORMA;2,0;3,00;5,00;2,00;2,00;3,00;1,00;(0,00);0,00;4,00;-1,00;-1,00(-3,00);20;191,38;574,13;0,11;1,00;1,00;;29/09/2026;25/09/2026;FNC;S;4,00
3KITPCEZD3P;# KIT 3 PORTAS SISTEMA 4 PLUS 50KGS AMORTEC TOTAL - EZDOOR (700.XXX.X3P);0,0;1,00;0,00;0,00;0,00;0,00;0,00;(0,00);1,00;1,00;-1,00;0,00(0,00);21;753,66;0,00;0,01;1,00;1,00;;19/06/2026;23/06/2026;FNC;S;1,00
3KMFOCUSCHTRFO;***KIT MACANETA FOCUS LOCKS (LAPA) T-50 CHAVE/TRAVA ACAB. PRATA FOSCO                                                   (T50-ET-SILVER) ECLISSE;0,0;0,00;1,00;1,00;1,00;4,00;1,00;(0,00);0,00;5,00;-1,00;-1,00(-2,00);21;545,58;2.182,32;0,02;1,00;1,00;;23/09/2026;22/09/2026;FNC;S;5,00
3KMFOCUSCHTRPR;***KIT MACANETA FOCUS LOCKS (LAPA) T-50 CHAVE/TRAVA ACAB. PRETO                                                         (T50-ET-BLACK) ECLISSE;0,0;2,00;12,00;1,00;2,00;0,00;0,00;(0,00);1,00;1,00;-1,00;0,00(-1,00);21;543,71;0,00;0,17;1,00;1,00;;02/09/2026;21/09/2026;FNC;S;1,00
3KMFOCUSWCFO;***KIT MACANETA FOCUS LOCKS (LAPA) T-50 WC ACAB. PRATA FOSCO                                                            (T50-BK-SILVER)ECLISSE;0,0;0,00;0,00;1,00;0,00;3,00;0,00;(0,00);0,00;3,00;0,00;0,00(-1,00);21;660,66;1.981,98;0,01;1,00;1,00;;23/09/2026;25/08/2026;FNC;S;3,00
3KRODARTPMAIS2;*** RODIZIO ARTICOLATO PLUS MAIS 2 FOLHAS (FIX CANTO/CENTRO) DOBRADICA                                                  INVISIVEL C/ REGULAGEM (17504) ROMETAL;1,0;0,00;0,00;0,00;0,00;2,00;2,00;(0,00);0,00;3,00;-1,00;-1,00(-1,00);20;1.083,01;2.166,01;0,00;1,00;1,00;;11/09/2026;20/05/2026;FNC;S;3,00
3KRODARTPPIVO2;*** KIT RODIZIO ARTICOLATO PLUS PIVO 2 FOLHAS (FIX CANTO/CENTRO) DOBRADICA                                              INVISIVEL C/ REGULAGEM (17503) ROMETAL;1,0;0,00;2,00;0,00;0,00;2,00;1,00;(0,00);0,00;2,00;0,00;0,00(0,00);20;598,29;1.196,58;0,02;1,00;1,00;;11/09/2026;27/07/2026;FNC;S;2,00
3KTFEMATOUCIBR;***KIT FECHO MAGNETICA TOUCH PARA CILINDRO + CAPA PARA FECHADURA MAGNETICA T                                            OUCH PARA CILINDRO BRANCA (B06503.50.FM-KIT) ECLISSE;0,0;0,00;0,00;0,00;0,00;0,00;0,00;(0,00);1,00;1,00;-1,00;0,00(0,00);21;717,38;0,00;0,00;1,00;1,00;;01/09/2025;30/10/2025;FNC;S;1,00
3KTFEMATOUCIPR;***KIT FECHO MAGNETICA TOUCH PARA CILINDRO + CAPA PARA FECHADURA MAGNETICA T                                            OUCH PARA CILINDRO PRETO (B06503.50.93-KIT) ECLISSE;5,0;3,00;1,00;3,00;6,00;16,00;6,00;(0,00);5,00;27,00;-11,00;-6,00(-9,00);21;743,14;11.890,24;0,08;1,00;1,00;;23/09/2026;25/09/2026;FNC;S;27,00
3KTFEMATOUSIPR;***KIT FECHO MAGNETICO TOUCH SIMPLES + CAPA PARA FECHADURA MAGNETICA TOUCH S                                            IMPLES PRETA (B01120.30.93-KIT) ECLISSE;1,0;3,00;0,00;1,00;1,00;2,00;0,00;(0,00);2,00;4,00;-2,00;0,00(-1,00);21;417,15;834,30;0,04;1,00;1,00;;11/09/2026;11/09/2026;FNC;S;4,00
3KTFEMATOUWCPR;***KIT FECHO MAGNETICA TOUCH PARA WC + CAPA PARA FECHADURA MAGNETICA TOUCH P                                            ARA WC PRETO (B06502.50.93-KIT) ECLISSE;0,0;0,00;1,00;1,00;3,00;3,00;2,00;(0,00);2,00;7,00;-4,00;-2,00(-3,00);21;666,57;1.999,70;0,02;1,00;1,00;;22/09/2026;23/09/2026;FNC;S;7,00
3LBOXFIXCAPGIC;LEGRABOX KIT FIXADOR FRONTAL DIR. E ESQ. GAV. INTERNA C CINZA SEM VIDRO                                                 + CAPAS FRONTAL E INTERNA + PARAFUSOS ORION ZI7.3CS0 (REF: 03868654) BLUM;1,0;0,00;22,00;0,00;0,00;3,00;0,00;(0,00);3,00;6,00;-3,00;0,00(0,00);20;102,07;306,21;0,24;1,00;1,00;;22/09/2026;27/07/2026;FNC;S;6,00
3LBOXGVFRO200C;LEGRABOX KIT GAVETA ALTA C FREE BLUMOTION 500MM 70KG CINZA ORION 783C50S0                                               S FA LR01/01OG-M (REF: 05424718) BLUM;1,0;0,00;22,00;1,00;0,00;3,00;0,00;(0,00);3,00;6,00;-3,00;0,00(-1,00);30;358,61;1.075,83;0,26;1,00;1,00;;22/09/2026;31/08/2026;FNC;S;6,00
3LEDDP72700K24V;#FITA DE LED DP7 4MM C/24M 2700K BRANCO MAIS QUENTE 420LED/M 10W/M 24V (XXX)                                            METAL DESIGN;0,0;2,43;1,96;0,30;0,00;3,00;2,00;(0,00);0,00;2,78;0,22;0,22(-0,08);21;569,13;1.707,38;0,05;1,00;1,00;;11/09/2026;04/08/2026;FNC;S;2,56
3LUAPSFC1012Q;LUMINARIA MINI SLIM EMBUTIDA SUPER LED 3000K 12V - COM SENSOR DE PRESENCA -                                             MEDIDA 1012MM - ALUMINIO - ARTETILICA;0,0;0,00;0,00;0,00;0,00;1,00;0,00;(0,00);0,00;1,00;0,00;0,00(0,00);21;170,52;170,52;0,00;1,00;1,00;FATURAMENTO MINIMO 800,00 -  PRAZO DE ENTREGA 25 DIAS;21/09/2026;02/10/2025;FNC;S;1,00
3LUAPSFC1078Q;LUMINARIA MINI SLIM EMBUTIDA SUPER LED 3000K 12V - COM SENSOR DE PRESENCA - MEDIDA 1078MM - ALUMINIO - ARTETILICA;0,0;0,00;0,00;0,00;0,00;0,00;4,00;(0,00);0,00;4,00;-4,00;-4,00(-4,00);21;0,00;0,00;0,00;1,00;1,00;FATURAMENTO MINIMO 800,00 -  PRAZO DE ENTREGA 25 DIAS;09/09/2026;01/01/1900;FNC;S;4,00
3LUAPSFC1230Q;LUMINARIA MINI SLIM EMBUTIDA SUPER LED 3000K 12V - COM SENSOR DE PRESENCA -                                             MEDIDA 1230MM - ALUMINIO - ARTETILICA;0,0;1,00;0,00;3,00;0,00;2,00;0,00;(0,00);0,00;2,00;0,00;0,00(-3,00);21;218,52;437,05;0,04;1,00;1,00;FATURAMENTO MINIMO 800,00 -  PRAZO DE ENTREGA 25 DIAS;09/09/2026;07/08/2026;FNC;S;2,00
3LUAPSFC460Q;LUMINARIA MINI SLIM EMBUTIDA SUPER LED 3000K 12V-COM SENSOR DE PRESENCA -                                               MEDIDA 46 0 MM  - ALUMINIO - ARTETILICA;0,0;0,00;0,00;0,00;0,00;1,00;0,00;(0,00);0,00;1,00;0,00;0,00(0,00);21;191,74;191,74;0,00;1,00;1,00;FATURAMENTO MINIMO 800,00 -  PRAZO DE ENTREGA 25 DIAS;21/09/2026;10/10/2019;FNC;S;1,00
3LUAPSFC496Q;LUMINARIA MINI SLIM EMBUTIDA SUPER LED 3000K 12V - COM SENSOR DE PRESENCA - MEDIDA 496MM - ALUMINIO - ARTETILICA;0,0;0,00;0,00;0,00;0,00;3,00;0,00;(0,00);0,00;3,00;0,00;0,00(0,00);21;0,00;0,00;0,00;1,00;1,00;FATURAMENTO MINIMO 800,00 -  PRAZO DE ENTREGA 25 DIAS;23/09/2026;01/01/1900;FNC;S;3,00
3LUAPSFC510Q;LUMINARIA MINI SLIM EMBUTIDA SUPER LED 3000K 12V-COM SENSOR DE PRESENCA -                                               MEDIDA 51 0 MM  - ALUMINIO - ARTETILICA;1,0;0,00;0,00;0,00;0,00;1,00;0,00;(0,00);0,00;1,00;0,00;0,00(0,00);21;144,76;144,76;0,00;1,00;1,00;FATURAMENTO MINIMO 800,00 -  PRAZO DE ENTREGA 25 DIAS;21/09/2026;20/05/2026;FNC;S;1,00
3LUAPSFC530Q;LUMINARIA MINI SLIM EMBUTIDA SUPER LED 3000K 12V - COM SENSOR DE PRESENCA - MEDIDA 530MM - ALUMINIO - ARTETILICA;0,0;0,00;0,00;0,00;0,00;1,00;0,00;(0,00);0,00;1,00;0,00;0,00(0,00);21;0,00;0,00;0,00;1,00;1,00;FATURAMENTO MINIMO 800,00 -  PRAZO DE ENTREGA 25 DIAS;21/09/2026;01/01/1900;FNC;S;1,00
3LUAPSFC742Q;LUMINARIA MINI SLIM EMBUTIDA SUPER LED 3000K 12V - COM SENSOR DE PRESENCA -                                             MEDIDA 742MM - ALUMINIO - ARTETILICA;0,0;0,00;0,00;0,00;0,00;2,00;0,00;(0,00);0,00;2,00;0,00;0,00(0,00);21;182,57;365,13;0,00;1,00;1,00;FATURAMENTO MINIMO 800,00 -  PRAZO DE ENTREGA 25 DIAS;09/09/2026;07/11/2024;FNC;S;2,00
3LUAPSFC744Q;LUMINARIA MINI SLIM EMBUTIDA SUPER LED 3000K 12V - COM SENSOR DE PRESENCA -                                             MEDIDA 744 MM  - ALUMINIO - ARTETILICA;0,0;0,00;0,00;0,00;0,00;5,00;0,00;(0,00);0,00;5,00;0,00;0,00(0,00);21;190,73;953,64;0,00;1,00;1,00;FATURAMENTO MINIMO 800,00 -  PRAZO DE ENTREGA 25 DIAS;09/09/2026;13/09/2023;FNC;S;5,00
3LUAPSFC850Q;LUMINARIA MINI SLIM EMBUTIDA SUPER LED 3000K 12V - COM SENSOR DE PRESENCA -                                             MEDIDA 850MM - ALUMINIO - ARTETILICA;0,0;0,00;7,00;0,00;0,00;1,00;0,00;(0,00);0,00;1,00;0,00;0,00(0,00);21;186,95;186,95;0,08;1,00;1,00;FATURAMENTO MINIMO 800,00 -  PRAZO DE ENTREGA 25 DIAS;21/09/2026;01/07/2026;FNC;S;1,00
3LUAPSFC860Q;LUMINARIA MINI SLIM EMBUTIDA SUPER LED 3000K 12V-COM SENSOR DE PRESENCA -                                               MEDIDA 86 0 MM  - ALUMINIO - ARTETILICA;0,0;0,00;0,00;3,00;0,00;3,00;0,00;(0,00);0,00;3,00;0,00;0,00(-3,00);21;180,62;541,85;0,03;1,00;1,00;FATURAMENTO MINIMO 800,00 -  PRAZO DE ENTREGA 25 DIAS;21/09/2026;12/08/2026;FNC;S;3,00
3LUAPSFC868F;LUMINARIA MINI SLIM EMBUTIDA SUPER LED 6000K 12V - COM SENSOR DE PRESENCA - MEDIDA 868MM - ALUMINIO - ARTETILICA;0,0;0,00;0,00;0,00;0,00;0,00;4,00;(0,00);0,00;4,00;-4,00;-4,00(-4,00);21;0,00;0,00;0,00;1,00;1,00;FATURAMENTO MINIMO 800,00 -  PRAZO DE ENTREGA 25 DIAS;21/09/2026;01/01/1900;FNC;S;4,00
3LUAPSFC890Q;LUMINARIA MINI SLIM EMBUTIDA SUPER LED 3000K 12V - COM SENSOR DE PRESENCA - MEDIDA 890MM - ALUMINIO - ARTETILICA;0,0;0,00;0,00;0,00;0,00;2,00;0,00;(0,00);0,00;2,00;0,00;0,00(0,00);21;0,00;0,00;0,00;1,00;1,00;FATURAMENTO MINIMO 800,00 -  PRAZO DE ENTREGA 25 DIAS;21/09/2026;01/01/1900;FNC;S;2,00
3LUAPSFC893F;LUMINARIA MINI SLIM EMBUTIDA SUPER LED 6000K 12V - COM SENSOR DE PRESENCA - MEDIDA 893MM - ALUMINIO - ARTETILICA;0,0;0,00;0,00;0,00;0,00;3,00;0,00;(0,00);0,00;3,00;0,00;0,00(0,00);21;0,00;0,00;0,00;1,00;1,00;FATURAMENTO MINIMO 800,00 -  PRAZO DE ENTREGA 25 DIAS;23/09/2026;01/01/1900;FNC;S;3,00
3LUAPSFC900Q;LUMINARIA MINI SLIM EMBUTIDA SUPER LED 3000K 12V ? COM SENSOR DE PRESENCA ?                                             MEDIDA 900MM ? ALUMINIO ? ARTETILICA;0,0;0,00;0,00;0,00;0,00;1,00;0,00;(0,00);0,00;1,00;0,00;0,00(0,00);21;193,53;193,53;0,00;1,00;1,00;FATURAMENTO MINIMO 800,00 -  PRAZO DE ENTREGA 25 DIAS;21/09/2026;10/11/2023;FNC;S;1,00
3LUAPSFC910F;LUMINARIA MINI SLIM EMBUTIDA SUPER LED 6000K 12V-COM SENSOR DE PRESENCA -                                               MEDIDA 910MM  - ALUMINIO - ARTETILICA;0,0;0,00;0,00;0,00;0,00;0,00;1,00;(0,00);0,00;1,00;-1,00;-1,00(-1,00);21;271,01;0,00;0,00;1,00;1,00;FATURAMENTO MINIMO 800,00 -  PRAZO DE ENTREGA 25 DIAS;21/09/2026;25/06/2021;FNC;S;1,00
3LUAPSFC911Q;LUMINARIA MINI SLIM EMBUTIDA SUPER LED 3000K 12V - COM SENSOR DE PRESENCA - MEDIDA 911MM - ALUMINIO - ARTETILICA;0,0;0,00;0,00;0,00;0,00;9,00;0,00;(0,00);0,00;9,00;0,00;0,00(0,00);21;0,00;0,00;0,00;1,00;1,00;FATURAMENTO MINIMO 800,00 -  PRAZO DE ENTREGA 25 DIAS;23/09/2026;01/01/1900;FNC;S;9,00
3LUAPSFC928F;LUMINARIA MINI SLIM EMBUTIDA SUPER LED 6000K 12V - COM SENSOR DE PRESENCA - MEDIDA 928MM - ALUMINIO - ARTETILICA;0,0;0,00;0,00;0,00;0,00;2,00;0,00;(0,00);0,00;2,00;0,00;0,00(0,00);21;0,00;0,00;0,00;1,00;1,00;FATURAMENTO MINIMO 800,00 -  PRAZO DE ENTREGA 25 DIAS;23/09/2026;01/01/1900;FNC;S;2,00
3LUAPSFC930Q;LUMINARIA MINI SLIM EMBUTIDA SUPER LED 3000K 12V - COM SENSOR DE PRESENCA -                                             MEDIDA 930MM - ALUMINIO - ARTETILICA;0,0;1,00;0,00;0,00;0,00;0,00;4,00;(0,00);0,00;4,00;-4,00;-4,00(-4,00);21;187,79;0,00;0,01;1,00;1,00;FATURAMENTO MINIMO 800,00 -  PRAZO DE ENTREGA 25 DIAS;09/09/2026;16/06/2026;FNC;S;4,00
3LUAPSFC943Q;LUMINARIA MINI SLIM EMBUTIDA SUPER LED 3000K 12V - COM SENSOR DE PRESENCA - MEDIDA 943MM - ALUMINIO - ARTETILICA;0,0;0,00;0,00;0,00;0,00;2,00;0,00;(0,00);0,00;2,00;0,00;0,00(0,00);21;283,13;566,26;0,00;1,00;1,00;FATURAMENTO MINIMO 800,00 -  PRAZO DE ENTREGA 25 DIAS;21/09/2026;18/03/2026;FNC;S;2,00
3LUAPSFC960Q;LUMINARIA MINI SLIM EMBUTIDA SUPER LED 3000K 12V-COM SENSOR DE PRESENCA -                                               MEDIDA 96 0 MM  - ALUMINIO - ARTETILICA;0,0;0,00;0,00;0,00;0,00;1,00;0,00;(0,00);0,00;1,00;0,00;0,00(0,00);21;190,86;190,86;0,00;1,00;1,00;FATURAMENTO MINIMO 800,00 -  PRAZO DE ENTREGA 25 DIAS;21/09/2026;27/11/2025;FNC;S;1,00
3LUAPSFC996Q;LUMINARIA MINI SLIM EMBUTIDA SUPER LED 3000K 12V - COM SENSOR DE PRESENCA -                                             MEDIDA 996MM - ALUMINIO - ARTETILICA;0,0;0,00;0,00;0,00;0,00;1,00;0,00;(0,00);0,00;1,00;0,00;0,00(0,00);21;211,33;211,33;0,00;1,00;1,00;FATURAMENTO MINIMO 800,00 -  PRAZO DE ENTREGA 25 DIAS;21/09/2026;08/08/2024;FNC;S;1,00
3LUAPSFS1030Q;LUMINARIA MINI SLIM EMBUTIDA SUPER LED 3000K 12V-SEM ACIONAMENTO - MEDIDA 10                                            30MM - ALUMINIO - ARTETILICA;0,0;0,00;0,00;0,00;0,00;1,00;0,00;(0,00);0,00;1,00;0,00;0,00(0,00);21;172,56;172,56;0,00;1,00;1,00;FATURAMENTO MINIMO 800,00 -  PRAZO DE ENTREGA 25 DIAS;21/09/2026;17/04/2024;FNC;S;1,00
3LUAPSFS1048Q;LUMINARIA MINI SLIM EMBUTIDA SUPER LED 3000K 12V-SEM ACIONAMENTO - MEDIDA 1048MM - ALUMINIO - ARTETILICA;0,0;0,00;0,00;0,00;0,00;1,00;0,00;(0,00);0,00;1,00;0,00;0,00(0,00);21;0,00;0,00;0,00;1,00;1,00;FATURAMENTO MINIMO 800,00 -  PRAZO DE ENTREGA 25 DIAS;21/09/2026;01/01/1900;FNC;S;1,00
3LUAPSFS1052Q;LUMINARIA MINI SLIM EMBUTIDA SUPER LED 3000K 12V-SEM ACIONAMENTO - MEDIDA 10                                            52MM - ALUMINIO - ARTETILICA;0,0;0,00;0,00;0,00;0,00;0,00;4,00;(0,00);0,00;4,00;-4,00;-4,00(-4,00);21;175,05;0,00;0,00;1,00;1,00;FATURAMENTO MINIMO 800,00 -  PRAZO DE ENTREGA 25 DIAS;02/09/2026;10/06/2024;FNC;S;4,00
3LUAPSFS1053Q;LUMINARIA MINI SLIM EMBUTIDA SUPER LED 3000K 12V-SEM ACIONAMENTO - MEDIDA 1053MM - ALUMINIO - ARTETILICA;0,0;0,00;0,00;0,00;0,00;3,00;0,00;(0,00);0,00;3,00;0,00;0,00(0,00);21;0,00;0,00;0,00;1,00;1,00;FATURAMENTO MINIMO 800,00 -  PRAZO DE ENTREGA 25 DIAS;02/09/2026;01/01/1900;FNC;S;3,00
3LUAPSFS1104F;LUMINARIA MINI SLIM EMBUTIDA SUPER LED 6000K 12V-SEM ACIONAMENTO - MEDIDA 1104MM - ALUMINIO - ARTETILICA;0,0;0,00;0,00;0,00;0,00;2,00;0,00;(0,00);0,00;2,00;0,00;0,00(0,00);21;0,00;0,00;0,00;1,00;1,00;FATURAMENTO MINIMO 800,00 -  PRAZO DE ENTREGA 25 DIAS;23/09/2026;01/01/1900;FNC;S;2,00
3LUAPSFS1166F;LUMINARIA MINI SLIM EMBUTIDA SUPER LED 6000K 12V-SEM ACIONAMENTO - MEDIDA 1166MM - ALUMINIO - ARTETILICA;0,0;0,00;0,00;0,00;0,00;1,00;0,00;(0,00);0,00;1,00;0,00;0,00(0,00);21;0,00;0,00;0,00;1,00;1,00;FATURAMENTO MINIMO 800,00 -  PRAZO DE ENTREGA 25 DIAS;23/09/2026;01/01/1900;FNC;S;1,00
3LUAPSFS1180Q;LUMINARIA MINI SLIM EMBUTIDA SUPER LED 3000K 12V-SEM ACIONAMENTO - MEDIDA 11                                            80MM - ALUMINIO - ARTETILICA;0,0;0,00;0,00;0,00;0,00;3,00;0,00;(0,00);0,00;3,00;0,00;0,00(0,00);21;171,16;513,48;0,00;1,00;1,00;FATURAMENTO MINIMO 800,00 -  PRAZO DE ENTREGA 25 DIAS;21/09/2026;26/03/2026;FNC;S;3,00
3LUAPSFS1184F;LUMINARIA MINI SLIM EMBUTIDA SUPER LED 6000K 12V-SEM ACIONAMENTO - MEDIDA 1184MM - ALUMINIO - ARTETILICA;0,0;0,00;0,00;0,00;0,00;1,00;0,00;(0,00);0,00;1,00;0,00;0,00(0,00);21;0,00;0,00;0,00;1,00;1,00;FATURAMENTO MINIMO 800,00 -  PRAZO DE ENTREGA 25 DIAS;23/09/2026;01/01/1900;FNC;S;1,00
3LUAPSFS1193Q;LUMINARIA MINI SLIM EMBUTIDA SUPER LED 3000K 12V-SEM ACIONAMENTO - MEDIDA 1193MM - ALUMINIO - ARTETILICA;0,0;0,00;0,00;0,00;0,00;4,00;0,00;(0,00);0,00;4,00;0,00;0,00(0,00);21;0,00;0,00;0,00;1,00;1,00;FATURAMENTO MINIMO 800,00 -  PRAZO DE ENTREGA 25 DIAS;23/09/2026;01/01/1900;FNC;S;4,00
3LUAPSFS1204F;LUMINARIA MINI SLIM EMBUTIDA SUPER LED 6000K 12V-SEM ACIONAMENTO - MEDIDA 1204MM - ALUMINIO - ARTETILICA;0,0;0,00;0,00;0,00;0,00;4,00;0,00;(0,00);0,00;4,00;0,00;0,00(0,00);21;0,00;0,00;0,00;1,00;1,00;FATURAMENTO MINIMO 800,00 -  PRAZO DE ENTREGA 25 DIAS;23/09/2026;01/01/1900;FNC;S;4,00
3LUAPSFS1230Q;LUMINARIA MINI SLIM EMBUTIDA SUPER LED 3000K 12V-SEM ACIONAMENTO - MEDIDA 12                                            30MM - ALUMINIO - ARTETILICA;0,0;1,00;0,00;0,00;1,00;2,00;0,00;(0,00);0,00;2,00;0,00;0,00(0,00);21;176,28;352,56;0,01;1,00;1,00;FATURAMENTO MINIMO 800,00 -  PRAZO DE ENTREGA 25 DIAS;18/09/2026;17/09/2026;FNC;S;2,00
3LUAPSFS337Q;LUMINARIA MINI SLIM EMBUTIDA SUPER LED 3000K 12V-SEM ACIONAMENTO - MEDIDA 337.5MM - ALUMINIO - ARTETILICA;0,0;0,00;0,00;0,00;0,00;1,00;0,00;(0,00);0,00;1,00;0,00;0,00(0,00);21;0,00;0,00;0,00;1,00;1,00;FATURAMENTO MINIMO 800,00 -  PRAZO DE ENTREGA 25 DIAS;29/09/2026;01/01/1900;FNC;S;1,00
3LUAPSFS343Q;LUMINARIA MINI SLIM EMBUTIDA SUPER LED 3000K 12V-SEM ACIONAMENTO - MEDIDA 34                                            3MM - ALUMINIO - ARTETILICA;0,0;0,00;0,00;0,00;0,00;1,00;0,00;(0,00);0,00;1,00;0,00;0,00(0,00);21;85,41;85,41;0,00;1,00;1,00;FATURAMENTO MINIMO 800,00 -  PRAZO DE ENTREGA 25 DIAS;29/09/2026;23/07/2025;FNC;S;1,00
3LUAPSFS350Q;LUMINARIA MINI SLIM EMBUTIDA SUPER LED 3000K 12V-SEM ACIONAMENTO - MEDIDA 35                                            0MM - ALUMINIO - ARTETILICA;0,0;0,00;0,00;0,00;0,00;2,00;0,00;(0,00);0,00;2,00;0,00;0,00(0,00);21;90,61;181,22;0,00;1,00;1,00;FATURAMENTO MINIMO 800,00 -  PRAZO DE ENTREGA 25 DIAS;23/09/2026;26/03/2026;FNC;S;2,00
3LUAPSFS351Q;LUMINARIA MINI SLIM EMBUTIDA SUPER LED 3000K 12V-SEM ACIONAMENTO - MEDIDA 351MM - ALUMINIO - ARTETILICA;0,0;0,00;0,00;0,00;0,00;1,00;0,00;(0,00);0,00;1,00;0,00;0,00(0,00);21;0,00;0,00;0,00;1,00;1,00;FATURAMENTO MINIMO 800,00 -  PRAZO DE ENTREGA 25 DIAS;23/09/2026;01/01/1900;FNC;S;1,00
3LUAPSFS354Q;LUMINARIA MINI SLIM EMBUTIDA SUPER LED 3000K 12V-SEM ACIONAMENTO - MEDIDA 354MM - ALUMINIO - ARTETILICA;0,0;0,00;0,00;0,00;0,00;1,00;0,00;(0,00);0,00;1,00;0,00;0,00(0,00);21;0,00;0,00;0,00;1,00;1,00;FATURAMENTO MINIMO 800,00 -  PRAZO DE ENTREGA 25 DIAS;29/09/2026;01/01/1900;FNC;S;1,00
3LUAPSFS358Q;LUMINARIA MINI SLIM EMBUTIDA SUPER LED 3000K 12V - SEM ACIONAMENTO - MEDIDA                                             358 M M  - ALUMINIO - ARTETILICA;0,0;0,00;0,00;0,00;0,00;1,00;0,00;(0,00);0,00;1,00;0,00;0,00(0,00);21;91,56;91,56;0,00;1,00;1,00;FATURAMENTO MINIMO 800,00 -  PRAZO DE ENTREGA 25 DIAS;29/09/2026;10/11/2021;FNC;S;1,00
3LUAPSFS361Q;LUMINARIA MINI SLIM EMBUTIDA SUPER LED 3000K 12V-SEM ACIONAMENTO - MEDIDA 361.2MM - ALUMINIO - ARTETILICA;0,0;0,00;0,00;0,00;0,00;1,00;0,00;(0,00);0,00;1,00;0,00;0,00(0,00);21;0,00;0,00;0,00;1,00;1,00;FATURAMENTO MINIMO 800,00 -  PRAZO DE ENTREGA 25 DIAS;29/09/2026;01/01/1900;FNC;S;1,00
3LUAPSFS369Q;LUMINARIA MINI SLIM EMBUTIDA SUPER LED 3000K 12V-SEM ACIONAMENTO - MEDIDA 369.3MM - ALUMINIO - ARTETILICA;0,0;0,00;0,00;0,00;0,00;1,00;0,00;(0,00);0,00;1,00;0,00;0,00(0,00);21;0,00;0,00;0,00;1,00;1,00;FATURAMENTO MINIMO 800,00 -  PRAZO DE ENTREGA 25 DIAS;23/09/2026;01/01/1900;FNC;S;1,00
3LUAPSFS375Q;LUMINARIA MINI SLIM EMBUTIDA SUPER LED 3000K 12V-SEM ACIONAMENTO - MEDIDA 375.5MM - ALUMINIO - ARTETILICA;0,0;0,00;0,00;0,00;0,00;1,00;0,00;(0,00);0,00;1,00;0,00;0,00(0,00);21;0,00;0,00;0,00;1,00;1,00;FATURAMENTO MINIMO 800,00 -  PRAZO DE ENTREGA 25 DIAS;29/09/2026;01/01/1900;FNC;S;1,00
3LUAPSFS391Q;LUMINARIA MINI SLIM EMBUTIDA SUPER LED 3000K 12V-SEM ACIONAMENTO - MEDIDA 391MM - ALUMINIO - ARTETILICA;0,0;0,00;0,00;0,00;0,00;1,00;0,00;(0,00);0,00;1,00;0,00;0,00(0,00);21;0,00;0,00;0,00;1,00;1,00;FATURAMENTO MINIMO 800,00 -  PRAZO DE ENTREGA 25 DIAS;23/09/2026;01/01/1900;FNC;S;1,00
3LUAPSFS420Q;LUMINARIA MINI SLIM EMBUTIDA SUPER LED 3000K 12V - SEM ACIONAMENTO -                                                    MEDIDA 420MM - ALUMINIO - ARTETILICA;0,0;0,00;0,00;0,00;0,00;2,00;0,00;(0,00);0,00;2,00;0,00;0,00(0,00);21;93,29;186,58;0,00;1,00;1,00;FATURAMENTO MINIMO 800,00 -  PRAZO DE ENTREGA 25 DIAS;29/09/2026;23/07/2025;FNC;S;2,00
3LUAPSFS426Q;LUMINARIA MINI SLIM EMBUTIDA SUPER LED 3000K 12V-SEM ACIONAMENTO - MEDIDA 426MM - ALUMINIO - ARTETILICA;0,0;0,00;0,00;0,00;0,00;1,00;0,00;(0,00);0,00;1,00;0,00;0,00(0,00);21;0,00;0,00;0,00;1,00;1,00;FATURAMENTO MINIMO 800,00 -  PRAZO DE ENTREGA 25 DIAS;23/09/2026;01/01/1900;FNC;S;1,00
3LUAPSFS432Q;LUMINARIA MINI SLIM EMBUTIDA SUPER LED 3000K 12V-SEM ACIONAMENTO - MEDIDA 43                                            2MM - ALUMINIO - ARTETILICA;0,0;0,00;0,00;0,00;0,00;1,00;0,00;(0,00);0,00;1,00;0,00;0,00(0,00);21;120,04;120,04;0,00;1,00;1,00;FATURAMENTO MINIMO 800,00 -  PRAZO DE ENTREGA 25 DIAS;09/09/2026;27/10/2025;FNC;S;1,00
3LUAPSFS457F;LUMINARIA MINI SLIM EMBUTIDA SUPER LED 6000K 12V-SEM ACIONAMENTO - MEDIDA 457MM - ALUMINIO - ARTETILICA;0,0;0,00;0,00;0,00;0,00;1,00;0,00;(0,00);0,00;1,00;0,00;0,00(0,00);21;0,00;0,00;0,00;1,00;1,00;FATURAMENTO MINIMO 800,00 -  PRAZO DE ENTREGA 25 DIAS;23/09/2026;01/01/1900;FNC;S;1,00
3LUAPSFS457Q;LUMINARIA MINI SLIM EMBUTIDA SUPER LED 3000K 12V-SEM ACIONAMENTO - MEDIDA 45                                            7MM - ALUMINIO - ARTETILICA;0,0;0,00;0,00;0,00;0,00;3,00;0,00;(0,00);0,00;3,00;0,00;0,00(0,00);21;107,67;323,00;0,00;1,00;1,00;FATURAMENTO MINIMO 800,00 -  PRAZO DE ENTREGA 25 DIAS;23/09/2026;18/04/2024;FNC;S;3,00
3LUAPSFS492Q;LUMINARIA MINI SLIM EMBUTIDA SUPER LED 3000K 12V-SEM ACIONAMENTO - MEDIDA 492MM - ALUMINIO - ARTETILICA;0,0;0,00;0,00;0,00;0,00;1,00;0,00;(0,00);0,00;1,00;0,00;0,00(0,00);21;0,00;0,00;0,00;1,00;1,00;FATURAMENTO MINIMO 800,00 -  PRAZO DE ENTREGA 25 DIAS;21/09/2026;01/01/1900;FNC;S;1,00
3LUAPSFS507Q;LUMINARIA MINI SLIM EMBUTIDA SUPER LED 3000K 12V-SEM ACIONAMENTO - MEDIDA 507MM - ALUMINIO - ARTETILICA;0,0;0,00;0,00;0,00;0,00;1,00;0,00;(0,00);0,00;1,00;0,00;0,00(0,00);21;0,00;0,00;0,00;1,00;1,00;FATURAMENTO MINIMO 800,00 -  PRAZO DE ENTREGA 25 DIAS;02/09/2026;01/01/1900;FNC;S;1,00
3LUAPSFS555F;LUMINARIA MINI SLIM EMBUTIDA SUPER LED 6000K 12V-SEM ACIONAMENTO - MEDIDA 555MM - ALUMINIO - ARTETILICA;0,0;0,00;0,00;0,00;0,00;1,00;0,00;(0,00);0,00;1,00;0,00;0,00(0,00);21;0,00;0,00;0,00;1,00;1,00;FATURAMENTO MINIMO 800,00 -  PRAZO DE ENTREGA 25 DIAS;23/09/2026;01/01/1900;FNC;S;1,00
3LUAPSFS644Q;LUMINARIA MINI SLIM EMBUTIDA SUPER LED 3000K 12V - SEM ACIONAMENTO - MEDIDA                                             644 M M  - ALUMINIO - ARTETILICA;0,0;0,00;0,00;0,00;0,00;2,00;0,00;(0,00);0,00;2,00;0,00;0,00(0,00);21;131,23;262,46;0,00;1,00;1,00;FATURAMENTO MINIMO 800,00 -  PRAZO DE ENTREGA 25 DIAS;29/09/2026;16/11/2022;FNC;S;2,00
3LUAPSFS667Q;LUMINARIA MINI SLIM EMBUTIDA SUPER LED 3000K 12V-SEM ACIONAMENTO - MEDIDA 667MM - ALUMINIO - ARTETILICA;0,0;0,00;0,00;0,00;0,00;1,00;0,00;(0,00);0,00;1,00;0,00;0,00(0,00);21;118,61;118,61;0,00;1,00;1,00;FATURAMENTO MINIMO 800,00 -  PRAZO DE ENTREGA 25 DIAS;29/09/2026;29/09/2025;FNC;S;1,00
3LUAPSFS776Q;LUMINARIA MINI SLIM EMBUTIDA SUPER LED 3000K 12V-SEM ACIONAMENTO - MEDIDA 776MM - ALUMINIO - ARTETILICA;0,0;0,00;0,00;0,00;0,00;2,00;0,00;(0,00);0,00;2,00;0,00;0,00(0,00);21;140,75;281,49;0,00;1,00;1,00;FATURAMENTO MINIMO 800,00 -  PRAZO DE ENTREGA 25 DIAS;23/09/2026;28/07/2025;FNC;S;2,00
3LUAPSFS821Q;LUMINARIA MINI SLIM EMBUTIDA SUPER LED 3000K 12V-SEM ACIONAMENTO - MEDIDA 821MM - ALUMINIO - ARTETILICA;0,0;0,00;0,00;0,00;0,00;1,00;0,00;(0,00);0,00;1,00;0,00;0,00(0,00);21;0,00;0,00;0,00;1,00;1,00;FATURAMENTO MINIMO 800,00 -  PRAZO DE ENTREGA 25 DIAS;29/09/2026;01/01/1900;FNC;S;1,00
3LUAPSFS853Q;LUMINARIA MINI SLIM EMBUTIDA SUPER LED 3000K 12V-SEM ACIONAMENTO - MEDIDA 853MM - ALUMINIO - ARTETILICA;0,0;0,00;0,00;0,00;0,00;1,00;0,00;(0,00);0,00;1,00;0,00;0,00(0,00);21;137,66;137,66;0,00;1,00;1,00;FATURAMENTO MINIMO 800,00 -  PRAZO DE ENTREGA 25 DIAS;23/09/2026;17/12/2025;FNC;S;1,00
3LUAPSFS893Q;LUMINARIA MINI SLIM EMBUTIDA SUPER LED 3000K 12V-SEM ACIONAMENTO - MEDIDA 893MM - ALUMINIO - ARTETILICA;0,0;0,00;0,00;0,00;0,00;1,00;0,00;(0,00);0,00;1,00;0,00;0,00(0,00);21;0,00;0,00;0,00;1,00;1,00;FATURAMENTO MINIMO 800,00 -  PRAZO DE ENTREGA 25 DIAS;23/09/2026;01/01/1900;FNC;S;1,00
3LUAPSFS914Q;LUMINARIA MINI SLIM EMBUTIDA SUPER LED 3000K 12V-SEM ACIONAMENTO - MEDIDA 91                                            4MM - ALUMINIO - ARTETILICA;0,0;0,00;0,00;0,00;0,00;0,00;0,00;(0,00);4,00;4,00;-4,00;0,00(0,00);21;162,42;0,00;0,00;1,00;1,00;FATURAMENTO MINIMO 800,00 -  PRAZO DE ENTREGA 25 DIAS;18/04/2023;25/05/2023;FNC;S;4,00
3LUAPSFS940Q;LUMINARIA MINI SLIM EMBUTIDA SUPER LED 3000K 12V-SEM ACIONAMENTO - MEDIDA 94                                            0MM - ALUMINIO - ARTETILICA;0,0;0,00;0,00;0,00;0,00;1,00;0,00;(0,00);0,00;1,00;0,00;0,00(0,00);21;182,81;182,81;0,00;1,00;1,00;FATURAMENTO MINIMO 800,00 -  PRAZO DE ENTREGA 25 DIAS;23/09/2026;30/10/2025;FNC;S;1,00
3LUAPSFS953Q;LUMINARIA MINI SLIM EMBUTIDA SUPER LED 3000K 12V-SEM ACIONAMENTO - MEDIDA 953MM - ALUMINIO - ARTETILICA;0,0;0,00;0,00;0,00;0,00;3,00;0,00;(0,00);0,00;3,00;0,00;0,00(0,00);21;0,00;0,00;0,00;1,00;1,00;FATURAMENTO MINIMO 800,00 -  PRAZO DE ENTREGA 25 DIAS;09/09/2026;01/01/1900;FNC;S;3,00
3LUAPSFS956Q;LUMINARIA MINI SLIM EMBUTIDA SUPER LED 3000K 12V-SEM ACIONAMENTO - MEDIDA 95                                            6MM - ALUMINIO - ARTETILICA;0,0;0,00;0,00;0,00;0,00;2,00;0,00;(0,00);0,00;2,00;0,00;0,00(0,00);21;167,84;335,67;0,00;1,00;1,00;FATURAMENTO MINIMO 800,00 -  PRAZO DE ENTREGA 25 DIAS;23/09/2026;14/12/2023;FNC;S;2,00
3LUAPSFS960Q;LUMINARIA MINI SLIM EMBUTIDA SUPER LED 3000K 12V-SEM ACIONAMENTO - MEDIDA                                               960 MM  - ALUMINIO - ARTETILICA;0,0;0,00;0,00;0,00;0,00;1,00;0,00;(0,00);0,00;1,00;0,00;0,00(0,00);21;214,50;214,50;0,00;1,00;1,00;FATURAMENTO MINIMO 800,00 -  PRAZO DE ENTREGA 25 DIAS;23/09/2026;30/06/2022;FNC;S;1,00
3LUAPSFS984Q;LUMINARIA MINI SLIM EMBUTIDA SUPER LED 3000K 12V-SEM ACIONAMENTO - MEDIDA 98                                            4MM - ALUMINIO - ARTETILICA;0,0;0,00;0,00;0,00;0,00;3,00;0,00;(0,00);0,00;3,00;0,00;0,00(0,00);21;167,35;502,04;0,00;1,00;1,00;FATURAMENTO MINIMO 800,00 -  PRAZO DE ENTREGA 25 DIAS;23/09/2026;11/10/2024;FNC;S;3,00
3LUAPSFS998Q;LUMINARIA MINI SLIM EMBUTIDA SUPER LED 3000K 12V-SEM ACIONAMENTO - MEDIDA 998MM - ALUMINIO - ARTETILICA;0,0;0,00;0,00;0,00;0,00;1,00;0,00;(0,00);0,00;1,00;0,00;0,00(0,00);21;0,00;0,00;0,00;1,00;1,00;FATURAMENTO MINIMO 800,00 -  PRAZO DE ENTREGA 25 DIAS;29/09/2026;01/01/1900;FNC;S;1,00
3LUDOBBAL1000Q;LUMINARIA DOBLE BALCAO SUPER LED -  QUENTE - LARGURA 1000MM - SENSOR MAGNETI                                            CO;0,0;0,00;0,00;0,00;0,00;3,00;0,00;(0,00);0,00;3,00;0,00;0,00(0,00);21;217,46;652,38;0,00;1,00;1,00;FATURAMENTO MINIMO 800,00 -  PRAZO DE ENTREGA 25 DIAS;21/09/2026;22/11/2024;FNC;S;3,00
3LUDOBBAS300Q;LUMINARIA DOBLE BASCULANTE SUPER LED -  QUENTE - LARGURA 300MM - SENSOR MAGN                                            ETICO;0,0;0,00;0,00;0,00;0,00;2,00;0,00;(0,00);0,00;2,00;0,00;0,00(0,00);21;129,86;259,71;0,00;1,00;1,00;FATURAMENTO MINIMO 800,00 -  PRAZO DE ENTREGA 25 DIAS;29/09/2026;14/04/2026;FNC;S;2,00
3LUDOBBAS500Q;LUMINARIA DOBLE BASCULANTE SUPER LED -  QUENTE - LARGURA 500MM - SENSOR MAGN                                            ETICO;0,0;0,00;0,00;0,00;0,00;2,00;0,00;(0,00);0,00;2,00;0,00;0,00(0,00);21;173,83;347,66;0,00;1,00;1,00;FATURAMENTO MINIMO 800,00 -  PRAZO DE ENTREGA 25 DIAS;29/09/2026;11/12/2024;FNC;S;2,00
3LUMINPON30Q;MINI PONTUAL - 4 SUPER LED AVULSA 32X12/2 MM - QUENTE                                                                   (CONVERSOR INDIVIDUAL ACOPLADO);0,0;0,00;0,00;0,00;0,00;0,00;3,00;(0,00);0,00;3,00;-3,00;-3,00(-3,00);15;16,96;0,00;0,00;1,00;1,00;FATURAMENTO MINIMO 800,00 -  PRAZO DE ENTREGA 25 DIAS;18/02/2025;12/03/2025;FNC;S;3,00
3LUSPOTSUNEM3G;***LUMINARIA SPOT SUNRISE EMBUTIDA 4W 24V 3000K BR.QUENTE GRAFITE (101179)                                              METAL DESIGN;0,0;0,00;0,00;0,00;0,00;0,00;0,00;(0,00);5,00;5,00;-5,00;0,00(0,00);40;80,80;0,00;0,00;1,00;1,00;FATURAMENTO MINIMO 800,00 -  PRAZO DE ENTREGA 25 DIAS;02/03/2022;01/06/2023;FNC;S;5,00
3LUTHIN1004Q;LUMINARIA THIN SOBREPOR - ACABAMENTO LEITOSO - LARGURA 1004 MM - LED QUENTE - INTENSIDADE DA LUZ 3000K - POTENCIA DE 6,5W/M;0,0;0,00;0,00;0,00;0,00;0,00;0,00;(0,00);1,00;1,00;-1,00;0,00(0,00);21;155,89;0,00;0,00;1,00;1,00;FATURAMENTO MINIMO 800,00 -  PRAZO DE ENTREGA 25 DIAS;13/03/2026;02/04/2026;FNC;S;1,00
3LUTHIN1005Q;LUMINARIA THIN SOBREPOR - ACABAMENTO LEITOSO - LARGURA 1005 MM - LED QUENTE                                             - INTENSIDADE DA LUZ 3000K - POTENCIA DE 6,5W/M;0,0;0,00;0,00;0,00;0,00;3,00;3,00;(0,00);0,00;3,00;0,00;0,00(0,00);21;126,26;378,78;0,00;1,00;1,00;FATURAMENTO MINIMO 800,00 -  PRAZO DE ENTREGA 25 DIAS;09/09/2026;20/07/2023;FNC;S;3,00
3LUTHIN1035Q;LUMINARIA THIN SOBREPOR - ACABAMENTO LEITOSO - LARGURA 1035 MM - LED QUENTE                                             - INTENSIDADE DA LUZ 3000K - POTENCIA DE 6,5W/M;0,0;0,00;0,00;0,00;0,00;2,00;0,00;(0,00);0,00;2,00;0,00;0,00(0,00);21;132,87;265,74;0,00;1,00;1,00;FATURAMENTO MINIMO 800,00 -  PRAZO DE ENTREGA 25 DIAS;16/09/2026;21/02/2024;FNC;S;2,00
3LUTHIN1058Q;LUMINARIA THIN SOBREPOR - ACABAMENTO LEITOSO - LARGURA 1058 MM - LED QUENTE - INTENSIDADE DA LUZ 3000K - POTENCIA DE 6,5W/M;0,0;0,00;0,00;0,00;0,00;1,00;0,00;(0,00);0,00;1,00;0,00;0,00(0,00);21;0,00;0,00;0,00;1,00;1,00;FATURAMENTO MINIMO 800,00 -  PRAZO DE ENTREGA 25 DIAS;23/09/2026;01/01/1900;FNC;S;1,00
3LUTHIN1085Q;LUMINARIA THIN SOBREPOR - ACABAMENTO LEITOSO - LARGURA 1085 MM - LED QUENTE - INTENSIDADE DA LUZ 3000K - POTENCIA DE 6,5W/M;0,0;0,00;0,00;0,00;0,00;0,00;0,00;(0,00);1,00;1,00;-1,00;0,00(0,00);21;0,00;0,00;0,00;1,00;1,00;FATURAMENTO MINIMO 800,00 -  PRAZO DE ENTREGA 25 DIAS;01/01/1900;01/01/1900;FNC;S;1,00
3LUTHIN1095Q;LUMINARIA THIN SOBREPOR - ACABAMENTO LEITOSO - LARGURA 1095 MM - LED QUENTE                                             - INTENSIDADE DA LUZ 3000K - POTENCIA DE 6,5W/M;0,0;0,00;0,00;0,00;0,00;0,00;2,00;(0,00);0,00;2,00;-2,00;-2,00(-2,00);21;132,57;0,00;0,00;1,00;1,00;FATURAMENTO MINIMO 800,00 -  PRAZO DE ENTREGA 25 DIAS;09/09/2026;22/06/2023;FNC;S;2,00
3LUTHIN1223Q;LUMINARIA THIN SOBREPOR - ACABAMENTO LEITOSO - LARGURA 1223 MM - LED QUENTE - INTENSIDADE DA LUZ 3000K - POTENCIA DE 6,5W/M;0,0;0,00;0,00;0,00;0,00;0,00;0,00;(0,00);1,00;1,00;-1,00;0,00(0,00);21;0,00;0,00;0,00;1,00;1,00;FATURAMENTO MINIMO 800,00 -  PRAZO DE ENTREGA 25 DIAS;01/01/1900;01/01/1900;FNC;S;1,00
3LUTHIN1230Q;LUMINARIA THIN SOBREPOR - ACABAMENTO LEITOSO - LARGURA 1230 MM - LED QUENTE - INTENSIDADE DA LUZ 3000K - POTENCIA DE 6,5W/M;0,0;0,00;0,00;0,00;0,00;1,00;0,00;(0,00);0,00;1,00;0,00;0,00(0,00);21;179,78;179,78;0,00;1,00;1,00;FATURAMENTO MINIMO 800,00 -  PRAZO DE ENTREGA 25 DIAS;09/09/2026;04/03/2026;FNC;S;1,00
3LUTHIN1239Q;LUMINARIA THIN SOBREPOR - ACABAMENTO LEITOSO - LARGURA 1239 MM - LED QUENTE - INTENSIDADE DA LUZ 3000K - POTENCIA DE 6,5W/M;0,0;0,00;0,00;0,00;0,00;0,00;3,00;(0,00);0,00;3,00;-3,00;-3,00(-3,00);21;180,73;0,00;0,00;1,00;1,00;FATURAMENTO MINIMO 800,00 -  PRAZO DE ENTREGA 25 DIAS;09/09/2026;20/02/2026;FNC;S;3,00
3LUTHIN1240Q;LUMINARIA THIN SOBREPOR - ACABAMENTO LEITOSO - LARGURA 1240 MM - LED QUENTE                                             - INTENSIDADE DA LUZ 3000K - POTENCIA DE 6,5 W/M;0,0;0,00;0,00;0,00;0,00;2,00;0,00;(0,00);0,00;2,00;0,00;0,00(0,00);21;163,71;327,41;0,00;1,00;1,00;FATURAMENTO MINIMO 800,00 -  PRAZO DE ENTREGA 25 DIAS;16/09/2026;20/10/2022;FNC;S;2,00
3LUTHIN1319Q;LUMINARIA THIN SOBREPOR - ACABAMENTO LEITOSO - LARGURA 1319 MM - LED QUENTE                                             - INTENSIDADE DA LUZ 3000K - POTENCIA DE 6,5W/M;0,0;0,00;0,00;0,00;0,00;1,00;1,00;(0,00);0,00;1,00;0,00;0,00(0,00);21;147,31;147,31;0,00;1,00;1,00;FATURAMENTO MINIMO 800,00 -  PRAZO DE ENTREGA 25 DIAS;09/09/2026;21/10/2024;FNC;S;1,00
3LUTHIN1361Q;LUMINARIA THIN SOBREPOR - ACABAMENTO LEITOSO - LARGURA 1361 MM - LED QUENTE - INTENSIDADE DA LUZ 3000K - POTENCIA DE 6,5W/M;0,0;0,00;0,00;0,00;0,00;0,00;2,00;(0,00);0,00;2,00;-2,00;-2,00(-2,00);21;0,00;0,00;0,00;1,00;1,00;FATURAMENTO MINIMO 800,00 -  PRAZO DE ENTREGA 25 DIAS;09/09/2026;01/01/1900;FNC;S;2,00
3LUTHIN1365Q;LUMINARIA THIN SOBREPOR - ACABAMENTO LEITOSO - LARGURA 1365 MM - LED QUENTE                                             - INTENSIDADE DA LUZ 3000K - POTENCIA DE 6,5W/M;0,0;0,00;0,00;0,00;0,00;1,00;0,00;(0,00);0,00;1,00;0,00;0,00(0,00);21;188,54;188,54;0,00;1,00;1,00;FATURAMENTO MINIMO 800,00 -  PRAZO DE ENTREGA 25 DIAS;23/09/2026;16/08/2022;FNC;S;1,00
3LUTHIN1404Q;LUMINARIA THIN SOBREPOR - ACABAMENTO LEITOSO - LARGURA 1404 MM - LED QUENTE                                             - INTENSIDADE DA LUZ 3000K - POTENCIA DE 6,5W/M;0,0;0,00;0,00;0,00;0,00;1,00;2,00;(0,00);0,00;3,00;-2,00;-2,00(-2,00);21;149,34;149,34;0,00;1,00;1,00;FATURAMENTO MINIMO 800,00 -  PRAZO DE ENTREGA 25 DIAS;09/09/2026;14/11/2023;FNC;S;3,00
3LUTHIN1624Q;LUMINARIA THIN SOBREPOR - ACABAMENTO LEITOSO - LARGURA 1624 MM - LED QUENTE - INTENSIDADE DA LUZ 3000K - POTENCIA DE 6,5W/M;0,0;0,00;0,00;0,00;0,00;1,00;0,00;(0,00);0,00;1,00;0,00;0,00(0,00);21;0,00;0,00;0,00;1,00;1,00;FATURAMENTO MINIMO 800,00 -  PRAZO DE ENTREGA 25 DIAS;23/09/2026;01/01/1900;FNC;S;1,00
3LUTHIN1675Q;LUMINARIA THIN SOBREPOR - ACABAMENTO LEITOSO - LARGURA 1675 MM - LED QUENTE                                             - INTENSIDADE DA LUZ 3000K - POTENCIA DE 6,5 W/M;0,0;0,00;0,00;0,00;0,00;1,00;0,00;(0,00);0,00;1,00;0,00;0,00(0,00);21;229,11;229,11;0,00;1,00;1,00;FATURAMENTO MINIMO 800,00 -  PRAZO DE ENTREGA 25 DIAS;16/09/2026;09/11/2022;FNC;S;1,00
3LUTHIN1683Q;LUMINARIA THIN SOBREPOR - ACABAMENTO LEITOSO - LARGURA 1683 MM - LED QUENTE - INTENSIDADE DA LUZ 3000K - POTENCIA DE 6,5W/M;0,0;0,00;0,00;0,00;0,00;1,00;0,00;(0,00);0,00;1,00;0,00;0,00(0,00);21;0,00;0,00;0,00;1,00;1,00;FATURAMENTO MINIMO 800,00 -  PRAZO DE ENTREGA 25 DIAS;21/09/2026;01/01/1900;FNC;S;1,00
3LUTHIN1689Q;LUMINARIA THIN SOBREPOR - ACABAMENTO LEITOSO - LARGURA 1689 MM - LED QUENTE                                             - INTENSIDADE DA LUZ 3000K - POTENCIA DE 6,5 W/M;0,0;0,00;0,00;0,00;0,00;1,00;0,00;(0,00);0,00;1,00;0,00;0,00(0,00);21;173,90;173,90;0,00;1,00;1,00;FATURAMENTO MINIMO 800,00 -  PRAZO DE ENTREGA 25 DIAS;18/09/2026;22/04/2019;FNC;S;1,00
3LUTHIN1698Q;LUMINARIA THIN SOBREPOR - ACABAMENTO LEITOSO - LARGURA 1698 MM - LED QUENTE - INTENSIDADE DA LUZ 3000K - POTENCIA DE 6,5W/M;0,0;0,00;0,00;0,00;0,00;1,00;0,00;(0,00);0,00;1,00;0,00;0,00(0,00);21;0,00;0,00;0,00;1,00;1,00;FATURAMENTO MINIMO 800,00 -  PRAZO DE ENTREGA 25 DIAS;21/09/2026;01/01/1900;FNC;S;1,00
3LUTHIN1794Q;LUMINARIA THIN SOBREPOR - ACABAMENTO LEITOSO - LARGURA 1794 MM - LED QUENTE - INTENSIDADE DA LUZ 3000K - POTENCIA DE 6,5W/M;0,0;0,00;0,00;0,00;0,00;1,00;0,00;(0,00);0,00;1,00;0,00;0,00(0,00);21;0,00;0,00;0,00;1,00;1,00;FATURAMENTO MINIMO 800,00 -  PRAZO DE ENTREGA 25 DIAS;09/09/2026;01/01/1900;FNC;S;1,00
3LUTHIN1795Q;LUMINARIA THIN SOBREPOR - ACABAMENTO LEITOSO - LARGURA 1795 MM - LED QUENTE                                             - INTENSIDADE DA LUZ 3000K - POTENCIA DE 6,5 W/M;0,0;0,00;0,00;0,00;0,00;2,00;0,00;(0,00);0,00;2,00;0,00;0,00(0,00);21;227,11;454,22;0,00;1,00;1,00;FATURAMENTO MINIMO 800,00 -  PRAZO DE ENTREGA 25 DIAS;16/09/2026;01/03/2024;FNC;S;2,00
3LUTHIN1861Q;LUMINARIA THIN SOBREPOR - ACABAMENTO LEITOSO - LARGURA 1861 MM - LED QUENTE - INTENSIDADE DA LUZ 3000K - POTENCIA DE 6,5W/M;0,0;0,00;0,00;0,00;0,00;2,00;0,00;(0,00);0,00;2,00;0,00;0,00(0,00);21;0,00;0,00;0,00;1,00;1,00;FATURAMENTO MINIMO 800,00 -  PRAZO DE ENTREGA 25 DIAS;23/09/2026;01/01/1900;FNC;S;2,00
3LUTHIN1924Q;LUMINARIA THIN SOBREPOR - ACABAMENTO LEITOSO - LARGURA 1924 MM - LED QUENTE - INTENSIDADE DA LUZ 3000K - POTENCIA DE 6,5W/M;0,0;0,00;0,00;0,00;0,00;0,00;2,00;(0,00);0,00;2,00;-2,00;-2,00(-2,00);21;0,00;0,00;0,00;1,00;1,00;FATURAMENTO MINIMO 800,00 -  PRAZO DE ENTREGA 25 DIAS;09/09/2026;01/01/1900;FNC;S;2,00
3LUTHIN1955Q;LUMINARIA THIN SOBREPOR - ACABAMENTO LEITOSO - LARGURA 1955 MM - LED QUENTE                                             - INTENSIDADE DA LUZ 3000K  - POTENCIA DE 6,5 W/M;0,0;0,00;0,00;0,00;0,00;0,00;0,00;(0,00);2,00;2,00;-2,00;0,00(0,00);21;216,04;0,00;0,00;1,00;1,00;FATURAMENTO MINIMO 800,00 -  PRAZO DE ENTREGA 25 DIAS;08/07/2024;12/07/2024;FNC;S;2,00
3LUTHIN2083Q;LUMINARIA THIN SOBREPOR - ACABAMENTO LEITOSO - LARGURA 2083 MM - LED QUENTE                                             - INTENSIDADE DA LUZ 3000K - POTENCIA DE 6,5W/M;0,0;0,00;0,00;0,00;0,00;1,00;0,00;(0,00);0,00;1,00;0,00;0,00(0,00);21;273,68;273,68;0,00;1,00;1,00;FATURAMENTO MINIMO 800,00 -  PRAZO DE ENTREGA 25 DIAS;23/09/2026;14/04/2023;FNC;S;1,00
3LUTHIN2160Q;LUMINARIA THIN SOBREPOR - ACABAMENTO LEITOSO - LARGURA 2160 MM - LED QUENTE                                             - INTENSIDADE DA LUZ 3000K - POTENCIA DE 6,5 W/M;0,0;0,00;0,00;0,00;0,00;1,00;0,00;(0,00);0,00;1,00;0,00;0,00(0,00);21;278,15;278,15;0,00;1,00;1,00;FATURAMENTO MINIMO 800,00 -  PRAZO DE ENTREGA 25 DIAS;23/09/2026;08/10/2025;FNC;S;1,00
3LUTHIN2200Q;LUMINARIA THIN SOBREPOR - ACABAMENTO LEITOSO - LARGURA 2200 MM - LED QUENTE                                             - INTENSIDADE DA LUZ 3000K - POTENCIA DE 6,5 W/M;0,0;0,00;0,00;0,00;0,00;2,00;0,00;(0,00);0,00;2,00;0,00;0,00(0,00);21;282,39;564,77;0,00;1,00;1,00;FATURAMENTO MINIMO 800,00 -  PRAZO DE ENTREGA 25 DIAS;16/09/2026;27/10/2025;FNC;S;2,00
3LUTHIN2318Q;LUMINARIA THIN SOBREPOR - ACABAMENTO LEITOSO - LARGURA 2318 MM - LED QUENTE - INTENSIDADE DA LUZ 3000K - POTENCIA DE 6,5W/M;0,0;0,00;0,00;0,00;0,00;2,00;0,00;(0,00);0,00;2,00;0,00;0,00(0,00);21;0,00;0,00;0,00;1,00;1,00;FATURAMENTO MINIMO 800,00 -  PRAZO DE ENTREGA 25 DIAS;18/09/2026;01/01/1900;FNC;S;2,00
3LUTHIN2341Q;LUMINARIA THIN SOBREPOR - ACABAMENTO LEITOSO - LARGURA 2341 MM - LED QUENTE - INTENSIDADE DA LUZ 3000K - POTENCIA DE 6,5W/M;0,0;0,00;0,00;0,00;0,00;0,00;0,00;(0,00);2,00;2,00;-2,00;0,00(0,00);21;0,00;0,00;0,00;1,00;1,00;FATURAMENTO MINIMO 800,00 -  PRAZO DE ENTREGA 25 DIAS;01/01/1900;01/01/1900;FNC;S;2,00
3LUTHIN2529Q;LUMINARIA THIN SOBREPOR - ACABAMENTO LEITOSO - LARGURA 2529 MM - LED QUENTE - INTENSIDADE DA LUZ 3000K - POTENCIA DE 6,5W/M;0,0;0,00;0,00;0,00;0,00;2,00;0,00;(0,00);0,00;2,00;0,00;0,00(0,00);21;0,00;0,00;0,00;1,00;1,00;FATURAMENTO MINIMO 800,00 -  PRAZO DE ENTREGA 25 DIAS;18/09/2026;01/01/1900;FNC;S;2,00
3LUTHIN2540Q;LUMINARIA THIN SOBREPOR - ACABAMENTO LEITOSO - LARGURA 2540 MM - LED QUENTE - INTENSIDADE DA LUZ 3000K - POTENCIA DE 6,5W/M;0,0;0,00;0,00;0,00;0,00;2,00;0,00;(0,00);0,00;2,00;0,00;0,00(0,00);21;0,00;0,00;0,00;1,00;1,00;FATURAMENTO MINIMO 800,00 -  PRAZO DE ENTREGA 25 DIAS;18/09/2026;01/01/1900;FNC;S;2,00
3LUTHIN2600Q;LUMINARIA THIN SOBREPOR - ACABAMENTO LEITOSO - LARGURA 2600 MM - LED QUENTE - INTENSIDADE DA LUZ 3000K - POTENCIA DE 6,5W/M;0,0;0,00;0,00;0,00;0,00;2,00;0,00;(0,00);0,00;2,00;0,00;0,00(0,00);21;0,00;0,00;0,00;1,00;1,00;FATURAMENTO MINIMO 800,00 -  PRAZO DE ENTREGA 25 DIAS;21/09/2026;01/01/1900;FNC;S;2,00
3LUTHIN2930Q;LUMINARIA THIN SOBREPOR - ACABAMENTO LEITOSO - LARGURA 2930 MM - LED QUENTE - INTENSIDADE DA LUZ 3000K - POTENCIA DE 6,5W/M;0,0;0,00;0,00;0,00;0,00;0,00;1,00;(0,00);0,00;1,00;-1,00;-1,00(-1,00);21;0,00;0,00;0,00;1,00;1,00;FATURAMENTO MINIMO 800,00 -  PRAZO DE ENTREGA 25 DIAS;09/09/2026;01/01/1900;FNC;S;1,00
3LUTHIN3000Q;LUMINARIA THIN SOBREPOR - ACABAMENTO LEITOSO - LARGURA 3000 MM - LED QUENTE - INTENSIDADE DA LUZ 3000K - POTENCIA DE 6,5W/M;0,0;0,00;0,00;1,00;0,00;0,00;0,00;(0,00);1,00;1,00;-1,00;0,00(-1,00);21;367,00;0,00;0,01;1,00;1,00;FATURAMENTO MINIMO 800,00 -  PRAZO DE ENTREGA 25 DIAS;06/05/2026;17/08/2026;FNC;S;1,00
3LUTHIN328Q;LUMINARIA THIN SOBREPOR - ACABAMENTO LEITOSO - LARGURA 328 MM - LED QUENTE - INTENSIDADE DA LUZ 3000K - POTENCIA DE 6,5W/M;0,0;0,00;0,00;0,00;0,00;0,00;0,00;(0,00);2,00;2,00;-2,00;0,00(0,00);21;0,00;0,00;0,00;1,00;1,00;FATURAMENTO MINIMO 800,00 -  PRAZO DE ENTREGA 25 DIAS;01/01/1900;01/01/1900;FNC;S;2,00
3LUTHIN435Q;LUMINARIA THIN SOBREPOR - ACABAMENTO LEITOSO - LARGURA 435 MM - LED QUENTE -                                            INTENSIDADE DA LUZ 3000K - POTENCIA DE 6,5W/M;0,0;0,00;0,00;0,00;0,00;5,00;0,00;(0,00);0,00;5,00;0,00;0,00(0,00);21;71,40;357,00;0,00;1,00;1,00;FATURAMENTO MINIMO 800,00 -  PRAZO DE ENTREGA 25 DIAS;18/09/2026;15/10/2024;FNC;S;5,00
3LUTHIN490Q;LUMINARIA THIN SOBREPOR - ACABAMENTO LEITOSO - LARGURA 490 MM - LED QUENTE - INTENSIDADE DA LUZ 3000K - POTENCIA DE 6,5W/M;0,0;0,00;0,00;0,00;0,00;0,00;0,00;(0,00);2,00;2,00;-2,00;0,00(0,00);21;0,00;0,00;0,00;1,00;1,00;FATURAMENTO MINIMO 800,00 -  PRAZO DE ENTREGA 25 DIAS;01/01/1900;01/01/1900;FNC;S;2,00
3LUTHIN504Q;LUMINARIA THIN SOBREPOR - ACABAMENTO LEITOSO - LARGURA 504 MM - LED QUENTE - INTENSIDADE DA LUZ 3000K - POTENCIA DE 6,5W/M;0,0;0,00;0,00;0,00;0,00;1,00;0,00;(0,00);0,00;1,00;0,00;0,00(0,00);21;0,00;0,00;0,00;1,00;1,00;FATURAMENTO MINIMO 800,00 -  PRAZO DE ENTREGA 25 DIAS;29/09/2026;01/01/1900;FNC;S;1,00
3LUTHIN700Q;LUMINARIA THIN SOBREPOR - ACABAMENTO LEITOSO - LARGURA 700 MM - LED QUENTE -                                            INTENSIDADE DA LUZ 3000K - POTENCIA DE 6,5W/M;0,0;0,00;0,00;0,00;0,00;1,00;0,00;(0,00);0,00;1,00;0,00;0,00(0,00);21;99,36;99,36;0,00;1,00;1,00;FATURAMENTO MINIMO 800,00 -  PRAZO DE ENTREGA 25 DIAS;21/09/2026;12/07/2024;FNC;S;1,00
3LUTHIN730Q;LUMINARIA THIN SOBREPOR - ACABAMENTO LEITOSO - LARGURA 730 MM - LED QUENTE -                                            INTENSIDADE DA LUZ 3000K - POTENCIA DE 6,5W/M;0,0;0,00;0,00;0,00;0,00;3,00;0,00;(0,00);0,00;3,00;0,00;0,00(0,00);21;98,94;296,82;0,00;1,00;1,00;FATURAMENTO MINIMO 800,00 -  PRAZO DE ENTREGA 25 DIAS;02/09/2026;11/10/2024;FNC;S;3,00
3LUTHIN850Q;LUMINARIA THIN SOBREPOR - ACABAMENTO LEITOSO - LARGURA 850 MM - LED QUENTE -                                            INTENSIDADE DA LUZ 3000K - POTENCIA DE 6,5 W/M;0,0;0,00;0,00;0,00;0,00;3,00;0,00;(0,00);0,00;3,00;0,00;0,00(0,00);21;124,33;372,99;0,00;1,00;1,00;FATURAMENTO MINIMO 800,00 -  PRAZO DE ENTREGA 25 DIAS;16/09/2026;23/07/2024;FNC;S;3,00
3LUTHIN857Q;LUMINARIA THIN SOBREPOR - ACABAMENTO LEITOSO - LARGURA 857 MM - LED QUENTE - INTENSIDADE DA LUZ 3000K - POTENCIA DE 6,5W/M;0,0;0,00;0,00;0,00;0,00;0,00;0,00;(0,00);1,00;1,00;-1,00;0,00(0,00);21;0,00;0,00;0,00;1,00;1,00;FATURAMENTO MINIMO 800,00 -  PRAZO DE ENTREGA 25 DIAS;01/01/1900;01/01/1900;FNC;S;1,00
3LUTHIN860Q;LUMINARIA THIN SOBREPOR - ACABAMENTO LEITOSO - LARGURA 860 MM - LED QUENTE -                                            INTENSIDADE DA LUZ 3000K - POTENCIA DE 6,5 W/M;0,0;0,00;0,00;0,00;0,00;2,00;0,00;(0,00);0,00;2,00;0,00;0,00(0,00);21;164,72;329,43;0,00;1,00;1,00;FATURAMENTO MINIMO 800,00 -  PRAZO DE ENTREGA 25 DIAS;18/09/2026;15/10/2025;FNC;S;2,00
3LUTHIN888Q;LUMINARIA THIN SOBREPOR - ACABAMENTO LEITOSO - LARGURA 888 MM - LED QUENTE - INTENSIDADE DA LUZ 3000K - POTENCIA DE 6,5W/M;0,0;0,00;0,00;0,00;0,00;4,00;0,00;(0,00);0,00;4,00;0,00;0,00(0,00);21;0,00;0,00;0,00;1,00;1,00;FATURAMENTO MINIMO 800,00 -  PRAZO DE ENTREGA 25 DIAS;21/09/2026;01/01/1900;FNC;S;4,00
3LUTHIN890Q;LUMINARIA THIN SOBREPOR - ACABAMENTO LEITOSO - LARGURA 890 MM - LED QUENTE -                                            INTENSIDADE DA LUZ 3000K - POTENCIA DE 6,5W/M;0,0;0,00;0,00;0,00;0,00;2,00;0,00;(0,00);0,00;2,00;0,00;0,00(0,00);21;159,69;319,39;0,00;1,00;1,00;FATURAMENTO MINIMO 800,00 -  PRAZO DE ENTREGA 25 DIAS;18/09/2026;04/03/2026;FNC;S;2,00
3NICHOMAD300;NICHO 300 - 300X473X63 MADEIRA TECA TAN  (2710-TT) ORIGIN BRASIL;0,0;0,00;4,00;0,00;0,00;0,00;0,00;(0,00);1,00;1,00;-1,00;0,00(0,00);37;286,07;0,00;0,04;1,00;1,00;FATURAMENTO MINIMO 800,00 -  PRAZO DE ENTREGA 25 DIAS;26/06/2026;13/07/2026;FNC;S;1,00
3ORACAB2099D10;***ORGANIZADOR MODULAR DE ACESSORIOS - 10 DIVISOES 200X399 PELE AREIA VELUDO                                            BEIGE (101777) METAL DESIGN;0,0;0,00;0,00;0,00;0,00;6,00;0,00;(0,00);0,00;6,00;0,00;0,00(0,00);40;214,76;1.288,56;0,00;1,00;1,00;FATURAMENTO MINIMO 800,00 -  PRAZO DE ENTREGA 25 DIAS;28/09/2026;27/02/2026;FNC;S;6,00
3ORGOURMAD600;*** ORGANIZADOR GOURMET COM UTENSILIOS MODULO 600 MADEIRA TECA TAN  (20015.T                                            T004) ORIGIN BRASIL;0,0;0,00;1,00;0,00;0,00;1,00;0,00;(0,00);0,00;1,00;0,00;0,00(0,00);37;1.922,66;1.922,66;0,01;1,00;1,00;FATURAMENTO MINIMO 800,00 -  PRAZO DE ENTREGA 25 DIAS;25/09/2026;13/07/2026;FNC;S;1,00
3ORGOURMAD850;*** ORGANIZADOR GOURMET COM UTENSILIOS MODULO 850 MADEIRA TECA TAN  (20016.T                                            T004) ORIGIN BRASIL;0,0;0,00;1,00;0,00;0,00;0,00;0,00;(0,00);1,00;1,00;-1,00;0,00(0,00);37;1.643,39;0,00;0,01;1,00;1,00;FATURAMENTO MINIMO 800,00 -  PRAZO DE ENTREGA 25 DIAS;26/06/2026;13/07/2026;FNC;S;1,00
3ORJOAB1549A2D;***ORGANIZADOR MODULAR DE JOIAS - ANEIS E 2 DIVISOES 150X449 PELE AREIA VELU                                            DO BEIGE (101816) METAL DESIGN;0,0;0,00;0,00;0,00;0,00;1,00;0,00;(0,00);1,00;3,00;-2,00;-1,00(-1,00);40;0,00;0,00;0,00;1,00;1,00;FATURAMENTO MINIMO 800,00 -  PRAZO DE ENTREGA 25 DIAS;28/09/2026;01/01/1900;FNC;S;2,00
3ORJOAB1549D10;***ORGANIZADOR MODULAR DE JOIAS - 10 DIVISOES 150X449 PELE AREIA VELUDO BEIG                                            E (101810) METAL DESIGN;0,0;0,00;0,00;0,00;0,00;2,00;0,00;(0,00);1,00;6,00;-4,00;-3,00(-3,00);40;0,00;0,00;0,00;1,00;1,00;FATURAMENTO MINIMO 800,00 -  PRAZO DE ENTREGA 25 DIAS;28/09/2026;01/01/1900;FNC;S;3,00
3ORJOAB1549DV3;***ORGANIZADOR MODULAR DE JOIAS - 3 DIVISOES 150X449 PELE AREIA VELUDO BEIGE                                            (101812) METAL DESIGN;0,0;0,00;0,00;0,00;0,00;0,00;0,00;(0,00);1,00;3,00;-3,00;-2,00(-2,00);40;0,00;0,00;0,00;1,00;1,00;FATURAMENTO MINIMO 800,00 -  PRAZO DE ENTREGA 25 DIAS;01/01/1900;01/01/1900;FNC;S;1,00
3ORJOAB1549DV5;***ORGANIZADOR MODULAR DE JOIAS - 5 DIVISOES 150X449 PELE AREIA VELUDO BEIGE                                            (101811) METAL DESIGN;0,0;0,00;0,00;0,00;0,00;0,00;0,00;(0,00);2,00;5,00;-5,00;-3,00(-3,00);40;0,00;0,00;0,00;1,00;1,00;FATURAMENTO MINIMO 800,00 -  PRAZO DE ENTREGA 25 DIAS;01/01/1900;01/01/1900;FNC;S;2,00
3ORJOAB2049D10;***ORGANIZADOR MODULAR DE JOIAS - 10 DIVISOES 200X449 PELE AREIA VELUDO BEIG                                            E (101810) METAL DESIGN;0,0;2,00;0,00;0,00;0,00;0,00;0,00;(0,00);3,00;3,00;-3,00;0,00(0,00);40;177,44;0,00;0,02;1,00;1,00;FATURAMENTO MINIMO 800,00 -  PRAZO DE ENTREGA 25 DIAS;08/06/2026;30/06/2026;FNC;S;3,00
3ORJOAB2049DV3;***ORGANIZADOR MODULAR DE JOIAS - 3 DIVISOES 200X449 PELE AREIA VELUDO BEIGE                                            (101812) METAL DESIGN;0,0;1,00;0,00;0,00;2,00;0,00;0,00;(0,00);2,00;2,00;-2,00;0,00(0,00);40;152,60;0,00;0,01;1,00;1,00;FATURAMENTO MINIMO 800,00 -  PRAZO DE ENTREGA 25 DIAS;20/08/2026;24/09/2026;FNC;S;2,00
3ORJOAB2049SDV;***ORGANIZADOR MODULAR DE JOIAS - SEM DIVISOES 200X449 PELE AREIA VELUDO BEI                                            GE (101815) METAL DESIGN;0,0;1,00;0,00;0,00;0,00;0,00;0,00;(0,00);2,00;2,00;-2,00;0,00(0,00);40;151,66;0,00;0,01;1,00;1,00;FATURAMENTO MINIMO 800,00 -  PRAZO DE ENTREGA 25 DIAS;08/06/2026;19/06/2026;FNC;S;2,00
3ORJOAB2099A2D;***ORGANIZADOR MODULAR DE JOIAS - ANEIS E 2 DIVISOES 200X399 PELE AREIA VELU                                            DO BEIGE (101816) METAL DESIGN;1,0;0,00;4,00;0,00;2,00;4,00;0,00;(0,00);0,00;4,00;0,00;0,00(0,00);40;198,77;795,06;0,04;1,00;1,00;FATURAMENTO MINIMO 800,00 -  PRAZO DE ENTREGA 25 DIAS;28/09/2026;15/09/2026;FNC;S;4,00
3ORJOAB2099DV3;***ORGANIZADOR MODULAR DE JOIAS - 3 DIVISOES 200X399 PELE AREIA VELUDO BEIGE                                            (101812) METAL DESIGN;0,0;0,00;2,00;0,00;1,00;1,00;0,00;(0,00);0,00;1,00;0,00;0,00(0,00);40;148,30;148,30;0,02;1,00;1,00;FATURAMENTO MINIMO 800,00 -  PRAZO DE ENTREGA 25 DIAS;28/09/2026;15/09/2026;FNC;S;1,00
3ORJOAB2099DV5;***ORGANIZADOR MODULAR DE JOIAS - 5 DIVISOES 200X399 PELE AREIA VELUDO BEIGE                                            (101811) METAL DESIGN;0,0;3,00;1,00;3,00;7,00;3,00;0,00;(0,00);0,00;3,00;0,00;0,00(-3,00);40;159,29;477,86;0,08;1,00;1,00;FATURAMENTO MINIMO 800,00 -  PRAZO DE ENTREGA 25 DIAS;26/08/2026;23/09/2026;FNC;S;3,00
3ORUTLONMAD300;*** ORGANIZADOR COM UTENSILIOS LONGOS - NICHO 300 MADEIRA TECA TAN  (20012.T                                            T004) ORIGIN BRASIL;0,0;0,00;0,00;0,00;0,00;1,00;0,00;(0,00);0,00;1,00;0,00;0,00(0,00);37;661,34;661,34;0,00;1,00;1,00;FATURAMENTO MINIMO 800,00 -  PRAZO DE ENTREGA 25 DIAS;25/09/2026;05/02/2026;FNC;S;1,00
3PENIVELAT52EZ;*** PE NIVELADOR 2 P/ LATERAIS C52 DIâMETRO 12 COM REGULAGEM DE 25MM                                                    (416.605.022) EZDOOR;8,0;20,00;74,00;36,00;0,00;0,00;11,00;(0,00);0,00;4,00;-4,00;-4,00(-40,00);26;12,95;0,00;1,44;50,00;50,00;;17/06/2026;20/08/2026;FNC;S;4,00
3PERCRDS6502AN;*** PERFIL CREMALHEIRA DUPLO ALUMINIO ANODIZADO 2700MM - REF: DS6502AN                                                  (DS ARTEFATOS);0,0;0,00;2,00;8,00;7,00;5,00;4,00;(0,00);0,00;9,00;-4,00;-4,00(-12,00);20;208,87;1.044,34;0,11;1,00;1,00;;09/09/2026;08/09/2026;FNC;S;9,00
3PERDIFBRBOSSA;***PERFIL DIFUSOR BRANCO MINI KENDO 1MM PARA SIGN/BOSSA 30M (XXXXXXX)                                                   METAL DESIGN;0,0;0,00;1,00;0,00;0,00;2,00;0,00;(0,00);0,00;0,09;1,91;1,91(1,91);21;113,71;227,42;0,01;1,00;0,00;;11/09/2026;20/07/2026;FNC;N;0,09
3PERKITONDIF;***PERFIL DIFUSOR KITON BRANCO LEITOSO 3M (109707) METAL DESIGN;0,0;2,00;1,00;2,00;0,00;2,00;0,00;(0,00);0,00;1,27;0,73;0,73(-1,27);40;29,44;58,88;0,06;1,00;1,00;FATURAMENTO MINIMO 800,00 -  PRAZO DE ENTREGA 25 DIAS;11/09/2026;04/08/2026;FNC;N;0,87
3PERSIGNFIXNAT;***PERFIL FIXACAO LUMINARIA SOBREPOSTA SIGN/BOSSA NATURAL BARRA 3M (109708)                                             METAL DESIGN;0,0;3,00;2,00;0,00;0,00;4,00;0,00;(0,00);0,00;1,22;2,78;2,78(2,78);40;160,27;641,07;0,06;1,00;1,00;FATURAMENTO MINIMO 800,00 -  PRAZO DE ENTREGA 25 DIAS;06/07/2026;01/07/2026;FNC;N;0,84
3PERSIGNLUMIPR;***PERFIL LUMINARIA SOBREPOSTA SIGN/BOSSA PRETO BARRA 3M (113268) METAL                                                 DESIGN;0,3;1,40;0,00;0,00;0,00;1,00;1,80;(0,00);0,00;0,87;0,13;0,13(0,13);40;387,22;387,22;0,02;1,00;1,00;FATURAMENTO MINIMO 800,00 -  PRAZO DE ENTREGA 25 DIAS;11/09/2026;18/06/2026;FNC;S;0,87
3PERUNO6BG215B;*** PERFIL BAGUETE UNO PORTA SINGULAR BG-215 INCOLOR 3M (5582) ROMETAL;0,0;8,00;14,00;8,00;10,00;44,00;0,00;(0,00);0,00;30,44;13,56;13,56(5,56);21;8,00;352,09;0,33;6,00;6,00;ROMETAL FAT MINIMO 3000 REAIS.;29/09/2026;25/09/2026;FNC;N;26,00
3PFACAMAD300;*** PORTA FACAS - NICHO 300 MADEIRA TECA TAN  (2718-TT) ORIGIN BRASIL;0,0;0,00;1,00;0,00;0,00;1,00;0,00;(0,00);0,00;1,00;0,00;0,00(0,00);37;309,70;309,70;0,01;1,00;1,00;FATURAMENTO MINIMO 800,00 -  PRAZO DE ENTREGA 25 DIAS;25/09/2026;07/07/2026;FNC;S;1,00
3PFRASCMAD100;*** PORTA FRASCOS - NICHO 100 MADEIRA TECA TAN  (2729-TT) ORIGIN BRASIL;0,0;0,00;2,00;0,00;0,00;3,00;0,00;(0,00);0,00;3,00;0,00;0,00(0,00);37;356,35;1.069,04;0,02;1,00;1,00;FATURAMENTO MINIMO 800,00 -  PRAZO DE ENTREGA 25 DIAS;29/09/2026;13/07/2026;FNC;S;3,00
3PONTEIRSIGNPR;***PONTEIRA SIGN/BOSSA (PAR) PRETA (113335) METAL DESIGN;1,0;2,00;0,00;0,00;0,00;0,00;2,00;(0,00);0,00;2,00;-2,00;-2,00(-2,00);40;36,94;0,00;0,02;1,00;1,00;FATURAMENTO MINIMO 800,00 -  PRAZO DE ENTREGA 25 DIAS;11/09/2026;18/06/2026;FNC;S;2,00
3PUX0010721;PUXADOR PHOENIX 64MM CROMADO - FORN. ZEN (ZP1072);0,0;1,00;0,00;1,00;0,00;0,00;0,00;(0,00);1,00;1,00;-1,00;0,00(-1,00);45;14,86;0,00;0,02;1,00;1,00;FAT MIN 200 REAIS;27/07/2026;25/08/2026;FNC;S;1,00
3PUXALLEN160BZ;***PUXADOR ALLEN GRANADO 160MM BRONZE (ZP4295.00008) ZEN;0,0;9,00;6,00;3,00;0,00;0,00;1,00;(0,00);1,00;2,00;-2,00;-1,00(-4,00);45;57,70;0,00;0,20;1,00;1,00;FAT MIN 200 REAIS;21/09/2026;06/08/2026;FNC;S;2,00
3PUXALLEN160CV;***PUXADOR ALLEN GRANADO 160MM COBRE VECCHIO (ZP4295.00033) ZEN;0,0;20,00;10,00;2,00;0,00;0,00;1,00;(0,00);1,00;2,00;-2,00;-1,00(-3,00);45;79,70;0,00;0,36;1,00;1,00;FAT MIN 200 REAIS;21/09/2026;04/08/2026;FNC;S;2,00
3PUXALLEN160DO;***PUXADOR ALLEN GRANADO 160MM DOURADO (ZP4295.00017) ZEN;0,0;0,00;3,00;22,00;52,00;20,00;0,00;(0,00);8,00;15,00;5,00;13,00(-9,00);45;69,21;1.384,28;0,28;1,00;1,00;FAT MIN 200 REAIS;28/08/2026;23/09/2026;FNC;S;15,00
3PUXALLEN160NV;***PUXADOR ALLEN GRANADO 160MM NIQUEL VECCHIO (ZP4295.00048) ZEN;0,0;0,00;1,00;6,00;13,00;0,00;0,00;(0,00);1,00;1,00;-1,00;0,00(-6,00);45;78,24;0,00;0,08;1,00;1,00;FAT MIN 200 REAIS;20/08/2026;25/09/2026;FNC;S;1,00
3PUXALLEN160RS;***PUXADOR ALLEN GRANADO 160MM ROSE (ZP4295.00054) ZEN;0,0;0,00;1,00;2,00;0,00;0,00;0,00;(0,00);1,00;1,00;-1,00;0,00(-2,00);45;75,02;0,00;0,03;1,00;1,00;FAT MIN 200 REAIS;01/07/2026;04/08/2026;FNC;S;1,00
3PUXALLEN160TN;***PUXADOR ALLEN GRANADO 160MM TITANIUM (ZP4295.00063) ZEN;0,0;0,00;1,00;3,00;0,00;0,00;0,00;(0,00);45,00;45,00;-45,00;0,00(-3,00);45;56,76;0,00;0,04;1,00;1,00;FAT MIN 200 REAIS;01/07/2026;17/08/2026;FNC;S;45,00
3PUXALLEN640BZ;*** PUXADOR ALLEN GRANADO 640MM BRONZE (ZP4657.00008) ZEN;0,0;20,00;0,00;0,00;0,00;0,00;21,00;(0,00);0,00;21,00;-21,00;-21,00(-21,00);45;108,36;0,00;0,22;1,00;1,00;FAT MIN 200 REAIS;21/09/2026;30/06/2026;FNC;S;21,00
3PUXALLEN640CV;*** PUXADOR ALLEN GRANADO 640MM COBRE VECCHIO (ZP4657.00033) ZEN;0,0;0,00;0,00;0,00;0,00;0,00;0,00;(0,00);4,00;4,00;-4,00;0,00(0,00);45;127,00;0,00;0,00;1,00;1,00;FAT MIN 200 REAIS;17/03/2026;18/03/2026;FNC;S;4,00
3PUXALLEN640NV;*** PUXADOR ALLEN GRANADO 640MM NIQUEL VECCHIO (ZP4657.00048) ZEN;0,0;0,00;0,00;0,00;0,00;2,00;3,00;(0,00);21,00;21,00;-19,00;2,00(2,00);45;126,38;252,75;0,00;1,00;1,00;FAT MIN 200 REAIS;30/04/2025;24/09/2026;FNC;S;21,00
3PUXALLEN640TN;*** PUXADOR ALLEN GRANADO 640MM TITANIUM (ZP4657.00063) ZEN;0,0;1,00;0,00;0,00;0,00;0,00;0,00;(0,00);10,00;10,00;-10,00;0,00(0,00);45;111,56;0,00;0,01;1,00;1,00;FAT MIN 200 REAIS;17/04/2026;10/06/2026;FNC;S;10,00
3PUXALLEN800DO;***PUXADOR ALLEN GRANADO 800MM DOURADO MATTE ( ZP4300 ) ZEN;0,0;0,00;0,00;0,00;0,00;0,00;0,00;(0,00);2,00;2,00;-2,00;0,00(0,00);45;126,82;0,00;0,00;1,00;1,00;FAT MIN 200 REAIS;09/03/2023;12/04/2023;FNC;S;2,00
3PUXCRETA64BZ;***PUXADOR CRETA 64MM BRONZE (ZP3949) ZEN;8,0;0,00;6,00;9,00;19,00;4,00;0,00;(0,00);31,00;35,00;-31,00;0,00(-9,00);45;31,87;127,47;0,17;1,00;1,00;FAT MIN 200 REAIS;16/09/2026;16/09/2026;FNC;S;35,00
3PUXCRETA64CV;***PUXADOR CRETA 64MM COBRE VECCHIO (ZP3949) ZEN;0,0;0,00;2,00;10,00;0,00;0,00;0,00;(0,00);1,00;1,00;-1,00;0,00(-10,00);45;38,97;0,00;0,13;1,00;1,00;FAT MIN 200 REAIS;13/07/2026;06/08/2026;FNC;S;1,00
3PUXCRETA64RS;***PUXADOR CRETA 64MM ROSE (ZP3949) ZEN;2,0;3,00;2,00;11,00;0,00;0,00;0,00;(0,00);1,00;1,00;-1,00;0,00(-11,00);45;39,27;0,00;0,18;1,00;1,00;FAT MIN 200 REAIS;13/07/2026;06/08/2026;FNC;S;1,00
3PUXCUPBZ;***PUXADOR CUP PONTUAL BRONZE (ZP5238) ZEN;0,0;12,00;16,00;12,00;14,00;41,00;5,00;(0,00);87,00;133,00;-92,00;-5,00(-17,00);45;12,30;504,26;0,44;1,00;1,00;FAT MIN 200 REAIS;29/09/2026;24/09/2026;FNC;S;133,00
3PUXCUPTN;PUXADOR CUP PONTUAL TITANIUM (ZP5238) ZEN;0,0;16,00;3,00;5,00;0,00;0,00;0,00;(0,00);0,00;16,00;-16,00;-16,00(-21,00);45;12,19;0,00;0,27;1,00;1,00;FAT MIN 200 REAIS;13/07/2026;06/08/2026;FNC;S;16,00
3PUXDREPICCOBR;# PUXADOR DRESSA PICCOLO DIAM. 95MM - BRANCO (ZP5803.25) - ZEN;0,0;21,00;12,00;35,00;57,00;0,00;9,00;(0,00);9,00;30,00;-30,00;-21,00(-56,00);45;25,35;0,00;0,76;1,00;1,00;FAT MIN 200 REAIS;16/09/2026;29/09/2026;FNC;S;18,00
3PUXDREPICFUBR;# FUNDO PUXADOR DRESSA PICCOLO DIAM. 95MM - BRANCO (ZP5804.25) - ZEN;0,0;21,00;12,00;35,00;57,00;0,00;9,00;(0,00);9,00;30,00;-30,00;-21,00(-56,00);45;25,27;0,00;0,76;1,00;1,00;FAT MIN 200 REAIS;16/09/2026;29/09/2026;FNC;S;18,00
3PUXFUSIO544BZ;***PUXADOR FUSION - DIAM 544MM - BRONZE (ZP1767) ZEN;0,0;0,00;0,00;3,00;2,00;0,00;1,00;(0,00);0,00;1,00;-1,00;-1,00(-4,00);45;50,71;0,00;0,03;1,00;1,00;FAT MIN 200 REAIS;16/09/2026;02/09/2026;FNC;S;1,00
3PUXFUSIO544CR;***PUXADOR FUSION - DIAM 544MM - CROMADO (ZP1767) ZEN;2,0;0,00;2,00;2,00;0,00;1,00;0,00;(0,00);0,00;1,00;0,00;0,00(-2,00);45;79,69;79,69;0,04;1,00;1,00;FAT MIN 200 REAIS;29/09/2026;04/08/2026;FNC;S;1,00
3PUXFUSIO544GF;***PUXADOR FUSION - DIAM 544MM - GRAFITO (ZP1767) ZEN;0,0;0,00;0,00;3,00;0,00;1,00;2,00;(0,00);9,00;15,00;-14,00;-5,00(-8,00);45;95,61;95,61;0,03;1,00;1,00;FAT MIN 200 REAIS;21/09/2026;06/08/2026;FNC;S;15,00
3PUXHD700IE;PUX. HOME DUPLO  - INOX ESCOVADO/ESCOVADO/ESCOVADO ZP2026.712 ZEN                                                       - 600MM ENTRE OS FUROS (COMP. 700 MM);0,0;2,00;0,00;1,00;1,00;0,00;0,00;(0,00);2,00;2,00;-2,00;0,00(-1,00);45;575,29;0,00;0,03;1,00;1,00;;24/08/2026;03/09/2026;FNC;S;2,00
3PUXKEN128GE;#PUXADOR KEN 128MM GOLD ESCOVADO (ZP0475.B00) - ZEN;0,0;0,00;0,00;0,00;0,00;12,00;0,00;(0,00);0,00;12,00;0,00;0,00(0,00);45;0,00;0,00;0,00;1,00;1,00;COMPRAR COM OUTROS PRODUTOS DO FORNECEDOR PARA DAR FATURAMENTO.COMPRAR SOMENTE NA EMPRESA 11.;18/09/2026;01/01/1900;FNC;S;12,00
3PUXMAGNU544BZ;***PUXADOR MAGNUM - DIAM 544MM - BRONZE (ZP1936) ZEN;0,0;0,00;0,00;7,00;0,00;0,00;0,00;(0,00);4,00;4,00;-4,00;0,00(-7,00);45;98,97;0,00;0,08;1,00;1,00;FAT MIN 200 REAIS;12/06/2026;05/08/2026;FNC;S;4,00
3PUXNORD160BZ;***PUXADOR NORD 160MM BRONZE (ZP1843) ZEN;0,0;0,00;1,00;2,00;0,00;0,00;0,00;(0,00);6,00;6,00;-6,00;0,00(-2,00);45;48,81;0,00;0,03;1,00;1,00;FAT MIN 200 REAIS;01/07/2026;04/08/2026;FNC;S;6,00
3PUXPLYMOU80BZ;***PUXADOR PLYMOUTH 80MM BRONZE (ZP5420) ZEN;0,0;0,00;2,00;2,00;0,00;0,00;0,00;(0,00);1,00;1,00;-1,00;0,00(-2,00);45;20,07;0,00;0,04;1,00;1,00;FAT MIN 200 REAIS;01/07/2026;04/08/2026;FNC;S;1,00
3PUXPLYMOU80CV;***PUXADOR PLYMOUTH 80MM COBRE VECCHIO (ZP5420) ZEN;0,0;0,00;3,00;3,00;0,00;0,00;0,00;(0,00);1,00;1,00;-1,00;0,00(-3,00);45;28,41;0,00;0,07;1,00;1,00;FAT MIN 200 REAIS;13/07/2026;06/08/2026;FNC;S;1,00
3PUXPLYMOU80DO;***PUXADOR PLYMOUTH 80MM DOURADO MATTE (ZP5420) ZEN;0,0;0,00;7,00;13,00;1,00;4,00;0,00;(0,00);2,00;6,00;-2,00;0,00(-13,00);45;26,69;106,77;0,22;1,00;1,00;FAT MIN 200 REAIS;31/07/2026;23/09/2026;FNC;S;6,00
3PUXPLYMOU80GF;***PUXADOR PLYMOUTH 80MM GRAFITO (ZP5420) ZEN;0,0;0,00;4,00;2,00;26,00;0,00;0,00;(0,00);1,00;1,00;-1,00;0,00(-2,00);45;26,23;0,00;0,07;1,00;1,00;FAT MIN 200 REAIS;28/08/2026;10/09/2026;FNC;S;1,00
3PUXPLYMOU80RS;***PUXADOR PLYMOUTH 80MM ROSE (ZP5420) ZEN;10,0;0,00;2,00;2,00;0,00;8,00;0,00;(0,00);0,00;8,00;0,00;0,00(-2,00);45;28,41;227,30;0,04;1,00;1,00;FAT MIN 200 REAIS;27/07/2026;04/08/2026;FNC;S;8,00
3PUXPLYMOU80TN;***PUXADOR PLYMOUTH 80MM TITANIUM (ZP5420) ZEN;0,0;0,00;2,00;2,00;0,00;0,00;0,00;(0,00);1,00;1,00;-1,00;0,00(-2,00);45;20,07;0,00;0,04;1,00;1,00;FAT MIN 200 REAIS;01/07/2026;04/08/2026;FNC;S;1,00
3PUXRADIO16BZ;*** PUX. RADIO MINI BRONZE - ZP4308.26 - ZEN;8,0;0,00;3,00;4,00;0,00;2,00;1,00;(0,00);1,00;4,00;-2,00;-1,00(-5,00);45;9,15;18,29;0,08;1,00;1,00;FAT MIN 200 REAIS;29/09/2026;28/08/2026;FNC;S;4,00
3PUXRADIO16DO;*** PUX. RADIO MINI DOURADO MATTE - ZP4308.955 - ZEN;0,0;0,00;1,00;3,00;0,00;0,00;0,00;(0,00);28,00;28,00;-28,00;0,00(-3,00);45;10,95;0,00;0,04;1,00;1,00;FAT MIN 200 REAIS;13/07/2026;06/08/2026;FNC;S;28,00
3PUXRADIO27BZ;*** PUX. RADIO MEDIO 16MM BRONZE - ZP4309.26 - ZEN;0,0;14,00;12,00;5,00;1,00;10,00;0,00;(0,00);0,00;8,00;2,00;2,00(-3,00);45;15,82;158,19;0,34;1,00;1,00;FAT MIN 200 REAIS;29/09/2026;08/09/2026;FNC;S;8,00
3ROSQUADEUROBR;***CONJUNTO ROSETA QUADRADA CHAVE EXTERNA CILINDRO EURO - BRANCO (ZM100QE.25                                            ) ZEN;0,0;0,00;0,00;0,00;0,00;0,00;0,00;(0,00);1,00;1,00;-1,00;0,00(0,00);45;68,24;0,00;0,00;1,00;1,00;FAT MIN 200 REAIS;10/09/2025;30/10/2025;FNC;S;1,00
3ROSQUADEUROCR;***CONJUNTO ROSETA QUADRADA CHAVE EXTERNA CILINDRO EURO - CROMADA (ZM100QE.                                             01) ZEN;0,0;0,00;0,00;0,00;0,00;0,00;1,00;(0,00);0,00;1,00;-1,00;-1,00(-1,00);45;63,70;0,00;0,00;1,00;1,00;FAT MIN 200 REAIS;16/09/2026;15/12/2025;FNC;S;1,00
3ROSQUADTRANCR;***ROSETA QUADRADA PARA TRANQUETA WC PADRAO CROMADO (ZM100Q.25) ZEN;0,0;0,00;0,00;0,00;0,00;0,00;1,00;(0,00);0,00;1,00;-1,00;-1,00(-1,00);45;46,17;0,00;0,00;1,00;1,00;FAT MIN 200 REAIS;16/09/2026;23/06/2025;FNC;S;1,00
3ROSQUADTRANPR;***ROSETA QUADRADA PARA TRANQUETA WC PADRAO PRETO (ZM100Q.24) ZEN;0,0;0,00;0,00;1,00;3,00;1,00;2,00;(0,00);4,00;7,00;-6,00;-2,00(-3,00);45;44,17;44,17;0,01;1,00;1,00;FAT MIN 200 REAIS;16/09/2026;23/09/2026;FNC;S;7,00
3SDRIVCABDISTR;SERVO-DRIVE CABO DE DISTRIBUICAO E PONTEIRA DE ISOLAMENTO 8M Z10K800AE                                                  KAB+E V1 S (REF: 07550294) BLUM;0,0;0,00;2,00;3,00;2,00;11,00;0,00;(0,00);0,00;2,00;9,00;9,00(6,00);20;143,90;1.582,92;0,06;1,00;1,00;;11/06/2025;25/09/2026;FNC;S;2,00
3SDRIVCANT1MEC;SERVO-DRIVE CANTONEIRA 1 MECANISMO COM CABO Z10D0311 AUF-W 1 10R737                                                     (REF: 04805174) BLUM;0,0;0,00;0,00;2,00;0,00;0,00;0,00;(0,00);1,00;1,00;-1,00;0,00(-2,00);20;38,83;0,00;0,02;1,00;1,00;;09/07/2026;04/08/2026;FNC;S;1,00
3SDRIVGRAFIXCB;SERVO-DRIVE GRAMPO DE FIXACAO PARA CABO Z10K0009 KAB-HA 100 NA                                                          (REF: 07283231) BLUM;0,0;0,00;10,00;10,00;0,00;220,00;0,00;(0,00);0,00;16,00;204,00;204,00(194,00);20;4,48;984,72;0,22;1,00;1,00;;08/05/2025;20/08/2026;FNC;S;16,00
3SDRIVMECANIS;SERVO-DRIVE MECANISMO DE ACIONAMENTO Z10A3000.03ANTR-EH V1R737                                                          (REF: 06970029) BLUM;0,0;0,00;0,00;2,00;0,00;10,00;0,00;(0,00);0,00;1,00;9,00;9,00(7,00);20;368,41;3.684,05;0,02;1,00;1,00;;07/07/2026;04/08/2026;FNC;S;1,00
3SIGNPTACA4PR;***ACESSORIO PORTA QUATRO TACAS SIGN/BOSSA PRETO (109485) METAL DESIGN;0,0;0,00;1,00;1,00;0,00;1,00;0,00;(0,00);0,00;1,00;0,00;0,00(-1,00);40;368,69;368,69;0,02;1,00;1,00;FATURAMENTO MINIMO 800,00 -  PRAZO DE ENTREGA 25 DIAS;11/09/2026;03/08/2026;FNC;S;1,00
3SIGNPTOALHAPR;***ACESSORIO PORTA TOALHA SIGN/BOSSA PRETO (109528) METAL DESIGN;0,0;0,00;1,00;1,00;0,00;1,00;0,00;(0,00);0,00;1,00;0,00;0,00(-1,00);40;397,66;397,66;0,02;1,00;1,00;FATURAMENTO MINIMO 800,00 -  PRAZO DE ENTREGA 25 DIAS;11/09/2026;03/08/2026;FNC;S;1,00
3SUPOPE448FURE;*** SUPORTE PRATELEIRA OPEN COM FURO ESCARIADO - 448MM NOVO MODELO (MEEL);0,0;90,00;14,00;32,00;38,00;0,00;3,00;(0,00);18,00;18,00;-18,00;0,00(-32,00);20;22,08;0,00;1,51;1,00;1,00;;08/09/2026;16/09/2026;FNC;S;18,00
3TOMPLUS10ABRA;*** TOMADA PLUS PARA MOVEIS ABNT 10A BRANCA (00080.23841329) LUMITEK;7,0;5,00;6,00;8,00;2,00;91,00;4,00;(0,00);0,00;21,00;70,00;70,00(62,00);45;8,07;734,37;0,21;100,00;1,00;FAT MIN 200 REAIS;31/07/2026;29/09/2026;FNC;S;21,00
3TOMPLUS10APRE;*** TOMADA PLUS PARA MOVEIS ABNT 10A PRETA (00080.36311306) LUMITEK;3,0;3,00;1,00;0,00;4,00;28,00;0,00;(0,00);0,00;6,00;22,00;22,00(22,00);45;6,27;175,48;0,04;100,00;1,00;FAT MIN 200 REAIS;05/07/2024;23/09/2026;FNC;S;6,00
3TPLUTIPOBLUS1;#TANDEMBOX PLUS UNID. TIP-ON BLUMOTION D/E S0 T60B3030 10-20KG                                                          (REF: 04082 919) - BLUM;0,0;0,00;0,00;0,00;0,00;0,00;0,00;(0,00);6,00;1,00;-1,00;5,00(5,00);30;140,80;0,00;0,00;6,00;6,00;;15/08/2025;18/09/2025;FNC;S;1,00
3TRABLOQPRATOR;***TRAVA BLOQUEADORA DE PRATELEIRA 295H5700.21 E EIXO ZST.1160W CINZA ORION                                             FOSCO (07157801) BLUM;2,0;21,00;0,00;3,00;0,00;0,00;0,00;(0,00);6,00;6,00;-6,00;0,00(-3,00);21;97,11;0,00;0,27;1,00;1,00;;18/08/2026;24/08/2026;FNC;S;6,00
3TRANQQUADWCCR;***CONJUNTO TRANQUETA QUADRADA PARA WC PADRAO CROMO (ZM100B.01)                                                         - PORTA 52MM - HASTE MAIOR COM 92MM - ZEN;0,0;0,00;0,00;0,00;0,00;0,00;0,00;(0,00);1,00;1,00;-1,00;0,00(0,00);45;44,92;0,00;0,00;1,00;1,00;FAT MIN 200 REAIS;16/09/2026;24/09/2026;FNC;S;1,00
3TRANQQUADWCDO;***CONJUNTO TRANQUETA QUADRADA PARA WC PADRAO DOURADO (ZM100B.955) - PORTA 5                                            2MM - HASTE MAIOR COM 92MM - ZEN;0,0;0,00;0,00;0,00;1,00;0,00;0,00;(0,00);1,00;1,00;-1,00;0,00(0,00);45;52,43;0,00;0,00;1,00;1,00;FAT MIN 200 REAIS;13/07/2026;24/09/2026;FNC;S;1,00
3TRANQQUADWCPR;***CONJUNTO TRANQUETA QUADRADA PARA WC PADRAO PRETO (ZM100B.24)                                                         - PORTA 52MM - HASTE MAIOR COM 92MM - ZEN;0,0;0,00;0,00;1,00;2,00;0,00;0,00;(0,00);9,00;9,00;-9,00;0,00(-1,00);45;42,97;0,00;0,01;1,00;1,00;FAT MIN 200 REAIS;16/09/2026;24/09/2026;FNC;S;9,00
3VEDAPATRE1230;***VEDA PORTA AUTOMATICO TREND COM ABAS 30X20 L1030(CE1220TND00402N) ECLISSE;0,0;0,00;0,00;0,00;0,00;0,00;0,00;(0,00);10,00;1,00;-1,00;9,00(9,00);21;0,00;0,00;0,00;10,00;10,00;;;;FNC;S;1,00
3VEFREES7X5PR;***VEDA FRESTA ADESIVO ESCOVA SINTETICA SILICONE 5X7MM PRETO ROLO 400M                                                  (PA02010021) COMFORT DOOR;0,0;0,00;15,11;54,72;43,54;654,00;32,63;(0,00);0,00;75,39;578,61;578,61(523,89);20;1,63;1.068,64;0,78;400,00;1,00;;07/05/2026;08/09/2026;FNC;S;75,39
3FIT192PVC0001;FITA DE BORDA PAINT FLAT 5443/439 BRANCO 198X3,00MM ( SEM PRIMER );12,98;43,92;1,91;84,21;46,76;100,00;199,55;(150,00);0,00;27,42;72,58;72,58(-11,63);30;33,41;3.340,50;1,44;100,00;100,00;CODIGO ANTIGO 3FIT22PVCLI;18/08/2026;29/09/2026;LAM;S;25,26
3FIT19PVC0017;!FITA DE BORDO FRASSINO ALMENDRA - 19X1 MM - T;789,329;1.044,17;982,20;1.968,34;959,28;1.650,00;461,72;(2.708,00);300,00;581,12;1.068,88;1.368,88(-599,46);30;1,67;2.753,85;44,39;750,00;750,00;ITEM DE BAIXO CONSUMO;15/09/2026;29/09/2026;LAM;S;492,98
3FIT22PVC0001;!FITA DE BORDO PVC BRANCO LISO (PAINT) - 22X1 MM;2659,007;4.603,66;5.126,72;4.653,61;4.351,68;5.550,00;2.401,17;(8.436,00);1.350,00;8.423,84;-2.873,84;-1.523,84(-6.177,45);30;1,12;6.238,20;159,82;600,00;600,00;CODIGO ANTIGO 3FIT22PVCLI;28/09/2026;29/09/2026;LAM;S;5.349,34
3FIT22PVC0017;FITA DE BORDO FRASSINO ALMENDRA - 22X1 MM - T;475,685;1.350,91;2.707,64;1.118,01;1.708,47;1.161,00;1.390,79;(2.312,00);325,00;2.230,31;-1.069,31;-744,31(-1.862,32);30;1,74;2.023,62;57,52;600,00;600,00;;08/09/2026;29/09/2026;LAM;S;1.290,78
3FIT22PVC0031;FITA DE BORDO BRANCO TX - 22X1 MM - T( MAXI PP FROST 210 BRANCO );6116,741;7.019,91;5.865,31;4.413,90;2.657,81;12.560,00;1.829,07;(2.062,00);24,00;8.377,89;4.182,11;4.206,11(-207,79);30;1,08;13.539,68;192,21;600,00;600,00;;31/07/2026;29/09/2026;LAM;S;3.527,38
3FIT22PVC0043;FITA DE BORDO FREIJO - 22X1 MM (FORN: LOURO FREIJO) - T;1648,6850000000002;2.236,35;575,40;771,82;1.012,71;2.550,00;1.565,42;(0,00);1.200,00;4.948,86;-2.398,86;-1.198,86(-1.970,69);30;1,63;4.164,15;39,82;600,00;600,00;;15/09/2026;29/09/2026;LAM;S;3.962,89
3FIT22PVC0057;FITA DE BORDO DARK - 22X1 MM (FORN: PRETO DESIGN) - 2F - B;83,798;271,60;1.006,17;1.051,20;329,43;1.800,00;343,15;(0,00);0,00;595,58;1.204,42;1.204,42(153,22);30;1,60;2.871,00;25,88;600,00;600,00;;08/07/2026;29/09/2026;LAM;S;591,65
3FIT22PVC0059;FITA DE BORDO SEPIA - 22X1 MM (FORN: NOGUEIRA THAR);2056,2470000000003;1.120,11;3.057,14;1.911,17;1.989,02;2.286,00;1.250,70;(0,00);174,00;2.424,83;-138,83;35,17(-1.876,00);30;1,31;2.999,23;67,65;150,00;150,00;;15/09/2026;29/09/2026;LAM;S;1.858,47
3FIT22PVC0060;!FITA DE BORDO DAKAR - 22X1 MM (FORN: PEROLA URBANA) - T;6677,679;5.062,38;3.580,81;3.628,49;5.248,43;4.771,00;1.392,64;(0,00);4.066,00;9.121,06;-4.350,06;-284,06(-3.912,55);30;1,74;8.287,23;136,35;600,00;600,00;;15/09/2026;29/09/2026;LAM;S;2.993,22
3FIT22PVC0064;FITA DE BORDO JACARANDA - 22X1 MM (FORN: CACAU GRANN) - T;3700,013;864,24;1.562,24;3.337,06;3.811,53;5.209,00;1.844,77;(0,00);6.218,00;13.196,27;-7.987,27;-1.769,27(-5.106,34);30;1,71;8.896,97;64,04;600,00;600,00;;28/09/2026;29/09/2026;LAM;S;7.623,45
3FIT22PVC0065;FITA DE BORDO OAK - 22X1 MM (FORN: CARVALHO MALVA) - T;824,203;1.245,04;837,23;1.436,19;1.559,12;1.266,00;1.309,88;(0,00);1.406,00;2.819,56;-1.553,56;-147,56(-1.583,75);30;1,66;2.105,36;39,09;600,00;600,00;;15/09/2026;29/09/2026;LAM;S;1.664,41
3FIT22PVC0066;FITA DE BORDO STEEL - 22X1 MM (FORN: METALIC SUEDE) - T;2731,62;2.232,95;2.489,33;2.159,69;2.911,24;7.338,00;1.349,98;(0,00);168,00;7.002,38;335,62;503,62(-1.656,07);30;1,69;12.401,22;76,47;600,00;600,00;;15/09/2026;29/09/2026;LAM;S;2.341,14
3FIT22PVC0068;***FITA DE BORDO AZUL SECRETO - 22X1 MM (FORN: AZUL SECRETO ESSENCIAL) - T;0,0;0,00;42,72;77,07;114,13;584,00;350,09;(0,00);0,00;180,88;403,13;403,13(326,06);30;1,34;780,22;1,33;600,00;600,00;;19/06/2026;29/09/2026;LAM;S;180,88
3FIT22PVC0069;FITA DE BORDO ASPARGO - 22X1 MM (FORN: VERTI MICRO) - T;2272,6059999999998;2.541,08;3.089,26;1.930,48;1.802,87;3.717,00;2.248,25;(0,00);1.800,00;4.541,71;-824,71;975,29(-955,20);30;1,32;4.899,01;84,01;600,00;600,00;;17/09/2026;29/09/2026;LAM;S;2.970,75
3FIT22PVC0070;FITA DE BORDO CARBONO MICRO/MATT - 22X1 MM (FORN: CHUMBO/MATT) - T;386,87;1.570,32;1.824,29;2.988,51;896,25;2.868,00;931,79;(0,00);822,00;5.333,70;-2.465,70;-1.643,70(-4.632,21);30;1,72;4.930,09;70,92;600,00;600,00;;21/09/2026;29/09/2026;LAM;S;2.860,25
3FIT22PVC0071;FITA DE BORDO CENTEIO - 22X1 MM (FORN: BAURU);485,028;1.303,43;1.080,45;512,58;381,75;450,00;353,59;(300,00);1.170,00;1.180,80;-730,80;439,20(-73,38);30;1,30;583,65;32,18;150,00;150,00;;01/07/2026;29/09/2026;LAM;S;1.061,77
3FIT22PVC0072;FITA DE BORDO COALA - 22X1 MM (FORN: OPERA) - T;783,149;1.090,22;1.570,21;1.240,19;1.159,02;1.408,00;1.085,97;(0,00);1.304,00;3.318,33;-1.910,33;-606,33(-1.846,53);30;1,26;1.776,90;43,34;600,00;600,00;;04/09/2026;29/09/2026;LAM;S;1.846,02
3FIT22PVC0073;FITA DE BORDO MALTE - 22X1 MM (FORN: TAUPE) - T;1557,6299999999999;586,70;535,85;1.481,07;872,98;1.496,00;661,87;(0,00);600,00;1.986,55;-490,55;109,45(-1.371,62);30;1,27;1.905,90;28,93;600,00;600,00;;21/09/2026;29/09/2026;LAM;S;1.195,61
3FIT22PVC0074;FITA DE BORDO CONCRETO - 22X1 MM (FORN: FORN: GIANDUIA VELUTTO 6726.ST                                                  /FLAT TOP COLOR ) – T;1228,528;3.200,57;913,24;1.562,50;1.953,24;3.136,00;773,23;(0,00);164,00;3.043,80;92,20;256,20(-1.306,30);30;1,29;4.057,98;63,07;600,00;600,00;;05/08/2026;29/09/2026;LAM;S;1.805,90
3FIT22PVC0076;FITA DE BORDO BLONDER - 22X1 MM (FORN: OASIS) - T;5,087;151,66;194,59;66,81;131,16;290,00;778,44;(0,00);0,00;417,07;-127,07;-127,07(-193,88);30;1,55;448,92;4,59;600,00;600,00;;20/10/2025;28/09/2026;LAM;S;30,43
3FIT22PVC0077;FITA DE BORDO ROSA CHA - 22X1 MM (FORN: ROSA INFINITO) - T;1876,2;762,56;568,32;1.019,03;991,34;1.230,00;489,58;(0,00);390,00;1.267,55;-37,55;352,45(-666,57);30;1,73;2.124,21;26,11;600,00;600,00;;25/08/2026;29/09/2026;LAM;S;1.047,06
3FIT22PVC0079;!FITA DE BORDO QUINOA - 22X1 MM (FORN: NUDE MICRO) - T;8509,064;9.816,26;12.969,06;13.119,70;8.008,73;11.914,00;4.313,33;(0,00);1.029,00;12.225,87;-311,87;717,13(-12.402,57);30;1,33;15.857,53;398,94;600,00;600,00;;10/09/2026;29/09/2026;LAM;S;6.759,12
3FIT22PVC0080;FITA DE BORDO CINZA COBALTO MICRO - 22X1 MM - T;1747,813;3.369,87;4.075,89;3.911,82;2.493,18;4.200,00;1.187,36;(0,00);1.350,00;4.053,60;146,41;1.496,41(-2.415,42);30;1,37;5.758,20;126,20;600,00;600,00;;12/08/2026;29/09/2026;LAM;S;2.765,68
3FIT22PVC0086;FITA DE BORDO ARABICA - 22X1 MM (FORN: ITAPUA ESSENCIAL WOOD) - T;0,0;186,94;2.584,61;2.620,45;2.590,97;3.600,00;636,69;(0,00);160,00;3.867,62;-267,62;-107,62(-2.728,07);30;1,85;6.667,20;59,91;600,00;600,00;;20/07/2026;29/09/2026;LAM;S;995,82
3FIT22PVC0087;FITA DE BORDO AMARANTO - 22X1 MM (FORN: TEKA SOHO THERA) - T;0,0;744,12;2.972,23;5.538,55;3.000,39;4.552,00;1.456,87;(0,00);1.388,00;3.951,09;600,91;1.988,91(-3.549,65);30;1,80;8.198,15;102,83;600,00;600,00;;20/07/2026;29/09/2026;LAM;S;3.634,92
3FIT22PVC0088;FITA DE BORDO AVELA - 22X1 MM (FORN: NOGUEIRA ASTI ESSENCIAL WOOK) - T;0,0;1.357,12;7.596,50;8.234,53;5.230,63;7.591,00;7.473,63;(0,00);5.400,00;19.978,19;-12.387,19;-6.987,19(-15.221,72);30;1,78;13.534,75;190,98;600,00;600,00;;13/08/2026;29/09/2026;LAM;S;12.076,07
3FIT22PVC0089;FITA DE BORDO CERAMICA - 22X1 MM (FORN: BLUSH ESSENCIAL) - T;0,0;19,81;50,71;49,75;752,28;750,00;1.162,45;(0,00);0,00;360,58;389,42;389,42(339,67);30;1,34;1.002,00;1,34;600,00;600,00;;29/07/2026;29/09/2026;LAM;S;173,36
3FIT22PVC0090;FITA DE BORDO OCEANO - 22X1 MM (FORN: AZUL PROFUNDO ESSENCIAL) - T;0,0;33,58;278,98;28,88;366,99;590,00;463,98;(0,00);0,00;561,43;28,57;28,57(-0,31);30;1,34;791,78;3,79;600,00;600,00;;28/09/2026;28/09/2026;LAM;S;542,92
3FIT22PVC0093;FITA DE BORDO LINHACA - 22X1 MM (FORN: ARTEZZANO GRANN) - T;0,0;220,50;595,75;72,83;144,90;3.168,00;458,02;(0,00);0,00;441,25;2.726,75;2.726,75(2.653,92);30;1,76;5.566,18;9,88;600,00;600,00;;15/07/2026;28/09/2026;LAM;S;354,55
3FIT22PVC0094;FITA DE BORDO PORCELANA - 22X1 MM (FORN: OFF WHITE ESSENCIAL) - T;0,0;17.212,27;16.013,89;14.247,82;13.792,37;11.150,00;16.742,54;(0,00);14.828,00;42.047,30;-30.897,30;-16.069,30(-30.317,13);30;1,36;15.130,55;527,49;600,00;600,00;;28/09/2026;29/09/2026;LAM;S;30.500,99
3FIT22PVC0095;FITA DE BORDO HIBISCO - 22X1 MM (FORN: HIBISCO) - T;0,0;0,31;1,97;35,52;42,90;236,00;159,31;(0,00);600,00;711,47;-475,47;124,54(89,02);30;1,35;319,31;0,42;600,00;600,00;;30/06/2026;28/09/2026;LAM;S;1,73
3FIT22PVC0096;FITA DE BORDO FLORESTA - 22X1 MM (FORN: VERDE FLORESTA ESSENCIAL) - T;0,0;0,31;2,39;13,55;34,62;450,00;259,14;(0,00);0,00;312,01;137,99;137,99(124,44);30;2,64;1.186,65;0,18;600,00;600,00;;15/09/2026;29/09/2026;LAM;S;276,66
3FIT22PVCFREIP;#FITA DE BORDO FREIJO PURO - 22X1 MM (FORN: );0,0;0,00;0,00;0,00;0,00;0,00;0,00;(0,00);0,00;79,37;-79,37;-79,37(-79,37);30;0,00;0,00;0,00;600,00;600,00;;01/01/1900;01/01/1900;LAM;S;11,00
3FIT29PVC0001;!FITA DE BORDO PVC BRANCO LISO (PAINT) - 29X1 MM;970,7700000000001;455,85;696,98;349,06;305,03;750,00;329,19;(1.235,00);0,00;571,27;178,73;178,73(-170,33);30;1,41;1.059,00;16,69;450,00;450,00;CODIGO ANTIGO 3FIT29PVCLI E 3FIT29PVC0002 - ITEM DE BAIXO CONSUMO;12/08/2026;29/09/2026;LAM;S;309,54
3FIT29PVC0017;FITA DE BORDO FRASSINO ALMENDRA - 29X1 MM - T;886,366;205,11;471,59;127,03;396,74;1.500,00;112,79;(211,00);0,00;260,09;1.239,91;1.239,91(1.112,88);30;1,70;2.551,50;8,93;450,00;450,00;;01/07/2026;28/09/2026;LAM;S;101,05
3FIT29PVC0031;FITA DE BORDO BRANCO TX - 29X1 MM - T;606,619;1.049,85;1.027,10;1.212,90;1.211,28;1.200,00;703,84;(150,00);1.800,00;2.946,12;-1.746,12;53,88(-1.159,01);30;0,91;1.087,20;36,55;450,00;450,00;;10/09/2026;29/09/2026;LAM;S;1.510,03
3FIT29PVC0043;!FITA DE BORDO FREIJO - 29X1 MM (FORN: LOURO FREIJO) - T;1006,91;573,42;852,81;97,67;227,47;1.938,00;573,43;(0,00);150,00;889,65;1.048,35;1.198,35(1.100,68);30;1,69;3.275,22;16,93;450,00;450,00;;30/06/2026;29/09/2026;LAM;S;708,36
3FIT29PVC0057;FITA DE BORDO DARK - 29X1 MM (FORN: PRETO DESIGN) - T;10,402999999999999;118,71;120,05;109,34;11,99;0,00;553,90;(0,00);0,00;38,56;-38,56;-38,56(-147,90);30;1,62;0,00;3,87;450,00;450,00;;11/06/2026;25/09/2026;LAM;S;38,56
3FIT29PVC0059;FITA DE BORDO SEPIA - 29X1 MM (FORN: NOGUEIRA THAR);471,03299999999996;122,00;205,34;351,79;310,20;0,00;335,86;(0,00);450,00;318,66;-318,66;131,34(-220,45);30;2,90;0,00;7,55;150,00;150,00;;15/09/2026;29/09/2026;LAM;S;276,55
3FIT29PVC0060;!FITA DE BORDO DAKAR - 29X1 MM (FORN: PEROLA URBANA) - T;137,521;599,24;384,93;317,12;551,38;731,00;399,45;(0,00);0,00;947,97;-216,97;-216,97(-534,10);30;1,70;1.242,70;14,46;450,00;450,00;;08/07/2026;29/09/2026;LAM;S;360,30
3FIT29PVC0064;FITA DE BORDO JACARANDA - 29X1 MM (FORN: CACAU GRANN) - T;1076,4660000000001;52,81;136,39;285,59;705,63;1.164,00;617,17;(0,00);450,00;2.244,49;-1.080,49;-630,49(-916,09);30;1,71;1.984,62;5,28;450,00;450,00;;28/09/2026;29/09/2026;LAM;S;1.094,80
3FIT29PVC0065;FITA DE BORDO OAK - 29X1 MM (FORN: CARVALHO MALVA) - T;143,374;160,97;129,83;249,53;187,98;300,00;464,10;(0,00);0,00;391,49;-91,49;-91,49(-341,02);30;1,64;490,50;6,00;450,00;450,00;;01/07/2026;29/09/2026;LAM;S;229,17
3FIT29PVC0066;FITA DE BORDO STEEL - 29X1 MM (FORN: METALIC SUEDE) - T;34,408;290,06;233,39;276,92;452,15;900,00;376,18;(0,00);450,00;1.135,30;-235,30;214,70(-62,22);30;1,62;1.454,40;8,89;450,00;450,00;;28/09/2026;29/09/2026;LAM;S;323,27
3FIT29PVC0068;*** FITA DE BORDO AZUL SECRETO - 29X1 MM (FORN: AZUL SECRETO ESSENCIAL) - T;0,0;3,00;0,00;10,13;25,36;0,00;81,51;(0,00);0,00;12,74;-12,74;-12,74(-22,87);30;2,65;0,00;0,15;450,00;450,00;;01/08/2025;29/09/2026;LAM;S;12,74
3FIT29PVC0069;FITA DE BORDO ASPARGO - 29X1 MM (FORN: VERTI MICRO) - T;102,726;217,22;186,05;214,47;208,18;450,00;296,36;(0,00);0,00;507,10;-57,10;-57,10(-271,58);30;2,88;1.295,10;6,86;450,00;450,00;;01/07/2026;29/09/2026;LAM;S;225,10
3FIT29PVC0070;FITA DE BORDO CARBONO MICRO MATT - 29X1 MM (FORN: CHUMBO MATT) - T;483,884;127,53;356,22;385,81;39,75;1.500,00;420,73;(0,00);150,00;982,84;517,17;667,17(281,35);30;1,71;2.566,50;9,66;450,00;450,00;;01/07/2026;29/09/2026;LAM;S;426,73
3FIT29PVC0071;FITA DE BORDO CENTEIO - 29X1 MM (FORN: BAURU);22,655;67,69;89,41;30,57;28,49;0,00;258,38;(0,00);150,00;200,00;-200,00;-50,00(-80,57);30;1,35;0,00;2,09;150,00;150,00;;20/05/2025;29/09/2026;LAM;S;197,76
3FIT29PVC0072;FITA DE BORDO COALA - 29X1 MM (FORN: OPERA) - T;44,461;850,39;607,55;72,31;164,73;600,00;302,65;(0,00);0,00;559,61;40,39;40,39(-31,91);30;1,61;968,40;17,00;450,00;450,00;;25/08/2026;29/09/2026;LAM;S;302,91
3FIT29PVC0073;FITA DE BORDO MALTE - 29X1 MM (FORN: TAUPE) - T;27,579;14,76;58,74;199,85;270,96;450,00;124,31;(0,00);0,00;313,17;136,84;136,84(-63,01);30;1,63;734,40;3,04;450,00;450,00;;06/05/2026;24/09/2026;LAM;S;206,63
3FIT29PVC0074;FITA DE BORDO CONCRETO - 29X1 MM (FORN: GIANDUIA VELUTTO 6726.ST /FLAT                                                  TOP COLOR ) - T;529,406;366,13;76,93;251,48;476,22;435,00;291,02;(0,00);15,00;389,43;45,57;60,57(-190,92);30;1,54;667,73;7,72;450,00;450,00;;10/09/2026;29/09/2026;LAM;S;182,23
3FIT29PVC0076;FITA DE BORDO BLONDER - 29X1 MM (FORN: OASIS) - T;0,0;4,48;30,50;2,61;4,08;450,00;33,43;(0,00);0,00;20,52;429,48;429,48(426,88);30;4,13;1.859,40;0,42;450,00;450,00;;27/05/2026;28/09/2026;LAM;S;0,94
3FIT29PVC0077;FITA DE BORDO ROSA CHA - 29X1 MM (FORN: ROSA INFINITO) - T;149,915;63,01;232,12;70,23;45,12;426,00;179,32;(0,00);0,00;158,97;267,03;267,03(196,80);30;1,53;652,63;4,06;450,00;450,00;;05/09/2025;29/09/2026;LAM;S;156,63
3FIT29PVC0079;!FITA DE BORDO QUINOA - 29X1 MM (FORN: NUDE MICRO) - T;235,475;1.007,74;1.316,38;1.479,37;823,30;1.200,00;616,66;(0,00);762,00;2.308,74;-1.108,74;-346,74(-1.826,11);30;1,74;2.086,80;42,26;450,00;450,00;;10/09/2026;29/09/2026;LAM;S;1.035,10
3FIT29PVC0080;FITA DE BORDO CINZA COBALTO MICRO - 29X1 MM - T;101,476;313,21;676,03;342,83;215,85;450,00;272,26;(0,00);0,00;281,96;168,04;168,04(-174,80);30;1,78;801,90;14,80;450,00;450,00;;05/08/2026;29/09/2026;LAM;S;226,41
3FIT29PVC0086;*** FITA DE BORDO ARABICA - 29X1 MM (FORN: ITAPUA ESSENCIAL WOOD) - T;0,0;0,00;261,66;377,65;533,08;720,00;449,30;(0,00);180,00;1.527,32;-807,32;-627,32(-1.004,97);30;1,74;1.252,08;7,10;450,00;450,00;;20/07/2026;29/09/2026;LAM;S;241,44
3FIT29PVC0087;FITA DE BORDO AMARANTO - 29X1 MM (FORN: TEKA SOHO THERA) - T;0,0;477,61;430,66;562,17;353,10;1.650,00;427,18;(0,00);300,00;444,23;1.205,77;1.505,77(943,61);30;1,83;3.012,90;16,34;450,00;450,00;;20/07/2026;29/09/2026;LAM;S;411,95
3FIT29PVC0088;FITA DE BORDO AVELA - 29X1 MM (FORN: NOGUEIRA ASTI ESSENCIAL WOOK) - T;0,0;108,20;598,10;900,06;936,98;1.350,00;1.003,53;(0,00);300,00;2.310,00;-960,00;-660,00(-1.560,06);30;1,85;2.492,10;17,85;450,00;450,00;;15/07/2026;29/09/2026;LAM;S;1.567,06
3FIT29PVC0089;*** FITA DE BORDO CERAMICA - 29X1 MM (FORN: BLUSH ESSENCIAL) - T;0,0;52,00;13,38;0,00;60,38;600,00;174,24;(0,00);0,00;31,31;568,70;568,70(568,70);30;1,74;1.045,20;0,73;450,00;450,00;;19/06/2026;24/09/2026;LAM;S;17,14
3FIT29PVC0090;*** FITA DE BORDO OCEANO - 29X1 MM (FORN: AZUL PROFUNDO ESSENCIAL) - T;0,0;0,00;20,21;1,17;43,13;600,00;235,50;(0,00);0,00;61,59;538,41;538,41(537,24);30;1,74;1.045,20;0,24;450,00;450,00;;11/06/2026;28/09/2026;LAM;S;61,59
3FIT29PVC0093;FITA DE BORDO LINHACA - 29X1 MM (FORN: ARTEZZANO GRANN) - T;0,0;9,90;50,46;89,29;36,57;750,00;416,26;(0,00);0,00;71,48;678,52;678,52(589,23);30;1,74;1.304,25;1,66;450,00;450,00;;01/07/2026;02/09/2026;LAM;S;59,08
3FIT29PVC0094;FITA DE BORDO PORCELANA - 29X1 MM (FORN: OFF WHITE ESSENCIAL) - T;0,0;1.064,23;2.861,59;2.552,74;2.591,75;2.394,00;2.695,07;(0,00);2.700,00;7.508,00;-5.114,00;-2.414,00(-4.966,74);30;1,74;4.175,14;71,98;450,00;450,00;;15/09/2026;29/09/2026;LAM;S;5.304,60
3FIT29PVC0096;***FITA DE BORDO FLORESTA - 29X1 MM (FORN: VERDE FLORESTA ESSENCIAL) - T;0,0;0,00;0,00;0,00;0,00;0,00;0,00;(0,00);450,00;16,25;-16,25;433,75(433,75);30;0,00;0,00;0,00;450,00;450,00;;01/01/1900;01/01/1900;LAM;S;1,24
3FIT29PVCCARVB;#FITA DE BORDO CARVALHO BERLIN - 29X1 MM (FORN: );0,0;0,00;0,00;0,00;0,00;0,00;0,00;(0,00);0,00;264,39;-264,39;-264,39(-264,39);30;0,00;0,00;0,00;600,00;600,00;;01/01/1900;01/01/1900;LAM;S;33,00
3FIT35PVC0029;FITA DE BORDO CHUMBO - 35 X 0,45 MM - FORN: EBANO MONET PRISMA - T;900,3050000000001;0,68;1,81;3,24;601,18;900,00;0,32;(713,00);0,00;0,61;899,39;899,39(896,16);30;1,70;1.528,20;0,06;1.500,00;1.500,00;CODIGO ANTIGO 3FIT35PVCPC;11/06/2026;25/09/2026;LAM;S;0,61
3FIT35PVCMINT;#***FITA DE BORDO MINT - 35X0,45 MM - JR;0,0;0,00;0,00;0,00;0,00;80,00;140,00;(0,00);0,00;148,32;-68,32;-68,32(-68,32);30;0,00;0,00;0,00;600,00;600,00;;29/09/2026;01/01/1900;LAM;S;148,32
3FIT53PVC0001;!FITA DE BORDA PAINT FLAT 5443/439 BRANCO 56X1,00 MM;0,0;32,68;115,85;158,18;34,68;0,00;410,32;(856,00);0,00;107,32;-107,32;-107,32(-265,50);30;4,08;0,00;3,41;150,00;150,00;CODIGO ANTIGO 3FIT53PVCLI E 3FIT53PVC0002;08/07/2026;29/09/2026;LAM;S;98,67
3FIT53PVC0017;FITA DE BORDO FRASSINO ALMENDRA - 56X1 MM - T;9,27;42,39;111,63;14,23;15,32;0,00;385,66;(211,00);0,00;157,57;-157,57;-157,57(-171,81);30;3,64;0,00;1,87;150,00;150,00;;15/08/2025;29/09/2026;LAM;S;30,91
3FIT53PVC0031;FITA DE BORDO BRANCO TX - 56X1 MM - T;614,093;187,39;148,86;74,67;81,18;1.059,00;308,21;(150,00);0,00;240,71;818,29;818,29(743,62);30;2,30;2.432,52;4,57;150,00;150,00;;30/06/2026;29/09/2026;LAM;S;163,71
3FIT53PVC0043;!FITA DE BORDO FREIJO - 56X1 MM (FORN: LOURO FREIJO) - T;294,42;342,69;1.380,20;53,32;26,53;750,00;689,03;(0,00);0,00;594,86;155,14;155,14(101,82);30;4,17;3.129,74;19,74;600,00;600,00;;01/07/2026;29/09/2026;LAM;S;572,98
3FIT53PVC0057;FITA DE BORDO DARK - 56X1 MM (FORN: PRETO DESIGN) - T;0,448;11,87;56,67;76,25;6,77;150,00;132,94;(0,00);0,00;55,83;94,18;94,18(17,93);30;3,64;546,00;1,61;150,00;150,00;;03/07/2025;02/09/2026;LAM;S;44,65
3FIT53PVC0059;FITA DE BORDO SEPIA - 56X1 MM (FORN: NOGUEIRA THAR);8,852;41,20;59,13;47,30;99,69;0,00;389,33;(0,00);0,00;84,38;-84,38;-84,38(-131,68);30;3,64;0,00;1,64;150,00;150,00;;30/04/2026;29/09/2026;LAM;S;71,84
3FIT53PVC0060;FITA DE BORDO DAKAR - 56X1 MM (FORN: PEROLA URBANA) - T;316,361;42,75;35,20;35,36;74,05;0,00;313,27;(0,00);150,00;200,04;-200,04;-50,04(-85,40);30;3,99;0,00;1,26;150,00;150,00;;26/06/2026;29/09/2026;LAM;S;128,48
3FIT53PVC0064;FITA DE BORDO JACARANDA - 56X1 MM (FORN: CACAU GRANN) - T;478,847;89,21;126,33;149,83;313,26;354,00;263,65;(0,00);32,00;453,48;-99,48;-67,48(-217,31);30;4,02;1.424,50;4,06;150,00;150,00;;21/09/2026;25/09/2026;LAM;S;302,50
3FIT53PVC0065;FITA DE BORDO OAK - 56X1 MM (FORN: CARVALHO MALVA) - T;6,359;25,64;19,60;137,02;89,90;444,00;187,49;(0,00);0,00;132,74;311,27;311,27(174,25);30;3,96;1.758,68;2,03;150,00;150,00;;11/06/2026;29/09/2026;LAM;S;79,26
3FIT53PVC0066;FITA DE BORDO STEEL - 56X1 MM (FORN: METALIC SUEDE) - T;157,837;51,54;131,63;93,75;42,72;150,00;199,17;(0,00);0,00;107,28;42,72;42,72(-51,02);30;4,06;608,70;3,08;150,00;150,00;;08/07/2026;29/09/2026;LAM;S;60,91
3FIT53PVC0068;*** FITA DE BORDO AZUL SECRETO - 56X1 MM (FORN: AZUL SECRETO ESSENCIAL) - T;0,0;0,00;0,00;0,00;2,75;0,00;147,25;(0,00);0,00;1,94;-1,94;-1,94(-1,94);30;3,64;0,00;0,00;150,00;150,00;;27/06/2025;29/09/2026;LAM;S;1,94
3FIT53PVC0069;FITA DE BORDO ASPARGO - 56X1 MM (FORN: VERTI MICRO) - T;146,736;7,92;7,92;41,82;17,42;150,00;613,42;(0,00);0,00;23,16;126,84;126,84(85,02);30;3,72;557,55;0,64;150,00;150,00;;09/07/2026;29/09/2026;LAM;S;10,74
3FIT53PVC0070;FITA DE BORDO CARBONO MICRO MATT - 56X1 MM (FORN: CHUMBO MATT) - T;158,83100000000002;14,47;7,89;145,35;93,85;146,00;160,46;(0,00);0,00;16,46;129,54;129,54(-15,80);30;4,01;584,73;1,86;150,00;150,00;;27/05/2026;28/09/2026;LAM;S;12,14
3FIT53PVC0071;FITA DE BORDO CENTEIO - 56X1 MM (FORN: BAURU);0,512;29,80;3,30;28,63;7,72;0,00;178,18;(0,00);0,00;26,43;-26,43;-26,43(-55,05);30;3,64;0,00;0,69;150,00;150,00;;06/05/2026;29/09/2026;LAM;S;26,43
3FIT53PVC0072;FITA DE BORDO COALA - 56X1 MM (FORN: OPERA) - T;2,704;58,79;64,02;46,78;33,54;0,00;200,35;(0,00);0,00;40,10;-40,10;-40,10(-86,87);30;3,11;0,00;1,88;150,00;150,00;;20/03/2026;29/09/2026;LAM;S;18,74
3FIT53PVC0073;FITA DE BORDO MALTE - 56X1 MM (FORN: TAUPE) - T;0,0;13,46;1,23;22,55;0,00;0,00;387,81;(0,00);0,00;32,20;-32,20;-32,20(-54,74);30;3,11;0,00;0,41;150,00;150,00;;11/12/2025;24/08/2026;LAM;S;32,20
3FIT53PVC0074;FITA DE BORDO CONCRETO - 56X1 MM                                                                                        (FORN: GIANDUIA VELUTTO 6726.ST /FLAT TOP COLOR ) – T;0,969;118,52;11,33;36,62;38,21;282,00;386,62;(0,00);0,00;35,36;246,64;246,64(210,01);30;3,39;954,85;1,85;150,00;150,00;;27/05/2026;29/09/2026;LAM;S;35,36
3FIT53PVC0077;FITA DE BORDO ROSA CHA - 56X1 MM (FORN: ROSA INFINITO) - T;6,018;168,41;13,35;26,14;0,00;0,00;223,62;(0,00);0,00;26,79;-26,79;-26,79(-52,93);30;4,13;0,00;2,31;150,00;150,00;;08/07/2026;27/08/2026;LAM;S;26,79
3FIT53PVC0079;FITA DE BORDO QUINOA - 56X1 MM (FORN: NUDE MICRO) - T;519,088;286,85;195,21;397,77;126,65;150,00;459,35;(0,00);0,00;220,84;-70,84;-70,84(-468,61);30;3,60;539,55;9,78;150,00;150,00;;17/06/2026;29/09/2026;LAM;S;132,67
3FIT53PVC0080;FITA DE BORDO CINZA COBALTO MICRO - 56X1 MM - T;9,343;43,60;102,15;47,31;11,04;0,00;207,76;(0,00);0,00;45,10;-45,10;-45,10(-92,41);30;3,40;0,00;2,15;150,00;150,00;;26/06/2026;25/09/2026;LAM;S;45,10
3FIT53PVC0086;FITA DE BORDO ARABICA - 56X1 MM (FORN: ITAPUA ESSENCIAL WOOD) - T;0,0;1,23;44,92;126,16;149,67;135,00;413,26;(0,00);0,00;142,59;-7,59;-7,59(-133,75);30;4,31;581,85;1,91;150,00;150,00;;20/07/2026;29/09/2026;LAM;S;53,45
3FIT53PVC0087;FITA DE BORDO AMARANTO - 56X1 MM (FORN: TEKA SOHO THERA) - T;0,0;16,98;109,25;166,05;86,13;0,00;371,68;(0,00);150,00;352,66;-352,66;-202,66(-368,70);30;4,77;0,00;3,25;150,00;150,00;;21/09/2026;29/09/2026;LAM;S;346,53
3FIT53PVC0088;FITA DE BORDO AVELA - 56X1 MM (FORN: NOGUEIRA ASTI ESSENCIAL WOOK) - T;0,0;175,41;356,94;601,75;250,29;0,00;623,26;(0,00);605,00;873,31;-873,31;-268,31(-870,07);30;4,61;0,00;12,60;150,00;150,00;;15/09/2026;29/09/2026;LAM;S;639,73
3FIT53PVC0089;*** FITA DE BORDO CERAMICA - 56X1 MM (FORN: BLUSH ESSENCIAL) - T;0,0;0,00;0,00;0,00;179,98;0,00;120,03;(0,00);150,00;4,82;-4,82;145,18(145,18);30;3,61;0,00;0,00;150,00;150,00;;19/06/2026;29/09/2026;LAM;S;4,82
3FIT53PVC0093;*** FITA DE BORDO LINHACA - 56X1 MM (FORN: ARTEZZANO GRANN) - T;0,0;0,00;6,15;5,63;2,39;0,00;135,84;(0,00);0,00;7,85;-7,85;-7,85(-13,48);30;4,50;0,00;0,13;150,00;150,00;;15/07/2026;28/09/2026;LAM;S;7,85
3FIT53PVC0094;FITA DE BORDO PORCELANA - 56X1 MM (FORN: OFF WHITE ESSENCIAL) - T;0,0;521,07;110,75;88,95;87,95;150,00;338,29;(0,00);150,00;229,29;-79,29;70,71(-18,24);30;4,21;630,75;8,01;150,00;150,00;;15/07/2026;29/09/2026;LAM;S;175,14
3FIT53PVC0096;***FITA DE BORDO FLORESTA - 56X1 MM (FORN: VERDE FLORESTA ESSENCIAL) - T;0,0;0,00;0,00;0,00;11,00;0,00;139,00;(0,00);0,00;4,05;-4,05;-4,05(-4,05);30;0,00;0,00;0,00;150,00;150,00;;10/09/2026;17/09/2026;LAM;S;4,05
3FIT53PVCCARVB;#FITA DE BORDO CARVALHO BERLIN - 53X1 MM (FORN: );0,0;0,00;0,00;0,00;0,00;0,00;0,00;(0,00);0,00;57,74;-57,74;-57,74(-57,74);30;0,00;0,00;0,00;600,00;600,00;;01/01/1900;01/01/1900;LAM;S;9,86
3FIT53PVCCORT;#***FITA DE BORDO CORTEN METALLIC - 56X0.45 MM (FORN: CORTEN METALLIC) -  JR;0,0;0,00;0,00;0,00;12,04;0,00;187,96;(0,00);0,00;127,96;-127,96;-127,96(-127,96);30;4,31;0,00;0,00;150,00;150,00;;28/08/2026;29/09/2026;LAM;S;127,96
3RIPA10MM0017;RIPADO MDP BP 9X18X2750 - FRASSINO ALMENDRA - (FORN: FRASSINO ALMENDRA);10,315;51,37;182,79;4,68;187,05;174,72;35,56;(0,00);0,00;13,60;161,12;161,12(156,44);20;4,76;830,97;2,65;150,15;150,15;;16/01/2026;24/09/2026;LAM;S;13,60
3RIPA10MM0043;RIPADO MDP BP 9X18X2750 - FREIJO - (FORN: LOURO FREIJO);0,0;54,75;0,00;124,19;5,58;1.547,91;16,02;(0,00);0,00;73,56;1.474,35;1.474,35(1.350,17);20;4,79;7.419,13;1,99;150,15;150,15;;03/08/2026;29/09/2026;LAM;S;31,45
3RIPA10MM0060;RIPADO MDP BP 9X18X2750 - DAKAR - (FORN: PEROLA URBANA );151,049;94,64;69,12;64,34;367,84;245,70;30,20;(0,00);0,00;19,28;226,43;226,43(162,09);20;5,10;1.253,56;2,53;150,15;150,15;;24/07/2026;28/09/2026;LAM;S;19,28
3RIPA10MM0064;RIPADO MDP BP 9X18X2750 - JACARANDA - (FORN: CACAU GRANN );23,233;139,44;257,44;277,64;311,64;65,52;182,26;(0,00);450,45;467,12;-401,60;48,85(-228,79);20;5,03;329,30;7,49;150,15;150,15;;17/09/2026;29/09/2026;LAM;S;359,14
3RIPA10MM0065;RIPADO MDP BP 9X18X2750 - OAK - (FORN: CARVALHO MALVA );56,343;131,28;12,02;208,58;151,03;218,40;88,12;(0,00);0,00;35,97;182,43;182,43(-26,15);20;4,88;1.065,36;3,91;150,15;150,15;;21/09/2026;24/09/2026;LAM;S;35,97
3RIPA10MM0066;RIPADO MDP BP 9X18X2750 - STEEL - (FORN: METALIC SUEDE );0,0;0,00;52,96;28,01;44,69;300,30;35,31;(0,00);0,00;40,33;259,97;259,97(231,96);20;5,07;1.523,72;0,90;150,15;150,15;;24/07/2026;29/09/2026;LAM;S;13,05
3RIPA10MM0070;RIPADO MDP BP 9X18X2750 - CARBONO MICRO - (FORN: CHUMBO );10,128;0,00;228,14;103,68;0,68;150,15;38,70;(0,00);0,00;44,92;105,23;105,23(1,55);20;5,05;758,56;3,69;150,15;150,15;;24/07/2026;01/09/2026;LAM;S;41,07
3RIPA10MM0072;RIPADO MDP BP 9X18X2750 - COALA - (FORN: OPERA );0,0;0,00;0,00;100,25;154,92;81,90;150,98;(0,00);150,15;202,07;-120,17;29,98(-70,26);20;4,95;405,49;1,11;150,15;150,15;;17/09/2026;29/09/2026;LAM;S;90,53
3RIPA10MM0077;*** RIPADO MDP BP 9X18X2750 - ROSA CHA - (FORN: ROSA INFINITO );0,0;0,00;0,00;0,00;614,48;149,15;5,09;(0,00);300,30;72,89;76,26;376,56(376,56);20;4,85;723,38;0,00;150,15;150,15;;21/09/2026;29/09/2026;LAM;S;72,89
3RIPA10MM0079;RIPADO MDP BP 9X18X2750 - QUINOA MICRO - (FORN: NUDE MATT );6,244;350,28;215,15;453,76;149,83;313,95;301,27;(0,00);300,30;533,41;-219,46;80,84(-372,92);20;5,58;1.753,10;11,32;150,15;150,15;;17/09/2026;29/09/2026;LAM;S;351,59
3RIPA10MM0086;RIPADO MDP BP 9X18X2750 - ARABICA - (FORN: ITAPUA ESSENCIAL WOOD );85,28;319,23;254,83;96,34;594,60;1.318,59;83,66;(0,00);0,00;199,21;1.119,38;1.119,38(1.023,05);20;5,09;6.708,99;7,45;150,15;150,15;;21/09/2026;29/09/2026;LAM;S;67,36
3RIPA10MM0087;RIPADO MDP BP 9X18X2750 - AMARANTO - (FORN: TEKA SOHO THERA );1,601;145,30;249,36;320,03;202,14;0,00;314,16;(0,00);300,30;352,81;-352,81;-52,51(-372,55);20;5,10;0,00;7,94;150,15;150,15;;21/09/2026;29/09/2026;LAM;S;352,81
3RIPA10MM0088;RIPADO MDP BP 9X18X2750 - AVELA - (FORN: NOGUEIRA ASTI ESSENCIAL WOOK );238,908;675,81;2.531,20;1.683,33;1.269,63;1.992,90;283,21;(0,00);600,60;1.667,64;325,26;925,86(-757,47);20;5,13;10.215,61;54,34;150,15;150,15;;21/09/2026;29/09/2026;LAM;S;522,05
3RIPA10MM0094;RIPADO MDP BP 9X18X2750 - PORCELANA - (FORN: OFF WHITE ESSENCIAL);155,607;248,66;48,92;163,01;43,02;215,67;578,89;(0,00);450,45;932,80;-717,13;-266,68(-429,69);20;5,03;1.084,60;5,12;150,15;150,15;;21/09/2026;28/09/2026;LAM;S;895,75
2EIXOCADAIORD;EIXO CARRINHO DECORATIVO AIO - ROLAMENTO DUPLO - (UNITARIO);25,0;12,00;22,00;20,00;22,00;96,00;6,00;(39,00);0,00;12,00;84,00;84,00(64,00);20;50,96;4.891,78;0,60;100,00;1,00;;24/08/2026;22/09/2026;FER;S;12,00
3ANTIRESP01;ANTI RESPINGO;12,0;12,00;36,00;24,00;24,00;12,00;0,00;(24,00);0,00;1,55;10,46;10,46(-13,55);10;27,96;335,48;0,80;12,00;12,00;;03/09/2026;29/09/2026;FER;N;1,55
3ARA0000001;!ARAME MIG 08 P/ FERRO;540,0;615,00;615,00;630,00;630,00;510,00;0,00;(615,00);165,00;628,75;-118,75;46,25(-583,75);15;9,36;4.771,56;20,67;15,00;15,00;;25/09/2026;28/09/2026;FER;N;506,10
3ARA0000002;!ARAME REVESTIDO - AMARRADOR DE MOLAS ZIG ZIG;24,0;36,00;22,80;0,00;35,20;84,00;0,00;(80,00);0,00;83,71;0,29;0,29(0,29);22;37,73;3.169,49;0,65;11,80;11,80;;27/07/2026;28/09/2026;FER;N;58,86
3ARAALUM001;!ARAME MIG PARA SOLDA DE ALUMINIO BITOLA 1,0MM ( BOBINA 6,5KG );0,0;6,50;13,00;0,00;13,00;19,50;0,00;(2,00);0,00;3,10;16,40;16,40(16,40);18;84,04;1.638,74;0,22;6,50;6,50;;29/09/2026;25/09/2026;FER;N;3,10
3ARAINOX001;ARAME MIG 08 P/ INOX P/ SOLDA;0,0;0,00;0,00;0,00;0,00;25,00;0,00;(15,00);0,00;1,32;23,68;23,68(23,68);20;74,72;1.867,88;0,00;15,00;15,00;ITEM DE BAIXO CONSUMO;22/09/2021;14/06/2023;FER;N;1,32
3BAR00011/4;BARRA CHATA 1.1/4X1/4 - FERRO  (1 BARRA = 6M);140,508;135,70;96,22;76,15;159,84;0,00;46,04;(78,00);72,00;73,16;-73,16;-1,16(-77,31);10;11,28;0,00;3,42;6,00;6,00;;17/09/2026;29/09/2026;FER;S;66,16
3BAR0003/16;BARRA MACICA REDONDA 3/16 INOX 304 POLIDO;30,43;23,23;26,39;25,00;36,17;114,00;10,65;(20,00);0,00;5,90;108,10;108,10(83,10);20;3,18;362,18;0,83;30,00;6,00;;24/08/2026;25/09/2026;FER;S;5,90
3BAR001/1/8;BARRA CHATA 1X1/8 INOX 304 ESCOVADO;2,16;2,10;5,80;5,40;1,50;18,20;9,78;(6,00);0,00;0,90;17,30;17,30(11,90);20;12,25;222,91;0,15;5,80;5,80;;24/08/2026;21/09/2026;FER;S;0,90
3BAR001/4AL;BARRA REDONDA MACICA 1/4 DE ALUMINIO;7,0;107,54;35,00;41,54;0,00;126,00;28,77;(330,00);0,00;26,17;99,83;99,83(58,29);20;2,80;352,80;2,05;18,00;6,00;;24/07/2026;25/08/2026;FER;S;26,17
3BAR005/8AL;BARRA REDONDA MACICA 5/8 DE ALUMINIO;85,47;147,69;185,06;221,78;84,25;120,00;25,53;(330,00);48,00;9,78;110,22;158,22(-63,56);12;15,84;1.901,16;6,16;18,00;6,00;;03/08/2026;11/09/2026;FER;S;9,78
3BAR010Q3/8;!BARRA MACICA QUADRADA 10X10 - 3/8 - FERRO;300,524;465,70;346,68;374,88;325,36;24,00;447,17;(1,00);276,00;455,53;-431,53;-155,53(-530,40);10;4,90;117,58;13,19;6,00;6,00;;27/08/2026;29/09/2026;FER;S;455,53
3BAR11/2X1/2F;BARRA CHATA 1.1/2 X 1/2 FERRO;2,08;5,52;4,98;4,65;1,55;12,00;4,92;(87,00);0,00;4,05;7,95;7,95(3,30);10;28,09;337,06;0,17;6,00;6,00;;04/05/2026;28/09/2026;FER;S;4,05
3BAR11/2X1/4;BARRA CHATA 1.1/2 X 1/4 ACO CARBONO;74,1;52,90;70,70;89,70;66,40;0,00;56,90;(6,00);36,00;60,10;-60,10;-24,10(-113,80);10;13,99;0,00;2,37;6,00;6,00;;10/09/2026;25/09/2026;FER;S;60,10
3BAR11/4X14;!BARRA CHATA 1.1/4X1/4 ALUMINIO;25,740000000000002;18,64;64,73;90,03;12,76;42,00;5,98;(24,00);0,00;2,86;39,14;39,14(-50,89);20;16,93;710,89;1,93;6,00;6,00;;08/09/2026;23/09/2026;FER;S;2,86
3BAR158X1/4;BARRA CHATA 1.5/8 X 1/4 INOX 304;11,5;18,20;28,90;10,80;15,10;64,50;13,64;(6,00);0,00;21,40;43,10;43,10(32,30);15;33,95;2.190,03;0,64;5,80;5,80;;24/08/2026;28/09/2026;FER;S;21,40
3BAR5/8X1/8;BARRA CHATA 5/8 X 1/8 FERRO;50,66;110,78;42,49;36,11;60,54;72,00;25,74;(96,00);0,00;17,01;54,99;54,99(18,88);10;3,55;255,24;2,10;6,00;6,00;;31/07/2026;25/09/2026;FER;S;17,01
3BARAL1X1/4;!BARRA CHATA 1X1/4 ALUMINIO;50,689;125,35;119,40;161,88;901,22;282,00;61,10;(168,00);174,00;66,76;215,24;389,24(227,36);12;13,41;3.781,34;4,52;6,00;6,00;;08/09/2026;28/09/2026;FER;S;56,76
3BARAL1X1/8;!BARRA CHATA 1 X 1/8 ALUMINIO;18,27;165,39;64,27;129,06;7,82;138,00;92,46;(264,00);0,00;116,40;21,61;21,61(-107,46);12;6,41;884,86;3,99;6,00;6,00;;21/04/2026;21/09/2026;FER;S;87,90
3BARALOB38X16;*** PERFIL ALUMINIO OBLONGO 6063 T5 – 38 X 16 ALU -140;0,0;0,00;24,12;0,08;12,05;60,00;11,75;(0,00);0,00;0,09;59,91;59,91(59,83);30;15,30;917,88;0,27;6,00;0,00;;23/06/2026;24/09/2026;FER;S;0,09
3BARALUM7/8;!BARRA MACICA REDONDA 7/8 ALUMINIO;0,8;10,36;2,11;0,39;0,49;12,00;9,28;(6,00);0,00;2,39;9,61;9,61(9,22);12;33,01;396,14;0,14;6,00;6,00;;24/07/2026;21/09/2026;FER;S;2,39
3BARALUQ1/2;BARRA QUADRADA MACICA ALUMINIO 1/2 (12,7MM);5,5;32,09;25,10;20,75;1,35;42,00;3,87;(1,00);0,00;0,65;41,35;41,35(20,60);20;14,16;594,85;0,87;6,00;6,00;;24/07/2026;24/09/2026;FER;S;0,65
3BARELET3/4;!BARRA ELETRODUTO 3/4 - (3 MTS) (TIGRE);2,0;0,00;2,00;4,00;3,00;4,00;1,88;(1,00);0,00;1,72;2,28;2,28(-1,72);15;26,29;105,17;0,07;1,00;1,00;COMPRAR SOMENTE NA EMPRESA 58. CONFORME DEMANDA;20/05/2026;11/09/2026;FER;N;1,70
3BARRAROS12;BARRA ROSQUEADA DE 1/2 FERRO;1,86;1,95;1,66;1,37;2,06;6,00;0,69;(25,00);0,00;0,21;5,79;5,79(4,42);35;12,05;72,27;0,06;5,00;1,00;;04/09/2026;29/09/2026;FER;S;0,21
3BARRDLT1/2;BARRA REDONDA MACICA 1/2 LATAO - BARRA 3M;1,44;0,38;0,58;4,36;2,78;0,00;4,00;(6,00);6,00;1,16;-1,16;4,84(0,48);15;90,80;0,00;0,06;6,00;6,00;;19/12/2025;28/09/2026;FER;S;1,16
3BARRDLT3/8;BARRA REDONDA MACICA 3/8 LATAO - BARRA 3M;8,44;2,44;0,00;0,23;29,28;0,00;10,78;(24,00);12,00;0,23;-0,23;11,78(11,55);12;58,50;0,00;0,03;6,00;6,00;;10/06/2026;08/09/2026;FER;S;0,23
3BARREDO1/2;BARRA REDONDA MACICA 1/2 INOX 304 POLIDO;113,85;61,73;51,34;127,25;73,45;0,00;193,95;(84,00);60,00;138,60;-138,60;-78,60(-205,85);15;19,59;0,00;2,67;6,00;6,00;;24/08/2026;29/09/2026;FER;S;138,60
3BARROS01/4;BARRA ROSQUEADA DE 1/4 FERRO;1,2;0,00;2,40;1,60;2,80;3,00;3,00;(0,00);0,00;3,20;-0,20;-0,20(-1,80);15;9,71;29,13;0,04;1,00;1,00;;30/04/2026;24/09/2026;FER;S;3,00
3BARROSO3/8;BARRA ROSQUEADA DE 3/8 FERRO;4,05;8,79;5,68;4,14;7,06;29,00;1,00;(2,00);0,00;0,15;28,85;28,85(24,71);10;5,95;172,61;0,21;2,00;1,00;;13/03/2026;28/09/2026;FER;S;0,15
3BARROSO516;BARRA ROSQUEADA DE 5/16 FERRO;5,8;0,25;9,25;7,50;3,50;3,00;7,25;(1,00);6,00;7,00;-4,00;2,00(-5,50);10;7,88;23,64;0,19;1,00;0,00;;13/03/2026;22/09/2026;FER;S;7,00
3CANT11/2X1;CANTONEIRA DE ABAS DESIGUAIS 1.1/2X1X1/8 ESPESSURA ALUMINIO (6 MT);0,86;3,92;11,03;39,72;84,47;6,00;12,00;(66,00);0,00;0,60;5,40;5,40(-34,32);12;15,38;92,29;0,61;6,00;6,00;;28/09/2026;28/09/2026;FER;S;0,60
3CEB0000001;SEBO ESPECIAL AMARELO;0,0;2,60;0,00;0,00;8,70;21,50;0,00;(13,00);0,00;4,30;17,21;17,21(17,21);60;23,28;500,61;0,03;11,00;6,50;;01/07/2026;02/09/2026;FER;N;3,60
3CHAPALT1/8;BARRA CHATA 3 X 1/8 - LATAO;0,82;3,73;0,97;1,64;2,46;0,00;5,41;(8,00);4,00;3,84;-3,84;0,16(-1,48);15;254,55;0,00;0,07;4,00;4,00;;30/07/2026;17/09/2026;FER;S;3,84
3DIS0000034;!DISCO DE CORTE 10 X 1/8 X 3/4 - 2 TELA - ALCAR;50,0;0,00;100,00;100,00;100,00;350,00;0,00;(24,00);0,00;161,92;188,08;188,08(88,08);60;14,85;5.198,20;2,22;100,00;50,00;;17/09/2026;28/09/2026;FER;N;149,75
3DIS0000040;!DISCO FLAP 4.1/2 GR40 WELD FL;580,0;390,00;538,00;950,00;513,00;1.125,00;0,00;(277,00);0,00;270,54;854,46;854,46(-95,54);34;9,73;10.948,50;20,87;150,00;1,00;;29/09/2026;29/09/2026;FER;N;254,58
3DIS000INO4;DISCO DE CORTE INOX 4 X 1/2 PREMIUM                                                                                     PREMIER;290,0;75,00;475,00;335,00;275,00;665,00;0,00;(13,00);150,00;399,15;265,85;415,85(80,85);60;6,41;4.259,33;9,83;50,00;50,00;;17/09/2026;23/09/2026;FER;N;287,30
3ESTOPA0001;ESTOPA - PACOTE 1KG;2,0;0,00;7,00;5,00;0,00;6,00;0,00;(12,00);0,00;0,35;5,65;5,65(0,65);12;15,66;93,98;0,13;10,00;1,00;;23/07/2026;26/08/2026;FER;N;0,35
3FER0000001;!CANTONEIRA 1.1/2X1/8 FERRO;173,56;253,20;219,54;152,80;199,70;42,00;49,48;(132,00);96,00;70,06;-28,06;67,94(-84,86);10;12,41;521,39;6,95;6,00;6,00;;17/09/2026;29/09/2026;FER;S;65,40
3FER00000012;CHAPA DE FERRO 1,2 DE ESPESSURA 1200X3000;28,821;6,37;72,24;0,54;28,98;0,00;0,00;(0,00);70,00;5,27;-5,27;64,73(64,19);15;7,31;0,00;0,88;35,00;35,00;;25/05/2026;28/09/2026;FER;S;5,27
3FER0000002;CANTONEIRA  1.1/4X1/8 FERRO;8,5;3,90;7,74;9,41;10,51;0,00;7,53;(18,00);12,00;7,41;-7,41;4,59(-4,83);10;10,01;0,00;0,23;6,00;6,00;;17/06/2026;28/09/2026;FER;S;6,71
3FER0000003;!BARRA CHATA 1X1/8 FERRO;50,42;71,84;53,16;60,15;123,49;0,00;24,81;(180,00);72,00;29,84;-29,84;42,17(-17,99);10;4,07;0,00;2,06;6,00;6,00;;21/05/2026;29/09/2026;FER;S;28,16
3FER0000004;BARRA CHATA 2 X 1/8 FERRO;57,585;47,50;28,08;64,99;1,08;24,00;37,74;(6,00);48,00;32,89;-8,89;39,12(-25,88);10;10,56;253,44;1,56;6,00;6,00;;22/05/2026;25/09/2026;FER;S;32,48
3FER0000005;BARRA CHATA 3/4X1/4 FERRO;152,24;144,81;168,49;114,11;264,33;48,00;15,31;(60,00);90,00;26,22;21,78;111,78(-2,33);10;6,88;330,00;4,75;6,00;6,00;;24/09/2026;29/09/2026;FER;S;21,34
3FER0000006;TUBO 3/4 CHAPA 18 FERRO;332,03000000000003;449,51;550,26;517,73;488,43;228,00;175,96;(144,00);0,00;201,27;26,73;26,73(-491,00);10;4,49;1.024,63;16,86;6,00;6,00;;17/09/2026;29/09/2026;FER;S;193,79
3FER0000007;!BARRA CHATA 1/2 X 1/8 FERRO;94,938;91,79;67,20;75,15;25,11;126,00;63,51;(36,00);0,00;49,13;76,87;76,87(1,73);10;2,66;335,29;2,60;6,00;6,00;;21/05/2026;29/09/2026;FER;S;49,00
3FER0000010;BARRA CHATA 1.1/4 X 1/8  FERRO;37,15;26,35;37,00;65,65;28,50;18,00;45,13;(4,00);48,00;57,50;-39,50;8,50(-57,15);10;6,09;109,60;1,43;6,00;6,00;;10/09/2026;29/09/2026;FER;S;55,05
3FER0000012;BARRA DE FERRO (TREFILADO) 1/2 1045;322,17;277,95;324,22;344,39;375,72;318,00;113,99;(132,00);0,00;207,69;110,32;110,32(-234,08);10;10,13;3.220,70;10,52;6,00;6,00;;22/09/2026;29/09/2026;FER;S;170,49
3FER0000020;!TUBO REDONDO 2POL CHAPA 2MM ACO CARBONO;16,178;19,10;26,19;37,30;17,34;24,00;18,99;(3,00);0,00;16,06;7,95;7,95(-29,36);15;17,30;415,08;0,92;6,00;6,00;;25/09/2026;29/09/2026;FER;S;15,91
3FER0000042;!FERRO REDONDO LISO 4.2 (BARRA COM 12 METROS);73,74;332,13;399,14;795,59;773,87;38,00;195,30;(4,00);418,00;274,11;-236,11;181,89(-613,70);15;0,89;33,93;16,97;12,00;12,00;;29/09/2026;29/09/2026;FER;S;264,61
3FER0000058;BARRA REDONDA MACICA DE 5/8 TREFILADO;78,005;66,74;114,70;100,59;63,58;12,00;69,98;(0,00);60,00;90,50;-78,50;-18,50(-119,09);10;11,41;136,90;3,13;6,00;6,00;;27/08/2026;25/09/2026;FER;S;88,95
3FER00001/2;BARRA REDONDA MACICA  1/2 FERRO (MECANICO);213,99;221,37;167,25;223,42;157,65;156,00;103,84;(0,00);0,00;106,36;49,64;49,64(-173,78);10;7,13;1.111,66;6,80;6,00;6,00;;24/09/2026;29/09/2026;FER;S;106,36
3FER00005/8;TUBO 5/8 CHAPA 18 FERRO;259,227;443,98;482,13;454,51;457,43;324,00;237,31;(6,00);0,00;336,88;-12,88;-12,88(-467,39);10;3,84;1.245,13;15,34;6,00;6,00;;25/09/2026;29/09/2026;FER;S;336,37
3FER0000T3/4;FERRO T 3/4 SERRALHEIRO - 6MT;0,0;1,50;4,65;2,25;1,80;36,00;3,00;(0,00);0,00;1,50;34,50;34,50(32,25);10;5,01;180,36;0,09;6,00;6,00;;09/12/2025;11/09/2026;FER;S;1,50
3FER0002X3/8;BARRA CHATA  2 X3/8 FERRO;44,425;44,93;56,05;45,95;50,55;6,00;58,23;(0,00);36,00;73,63;-67,63;-31,63(-77,58);15;27,87;167,24;1,63;6,00;0,00;;24/09/2026;28/09/2026;FER;S;65,90
3FER001X1/4;"!BARRA CHATA 1"" X 1/4 FERRO";103,104;107,17;129,16;125,95;60,92;72,00;40,12;(90,00);0,00;36,18;35,82;35,82(-90,13);10;9,08;653,83;4,03;6,00;6,00;;27/08/2026;29/09/2026;FER;S;36,18
3FER01X3/16;!BARRA CHATA 1 X 3/16 FERRO;236,42;297,57;279,76;419,13;249,96;84,00;122,69;(90,00);126,00;139,90;-55,90;70,10(-349,03);10;7,00;587,58;11,07;6,00;6,00;;10/09/2026;29/09/2026;FER;S;137,80
3FER02X1/4;BARRA CHATA 2X 1/4 FERRO;155,98;46,20;46,96;40,74;44,94;66,00;24,86;(140,00);0,00;42,86;23,15;23,15(-17,60);10;18,94;1.250,04;1,49;6,00;6,00;;24/09/2026;29/09/2026;FER;S;42,86
3FER02X3/16;BARRA CHATA 2X3/16 FERRO;54,24;34,66;27,94;28,78;28,78;30,00;23,98;(18,00);0,00;27,40;2,60;2,60(-26,18);10;13,84;415,20;1,02;6,00;6,00;;26/09/2025;29/09/2026;FER;S;23,20
3FER0RED3/4;BARRA MACICA REDONDA DE 3/4 FERRO;5,28;3,32;7,50;3,26;10,39;42,00;18,20;(5,00);0,00;14,14;27,86;27,86(24,60);10;18,42;773,68;0,16;6,00;6,00;;13/09/2022;25/09/2026;FER;S;12,54
3FER0RED3/8;!BARRA MACICA REDONDA DE 3/8 FERRO;608,83;422,46;497,51;441,07;333,46;363,00;104,37;(426,00);0,00;123,37;239,63;239,63(-201,44);10;4,09;1.484,31;15,12;6,00;6,00;;17/09/2026;29/09/2026;FER;S;102,27
3FER0RED7/8;BARRA MACICA REDONDA DE 7/8 FERRO;92,04;127,73;174,91;37,35;44,76;96,00;18,12;(5,00);0,00;27,80;68,20;68,20(30,86);10;21,85;2.097,89;3,78;6,00;6,00;;24/09/2026;28/09/2026;FER;S;26,10
3FER3/43/16;BARRA CHATA  3/4 X 3/16 FERRO;78,165;88,16;78,47;143,40;66,07;42,00;52,69;(180,00);84,00;40,53;1,47;85,47(-57,93);10;5,33;223,65;3,44;6,00;6,00;;13/08/2026;29/09/2026;FER;S;37,49
3FER3/4X1/8;!CANTONEIRA DE FERRO 3/4 X 1/8 FERRO;136,95;103,69;97,90;114,15;106,41;60,00;73,94;(24,00);114,00;105,62;-45,62;68,39(-45,77);10;5,61;336,84;3,51;6,00;6,00;;17/06/2026;25/09/2026;FER;S;98,84
3FER30X25FE;!PERFIL FERRO U 30X25X1,5X6000;37,35;96,43;123,15;198,68;99,58;156,00;14,42;(140,00);0,00;9,75;146,25;146,25(-52,43);10;9,19;1.433,80;4,65;18,00;6,00;;24/09/2026;25/09/2026;FER;S;9,75
3FERCANT1/8;!CANTONEIRA 1X1/8 FERRO;162,362;128,13;111,63;109,42;70,25;204,00;46,32;(66,00);0,00;47,60;156,41;156,41(46,99);10;7,70;1.570,19;3,88;6,00;6,00;;28/05/2026;28/09/2026;FER;S;47,48
3FERFQ001/4;CH FQ 1/4 (6,30MM) 1500 X 1200 50 KG/M2 - GERDAU;1576,305;1.665,93;602,27;2.095,86;1.261,15;1.860,53;0,00;(0,00);0,00;401,52;1.459,01;1.459,01(-636,85);10;8,53;15.866,58;48,49;279,00;93,00;;17/09/2026;25/09/2026;FER;S;401,52
3FERFQ003/16;CH FQ 3/16 (4,75MM) 1500 X 1200 38 KG/M2 - ( BIPARTIDA) - GERDAU;1490,357;2.043,53;724,34;1.554,75;1.754,71;1.488,53;0,00;(0,00);497,00;1.243,79;244,74;741,74(-813,01);10;8,52;12.677,84;48,03;355,00;71,00;;24/09/2026;29/09/2026;FER;S;1.243,79
3FERFQ01/8;!CH FQ 1/8 (3,00MM) 1500 X 1200 24 KG/M2 - GERDAU;1507,3300000000002;863,64;707,84;1.220,45;1.793,85;545,08;0,00;(0,00);336,00;251,20;293,88;629,88(-590,57);10;8,51;4.638,62;31,02;294,00;42,00;;17/09/2026;29/09/2026;FER;S;251,20
3FERRLI5/16;FERRO LISO REDONDO 5/16;265,92;153,30;520,52;633,76;107,55;348,00;38,67;(360,00);132,00;276,76;71,24;203,24(-430,52);10;3,28;1.141,09;14,53;6,00;6,00;;17/09/2026;29/09/2026;FER;S;141,76
3FERRLT3/16;BARRA MACICA REDONDA 3/16 - LATAO (BARRA COM 3 METROS);4,13;23,25;22,05;3,17;12,39;0,00;20,73;(36,00);12,00;18,91;-18,91;-6,91(-10,08);15;13,95;0,00;0,54;12,00;6,00;;30/07/2026;15/09/2026;FER;S;18,91
3FERRO001/4;BARRA MACICA REDONDA LISO 1/4 FERRO;434,995;292,07;762,65;393,75;251,42;372,00;164,48;(1.254,00);0,00;309,00;63,01;63,01(-330,74);10;2,06;765,58;16,09;6,00;6,00;;17/09/2026;29/09/2026;FER;S;225,12
3FERVERG012;BARRA DE VERGALHAO (NERVURADO) 1/2;99,27;104,81;100,96;90,62;96,72;108,00;17,74;(132,00);0,00;27,35;80,65;80,65(-9,97);10;6,10;658,37;3,29;12,00;12,00;;11/08/2026;28/09/2026;FER;S;27,00
3MAS0000162;MASSA PRATALUX UMIDA - 4370 ( BRANCA);0,0;0,00;14,00;0,00;0,00;51,40;0,00;(150,00);0,00;2,67;48,73;48,73(48,73);60;21,12;1.085,31;0,16;50,00;25,00;;01/07/2026;01/07/2026;FER;N;2,67
3MET0020X20;!METALON 20X20X18 FERRO;445,74;619,20;651,99;936,63;469,88;318,00;319,47;(366,00);180,00;372,54;-54,54;125,47(-811,17);10;5,90;1.874,93;24,53;6,00;6,00;;24/09/2026;29/09/2026;FER;S;336,30
3MET0020X40;!METALON 20X40X18 (CHAPA 18) FERRO;1599,089;2.550,87;2.701,00;2.261,85;2.644,89;612,00;1.410,52;(816,00);612,00;1.987,09;-1.375,09;-763,09(-3.024,93);10;8,91;5.449,86;83,49;6,00;6,00;;24/09/2026;29/09/2026;FER;S;1.583,18
3MET15X1508;!METALON PERFIL QUADRADO GALVANIZADO 15X15X0,8X6000;3577,064;5.065,29;3.470,97;3.248,13;1.724,77;5.821,00;199,28;(25.200,00);0,00;1.932,60;3.888,40;3.888,40(640,27);60;6,50;37.848,14;130,94;5.000,00;1.000,00;CRT . .;31/08/2026;29/09/2026;FER;S;1.484,34
3MET15X1518;METALON 15X15X18 FERRO;394,606;636,94;699,00;1.054,10;472,40;228,00;246,06;(42,00);234,00;369,60;-141,60;92,40(-961,70);10;4,50;1.026,91;26,56;6,00;6,00;;17/09/2026;29/09/2026;FER;S;366,14
3MET20X2008;!METALON PERFIL QUADRADO GALVANIZADO 20X20X0,8X6000;12296,137;18.004,03;25.400,86;18.963,73;19.814,11;30.644,00;11.065,39;(17.010,00);12.000,00;29.518,33;1.125,67;13.125,67(-5.838,05);60;6,46;197.960,24;692,98;4.000,00;1.000,00;CRT . .;09/09/2026;29/09/2026;FER;S;22.140,68
3MET3020X18;!METALON 30X20 CHAPA 18 - ACO CARBONO;101,105;73,64;146,73;179,91;124,58;180,00;54,68;(516,00);0,00;63,14;116,86;116,86(-63,04);10;7,17;1.290,96;4,45;6,00;6,00;;10/09/2026;29/09/2026;FER;S;61,76
3MET30X2008;!METALON PERFIL RETANGULAR GALVANIZADO 30X20X0,8X6000;1984,219;3.193,58;2.020,01;2.028,05;1.497,04;2.110,00;578,66;(7.920,00);0,00;1.356,35;753,65;753,65(-1.274,40);60;6,63;13.991,41;80,46;4.000,00;1.000,00;CRT . .;06/08/2026;29/09/2026;FER;S;1.058,87
3MET30X3012F;TUBO QUADRADO 30X30X18 CHAPA 18 FERRO;244,034;262,23;493,68;492,83;354,96;156,00;81,27;(3,00);0,00;90,16;65,84;65,84(-426,99);10;8,79;1.371,71;13,87;6,00;6,00;;17/09/2026;25/09/2026;FER;S;90,16
3MET40X4018;METALON 40X40X18 FERRO;15,84;18,04;37,60;25,64;22,22;18,00;17,31;(3,00);0,00;15,22;2,78;2,78(-22,86);10;12,08;217,37;0,90;6,00;6,00;;24/06/2026;24/09/2026;FER;S;15,22
3MET50X3020;METALON 50X30X18 FERRO;131,29;104,26;399,73;239,00;194,06;138,00;76,46;(198,00);0,00;76,39;61,61;61,61(-177,39);10;11,41;1.575,13;8,26;6,00;6,00;;24/09/2026;24/09/2026;FER;S;76,39
3MET50X50X2;TUBO 50X50X2MM;50,0;121,65;205,40;108,00;96,00;0,00;97,90;(12,00);102,00;252,00;-252,00;-150,00(-258,00);15;21,43;0,00;4,83;6,00;6,00;;24/09/2026;28/09/2026;FER;S;222,00
3RCO0000350;RODA SISAL 400MM - FURO 38MM;1,0;1,00;0,00;1,00;0,00;3,00;0,00;(10,00);0,00;1,27;1,73;1,73(0,73);60;133,96;401,89;0,02;6,00;1,00;;10/11/2025;21/08/2026;FER;N;1,27
3REB0000012;REB ACO MACICO 1/4X1.1/4  CABECA 1/2;0,0;0,00;4,00;0,00;0,00;5,00;0,00;(1,00);0,00;0,16;4,84;4,84(4,84);20;36,29;181,45;0,04;1,00;1,00;ITEM DE BAIXO CONSUMO;24/07/2026;09/07/2026;FER;N;0,16
3ROD0000TP2;RODA SISAL TP2 400MM CINZAL COM TECIDO, FURO 38 MM;0,0;1,00;0,00;0,00;1,00;2,00;0,00;(6,00);0,00;1,18;0,83;0,83(0,83);60;59,58;119,17;0,01;1,00;1,00;;01/07/2026;17/09/2026;FER;N;1,18
3ROD000SCMA;ESCOVA SCHOT LIXA SCM 400 X 75 X 200MM- REF 6130/2911;0,0;1,00;1,00;0,00;0,00;2,00;0,00;(1,00);0,00;0,03;1,97;1,97(1,97);64;638,85;1.277,70;0,02;1,00;1,00;Itens de baixo consumo - Analisar compra .;01/09/2026;07/07/2026;FER;N;0,03
3RODPG00M80;[RODA MINE 50 X 25 GRA 080 241D - COM PINO DE METAL;0,0;15,00;0,00;10,00;36,00;14,00;0,00;(26,00);10,00;3,00;11,00;21,00(11,00);60;9,26;129,58;0,28;10,00;1,00;;01/09/2026;25/09/2026;FER;N;3,00
3RODPG75050;!RODA PG DFS XA167 GR.50 75,000 X 350,000 C/SEP-F147MM;19,0;12,00;30,00;18,00;24,00;29,00;0,00;(2,00);40,00;28,80;0,20;40,20(22,20);60;378,01;10.962,29;0,67;5,00;1,00;;08/09/2026;25/09/2026;FER;N;26,52
3RODPG75120;RODA PG DFS XA167 GR.120 75,000 X 350,000 C/ SEP-F147MM;4,0;0,00;6,00;8,00;5,00;0,00;0,00;(7,00);15,00;1,00;-1,00;14,00(6,00);60;340,54;0,00;0,16;5,00;1,00;;10/07/2026;21/09/2026;FER;N;0,91
3RODPG75320;RODA PG DFS XA167 GR.320 75,000 X 350,000 C/SEP-F147MM;0,0;0,00;0,00;0,00;0,00;10,00;0,00;(10,00);0,00;0,60;9,40;9,40(9,40);60;340,78;3.407,75;0,00;5,00;1,00;COMPRAR SOMENTE NA EMPRESA 58.;02/09/2022;27/05/2026;FER;N;0,60
3TUB00000003;TUBO DE FERRO 3 POLEGADAS - 6MT;0,0;2,70;2,70;4,50;4,50;0,00;12,99;(3,00);0,00;12,60;-12,60;-12,60(-17,10);10;23,20;0,00;0,11;6,00;6,00;;25/05/2026;15/09/2026;FER;S;9,00
3TUB00000265;TUBO DE FERRO 2 POLEGADAS E MEIA X 2.65MM PRO - 6MT;1,045;0,00;0,59;0,75;0,00;12,00;4,66;(0,00);0,00;1,34;10,66;10,66(9,91);15;28,35;340,19;0,01;6,00;6,00;;25/02/2026;14/08/2026;FER;S;1,34
3TUB0000118;TUBO FERRO 1;21,65;59,32;52,00;60,31;45,10;6,00;50,49;(6,00);54,00;50,38;-44,38;9,62(-50,69);10;5,50;32,99;1,91;6,00;6,00;;27/08/2026;29/09/2026;FER;S;47,88
3TUB00007/8;TUBO 7/8 CHAPA 18 FERRO;34,49;243,52;134,36;215,89;140,92;324,00;114,33;(18,00);0,00;176,98;147,02;147,02(-68,87);10;6,44;2.085,26;6,60;6,00;6,00;;02/06/2026;28/09/2026;FER;S;170,68
3TUB00011/4;TUBO  1.1/4 CHAPA 18 FERRO;55,35;97,15;102,50;128,03;96,55;102,00;57,84;(3,00);0,00;102,55;-0,55;-0,55(-128,57);10;7,56;771,22;3,64;6,00;6,00;;24/09/2026;28/09/2026;FER;S;102,55
3TUB001X1/2;TUBO FERRO 1.1/2 CHAPA 18;32,35;64,03;66,65;93,74;65,09;96,00;35,87;(6,00);0,00;34,25;61,75;61,75(-31,99);10;8,93;857,28;2,49;6,00;6,00;;20/08/2026;29/09/2026;FER;S;33,75
3TUB0025X25;METALON QUADRADO 25 X 25 X 2 ALUMINIO;0,0;3,60;37,80;14,40;6,00;36,00;6,00;(330,00);0,00;5,47;30,53;30,53(16,13);12;16,41;590,76;0,62;6,00;6,00;;11/08/2026;10/09/2026;FER;S;1,87
3TUB003/4AL;TUBO 3/4 X 1/8 DE ALUMINIO;14,94;129,67;177,17;150,43;87,80;108,00;7,44;(330,00);84,00;29,20;78,80;162,80(12,37);12;13,60;1.468,80;5,08;6,00;6,00;;08/09/2026;25/09/2026;FER;S;5,20
3TUB005/8AL;!TUBO 5/8 DE ALUMINIO 1,5MM;7,92;166,49;157,80;247,30;84,60;90,00;114,00;(330,00);78,00;150,57;-60,57;17,43(-229,87);12;6,03;543,06;6,35;6,00;6,00;;08/09/2026;25/09/2026;FER;S;126,57
3TUB011/4AL;!TUBO 1.1/4 PAREDE DE 2MM DE ALUMINIO;15,76;301,21;115,16;224,02;225,76;84,00;165,30;(144,00);222,00;163,45;-79,45;142,55(-81,47);12;15,31;1.285,79;7,12;6,00;6,00;;28/09/2026;21/09/2026;FER;S;161,95
3TUB05/8X16;TUBO 5/8  CHAPA 16 FERRO;100,89;134,21;204,65;299,93;174,23;216,00;148,23;(6,00);0,00;224,07;-8,07;-8,07(-308,00);10;4,51;974,38;7,10;6,00;6,00;;24/09/2026;28/09/2026;FER;S;224,07
3TUB1X2ALUM;TUBO REDONDO 1 X2MM DE PAREDE ALUMINIO;0,0;74,75;148,55;348,35;77,80;96,00;34,55;(444,00);48,00;72,70;23,30;71,30(-277,05);12;12,49;1.198,75;6,35;6,00;6,00;;18/09/2026;25/09/2026;FER;S;28,70
3TUB3/8ALUM;TUBO REDONDO VAZADO ALUMINIO 3/8 X 1/16     (9,52 MM X 1,58 ESPESSURA)                                                  - (BARRA 6MT);38,43;113,72;118,94;138,60;68,85;150,00;13,05;(36,00);0,00;38,99;111,01;111,01(-27,59);12;3,33;499,65;4,13;6,00;6,00;COMPRAR SO NA EMPRESA 58;10/07/2026;24/09/2026;FER;S;12,99
3TUB3175120;TUBO COM COSTURA 22.22X1.5MM  (7/8X1.5) INOX 304 POLIDO;0,18;1,05;0,00;2,70;0,75;12,00;3,71;(5,00);0,00;0,45;11,55;11,55(8,85);19;21,13;253,52;0,04;30,00;6,00;;24/07/2025;21/09/2026;FER;S;0,45
3TUB7/8X2ALUM;!TUBO REDONDO 7/8 X2MM DE PAREDE ALUMINIO;2,028;34,43;147,08;121,56;73,43;78,00;21,02;(444,00);30,00;19,53;58,47;88,47(-33,09);20;10,69;833,74;3,37;6,00;6,00;;08/09/2026;25/09/2026;FER;S;19,53
3TUBK004AL;TUBO DE ALUMINIO RETANGULAR 25,40X12,70X1,58- MM-C/6 MTS K-004;18,0;72,00;54,00;42,00;18,00;90,00;0,00;(540,00);0,00;79,53;10,47;10,47(-31,53);12;9,22;830,16;1,87;6,00;6,00;;26/05/2026;18/09/2026;FER;N;79,53
3TUBOB30X16;TUBO OBLONGO - 30X16MM CHAPA 16 FERRO;86,24;100,72;111,98;137,32;106,10;24,00;67,98;(18,00);90,00;133,06;-109,06;-19,06(-156,38);10;7,27;174,53;3,89;18,00;6,00;;17/09/2026;29/09/2026;FER;S;133,06
3TUBOLT1X1/2;TUBO 1.1/2 NA CHAPA 0,6 - LATAO;0,0;3,72;0,98;1,56;2,34;0,00;7,34;(6,00);0,00;3,71;-3,71;-3,71(-5,27);15;108,09;0,00;0,07;6,00;6,00;;16/01/2026;17/09/2026;FER;S;3,71
3VARSOLDA01;!VARETA/ARAME P/ SOLDA DE ALUMINIO 3R-4043 2,5MM;0,0;10,00;10,00;5,00;20,00;20,00;0,00;(2,00);0,00;11,55;8,46;8,46(3,46);15;103,95;2.079,06;0,28;10,00;5,00;;29/09/2026;25/09/2026;FER;N;11,49
3VARSOLDA05;*** VARETA DE SOLDA TIG 1/16 COBREADA PARA FERRO;0,0;0,00;0,00;0,00;0,00;5,00;0,00;(0,00);0,00;0,33;4,67;4,67(4,67);10;35,72;178,59;0,00;5,00;5,00;Itens de baixo consumo baixados 2021 ? Analisar compra .;18/06/2025;12/06/2025;FER;N;0,33
3CMP0000ENC;ENCOSTO MODELO CANOA IURD / IGREJA EM CANELA PARA REVESTIR                                                              , RECORTADA NO MOD;20,0;60,00;0,00;0,00;15,00;97,00;31,00;(113,00);0,00;30,00;67,00;67,00(67,00);65;15,09;1.463,34;0,67;100,00;100,00;;13/04/2026;08/09/2026;PEZ;S;30,00
3PEZ0000025;PEZINHO DE PLASTICO PRETO REDONDO 1/2 ALTURA 22,5 ESPESSURA;19,0;24,00;29,00;27,00;15,00;20,00;45,00;(71,00);0,00;36,00;-16,00;-16,00(-43,00);15;2,16;43,16;0,89;100,00;100,00;;12/02/2026;29/09/2026;PEZ;S;31,00
3PEZ000253;PONTEIRA PLASTICA 20 X 30 PRETA;10,0;0,00;4,00;2,00;14,00;45,00;8,00;(93,00);0,00;14,00;31,00;31,00(29,00);15;1,30;58,32;0,07;100,00;100,00;;06/01/2026;17/09/2026;PEZ;S;14,00
3PEZ0005399;PES NIVELADORES S/ BUCHA 1/4 X 1 -  REF:5399;12,39;12,05;20,42;10,68;9,03;57,00;7,81;(58,00);0,00;24,43;32,57;32,57(21,89);15;100,83;5.747,48;0,48;30,00;1,00;;22/09/2026;29/09/2026;PEZ;S;22,83
3PEZ4P00005;#BASE 380 MM C/CHAPA DE ACO RETA AL-25005.005 - (INNA COMPONENTES);0,0;0,00;0,00;0,00;0,00;0,00;0,00;(132,00);1,00;1,00;-1,00;0,00(0,00);44;263,92;0,00;0,00;10,00;1,00;;10/02/2026;19/02/2026;PEZ;S;1,00
3PEZ4P00NEO;#PE 4 PATAS ALUM (AL-23403.002) CAD NEO GIRATORIA BASE 360MM CHAPA QUADRADA;0,0;0,00;0,00;0,00;1,00;0,00;0,00;(132,00);0,00;1,00;-1,00;-1,00(-1,00);44;308,47;0,00;0,00;10,00;1,00;;08/04/2025;28/09/2026;PEZ;S;1,00
3PEZ5P00NEO;BASE GIRATORIA EM ALUMINIO ACABAMENTO POLIDO ARANHA COM 5 PONTAS AL-22403;3,0;16,00;42,00;14,00;19,00;19,00;11,00;(0,00);27,00;32,00;-13,00;14,00(0,00);35;330,48;6.279,12;0,80;2,00;1,00;;11/09/2026;29/09/2026;PEZ;S;27,00
3PEZBATPLASTR2;!PEZINHO DE PLASTICO RIGIDO DE ENCAIXE ( BATOQUE) - TRANSPARENTE;911,996;1.836,00;1.917,99;1.942,00;1.946,00;2.400,00;1.386,02;(500,00);0,00;1.314,82;1.085,18;1.085,18(-856,82);15;0,44;1.044,00;63,29;2.000,00;2.000,00;;15/09/2026;29/09/2026;PEZ;S;1.189,82
3PEZREGCANEO;SAPATA AL TRANSPARENTE - 23403.002 - CADEIRA PLISSADA E CADEIRA NEO;32,0;176,00;98,00;108,00;94,00;305,00;32,00;(3,00);104,00;146,00;159,00;263,00(155,00);44;0,89;270,54;4,24;0,25;0,25;;29/11/2024;29/09/2026;PEZ;S;146,00
3PEZREGPRETO;PE REGULAVEL PRETO - PARA CADEIRA SIRI;705,5;1.646,40;540,00;1.012,70;644,00;2.017,00;161,00;(0,00);0,00;1.268,00;749,00;749,00(-263,70);30;1,00;2.019,02;35,55;300,00;0,00;VAI AUMENTAR O CONSUMO;28/09/2026;09/09/2026;PEZ;S;1.204,00
3SAPATA1/2PRE;SAPATA BERTOIA PLASTICA 7/16 ATE 1/2 PRETA;16,0;36,00;20,00;32,00;12,00;77,00;80,00;(0,00);0,00;112,00;-35,00;-35,00(-67,00);10;0,66;50,59;0,98;12,00;0,00;;01/09/2026;01/09/2026;PEZ;S;104,00
3AVI0000001;VELCRO COSTURA 50 MM PRETO - GANCHO (MACHO);75,0;125,00;50,00;50,00;75,00;75,00;0,00;(350,00);250,00;39,27;35,73;285,73(235,73);32;2,61;195,60;2,50;250,00;250,00;;15/06/2026;21/09/2026;AVI;N;32,47
3AVI0000007;!VELCRO ADESIVO 25 MM BRANCO - GANCHO ( MACHO).;11526,249;9.340,17;9.513,67;7.931,33;8.569,95;12.764,80;3.771,63;(15.375,00);5.000,00;7.399,13;5.365,67;10.365,67(2.434,34);32;3,33;42.494,02;297,61;5.000,00;1.000,00;;22/09/2026;29/09/2026;AVI;S;5.486,20
3AVI0000009;!VELCRO COMUM 25 MM BRANCO - ARGOLA ( FEMEA);11214,569;12.123,57;8.758,05;9.200,93;6.972,95;15.400,00;4.852,21;(15.650,00);5.000,00;7.367,09;8.032,91;13.032,91(3.831,98);32;1,41;21.714,00;334,25;5.000,00;1.000,00;;28/09/2026;29/09/2026;AVI;S;5.469,76
3AVI0000011;VELCRO COSTURA 50 MM PRETO - ARGOLA (FEMEA);250,0;50,00;0,00;200,00;100,00;300,00;0,00;(350,00);0,00;18,02;281,98;281,98(81,98);32;2,60;781,20;2,78;250,00;250,00;;01/09/2026;21/09/2026;AVI;N;18,02
3BOT0000018;BOTOES TAPECEIRO FERRO 18 MM - CX COM 144 UNI;24,0;12,00;24,00;156,00;312,00;144,00;48,00;(1.152,00);0,00;28,00;116,00;116,00(-40,00);13;0,17;24,34;2,13;1.008,00;144,00;;18/12/2025;25/09/2026;AVI;S;28,00
3BOT0000032;BOTAO TAPECEIRO DE FERRO 32 MM;12,004;16,00;17,66;24,34;17,33;144,00;16,18;(144,00);0,00;31,67;112,33;112,33(87,99);13;0,53;76,90;0,64;144,00;144,00;;12/02/2026;28/09/2026;AVI;S;18,67
3BOTPRESSAO;BOTOES DE PRESSAO DIAM:15MM  LAT. 7150/103 NIQ - EBERLE;0,0;0,00;0,00;200,00;200,00;200,00;0,00;(27,00);0,00;148,00;52,00;52,00(-148,00);11;0,96;192,60;2,22;200,00;200,00;;20/10/2025;16/09/2026;AVI;N;148,00
3COR0000003;CORDA 100% ALGODAO NATURAL 3MM SAO FRANCISCO 8X3 NUMERO 50 JAIRO;61,42;30,00;33,36;39,00;60,00;40,00;12,50;(42,00);40,00;43,68;-3,68;36,33(-2,68);26;18,22;728,80;1,14;40,00;1,00;COMRPANDO O CORDAO PRETO, VAMOS REDUZIR NA COMPRA DO CORDAO BRANCO.;26/08/2026;22/09/2026;AVI;N;29,98
3COR0000010;CORDA 100% ALGODAO FLET COR CRU ACHATADO JAIRO - 11;0,0;5,00;30,00;0,00;0,00;22,00;0,00;(42,00);40,00;60,00;-38,00;2,00(2,00);26;11,55;254,12;0,39;40,00;1,00;;07/08/2026;14/07/2026;AVI;S;60,00
3COR0000016;CORDA 100% ALGODAO FLET COR PRETO ACHATADO JAIRO - 1;0,04;0,24;0,18;0,42;0,08;112,00;159,84;(42,00);0,00;0,68;111,32;111,32(110,90);26;11,01;1.233,34;0,01;40,00;1,00;;01/11/2023;23/09/2026;AVI;S;0,56
3COR0000281;!CORDA SAO FRANCISCO MODELO MAIS FINO Nº3 GABRIEL COUROS;25,0;25,00;10,00;32,00;12,00;163,00;14,96;(42,00);0,00;185,94;-22,94;-22,94(-54,94);26;81,88;13.345,63;0,74;5,00;1,00;;13/07/2026;18/09/2026;AVI;N;141,50
3ELA0000012;# ELASTICO N12;0,0;0,00;0,00;0,00;0,00;2.500,00;0,00;(1,00);0,00;602,16;1.897,84;1.897,84(1.897,84);25;0,36;887,50;0,00;100,00;1,00;;18/08/2021;25/10/2024;AVI;N;576,81
3ELA0000014;LASTEX 260 TEX CRU 500M (64% ELASTODIENO 36% POLIESTER)-BRANCO;0,0;0,00;2,00;0,00;0,00;3,00;0,00;(1,00);0,00;0,43;2,57;2,57(2,57);25;16,54;49,63;0,02;1,00;1,00;;11/09/2025;23/07/2026;AVI;N;0,43
3FIT0000034;!FITIM 4,0 CMS BRANCO C/ CINZA CLARO 4392 - 3396-1;320,0;518,00;0,00;842,00;320,00;2.400,00;0,00;(4.000,00);0,00;192,20;2.207,80;2.207,80(1.365,80);23;0,21;499,20;15,11;4.000,00;474,00;;15/06/2026;29/09/2026;AVI;N;167,40
3PER000350E;!PERCINTA ELASTICA MOD 350E 50MM;9000,0;13.000,00;13.500,00;12.000,00;10.500,00;10.000,00;0,00;(12.000,00);10.000,00;14.842,30;-4.842,30;5.157,70(-6.842,30);30;1,88;18.840,00;427,78;5.000,00;500,00;;08/09/2026;25/09/2026;AVI;N;10.665,08
3ZIP0000080;ZIPER E CURSOR REFORCADO P/ JAQUETA 80 CMS PRETO SANCRIS SO5 80 211 0580;0,0;0,00;0,00;50,00;0,00;150,00;0,00;(200,00);0,00;3,00;147,00;147,00(97,00);33;1,40;209,70;0,56;200,00;200,00;;19/05/2026;18/08/2026;AVI;N;3,00
3ZIP0000090;ZIPER SINTETICO PRETO 5 SEPAR TAM-90CM - T:4 -TINTO (SO590211K.0580) SANCRIS;0,0;50,00;0,00;50,00;0,00;100,00;0,00;(100,00);0,00;18,00;82,00;82,00(32,00);33;1,52;152,40;1,11;200,00;200,00;;06/02/2026;13/08/2026;AVI;N;12,00
3ZIP0000100;ZIPER SINTETICO PRETO 5 SEPAR TAM-100 CM - T: 4 -TINTO                                                                  (SO5100211K.0580) SANCRIS;0,0;100,00;0,00;50,00;137,00;400,00;0,00;(200,00);0,00;39,00;361,00;361,00(311,00);33;1,62;646,80;1,67;200,00;200,00;;26/02/2026;23/09/2026;AVI;N;33,00
3ZIP0000580;ZIPER PES CONT ESPIRAL ROLO P/ZIPER SINT PRETO 5 -T:3 - TINTO                                                           (SCH5.0580) SANCRIS;5400,0;13.300,00;4.100,00;5.800,00;8.400,00;12.200,00;0,00;(13.200,00);0,00;4.999,01;7.200,99;7.200,99(1.400,99);33;0,86;10.479,80;257,78;2.000,00;200,00;;28/09/2026;23/09/2026;AVI;N;3.785,83
3ZIP00580WE;DESLIZADOR S/TR PRETO CURTO ESMALTADO 5MM P/SINT                                                                        - T:S5N - ESMALTADO (S5421.0580) SANCRIS;8000,0;6.000,00;6.500,00;4.500,00;7.900,00;5.000,00;0,00;(11.000,00);5.000,00;4.357,89;642,11;5.642,11(1.142,11);33;1,76;8.805,00;188,89;1.000,00;1.000,00;;28/09/2026;23/09/2026;AVI;N;3.314,89
3ZIP0573CH3;ZIPER FINO PES CONT ESPIRAL ROLO P/ZIPER SINT 3 - T:1 - TINTO                                                           (SCH3.0573) SANCRIS;0,0;100,00;600,00;200,00;100,00;1.500,00;0,00;(280,00);0,00;152,47;1.347,53;1.347,53(1.147,53);33;0,64;957,00;10,00;200,00;200,00;;05/06/2026;18/09/2026;AVI;N;140,19
3ZIP0573WIE;DESLIZADOR FINO BEGE TR AUT STAND ESMALTADO 3MM P/SINT                                                                  - T:S3E - ESMALTADO (S3211.0573) SANCRIS;100,0;700,00;600,00;200,00;200,00;1.500,00;0,00;(412,00);0,00;323,00;1.177,00;1.177,00(977,00);33;0,18;270,00;16,67;1.000,00;1.000,00;;28/07/2026;18/09/2026;AVI;N;297,00
3ZIP5000753;ZIPER COMUM NAY COM CUR50CM, COR 832 YKK CINZA CLARO SANCRIS SC3 50 211 5011;0,0;0,00;0,00;0,00;0,00;350,00;0,00;(637,00);0,00;4,90;345,10;345,10(345,10);32;0,54;187,95;0,00;200,00;200,00;;10/05/2022;09/07/2024;AVI;N;4,90
3ZIPDESL504;DESLIZADOR FINO TR AUT STAND ESMALTADO 3MM P/SINT - T:S3E - ESMALTADO                                                   (S3211.0502) SANCRIS;100,0;100,00;300,00;200,00;100,00;6.800,00;0,00;(340,00);0,00;6,00;6.794,00;6.794,00(6.594,00);33;0,26;1.768,00;6,67;200,00;200,00;;16/09/2025;10/09/2026;AVI;N;6,00
3ARRU005/8L;!ARRUELAS LISAS 5/8;0,0;5,00;1,00;6,00;0,50;6,50;0,00;(0,00);0,00;7,43;-0,93;-0,93(-6,93);20;39,40;256,12;0,13;1,00;1,00;;10/04/2026;21/09/2026;PRF;N;6,40
3BUC0000003;!BUCHA AMERICANA 1/4X13 MM (7099);20,0;15,00;26,00;18,00;25,00;70,00;0,00;(59,00);0,00;94,22;-24,22;-24,22(-42,22);15;30,61;2.142,63;0,66;10,00;1,00;;06/07/2026;18/09/2026;PRF;N;93,34
3BUC0000004;BUCHA AMERICANA 5/16X3/4;0,0;0,00;0,00;5,00;1,00;44,00;0,00;(1,00);0,00;7,51;36,49;36,49(31,49);20;31,29;1.376,67;0,06;1,00;1,00;Itens baixados - estoque de merda NÃO COMPRAR;10/04/2025;29/09/2026;PRF;N;1,51
3ESTICADOR5/8;ESTICADOR 5/8;17,0;8,00;15,00;5,00;11,00;15,00;3,00;(1,00);0,00;5,00;10,00;10,00(5,00);20;62,62;939,30;0,31;2,00;2,00;;02/07/2026;29/09/2026;PRF;S;4,00
3GRP000004E;!PRESILHA C/ISOLANTE 4 FUROS;40,0;10,00;20,00;10,00;10,00;40,00;0,00;(10,00);0,00;19,65;20,35;20,35(10,35);30;34,44;1.377,40;0,44;10,00;10,00;;09/06/2026;23/09/2026;PRF;N;16,20
3GRP0000CL3;!GRAMPO PROBEL CL3 P/ FUNDO SOFA - MOLA;12,0;6,00;6,00;0,00;12,00;6,00;0,00;(20,00);6,00;7,01;-1,01;4,99(4,99);22;46,03;276,20;0,13;6,00;6,00;;13/05/2026;28/09/2026;PRF;N;5,81
3GRP0001623;GRAMPO PROBEL GS16X23;0,0;0,00;0,00;0,00;0,00;351,00;0,00;(39,00);0,00;3,53;347,47;347,47(347,47);31;23,48;8.240,43;0,00;19,50;19,50;ITEM DE BAIXO CONSUMO;30/12/2021;01/04/2026;PRF;N;2,21
3GRP0001638;GRAMPO PROBEL GS 16X38 MM;0,0;54,00;75,00;18,00;18,00;36,00;0,00;(132,00);18,00;5,66;30,35;48,35(30,35);10;27,47;988,81;1,63;18,00;18,00;;17/09/2026;09/09/2026;PRF;N;2,96
3GRP0005007;!GRAMPO PROBEL PCW 50X07 GALVANIZADO;258,72;991,76;258,72;560,56;517,44;258,72;0,00;(1.152,00);129,36;339,80;-81,08;48,29(-512,28);10;4,13;1.069,29;20,12;129,36;129,36;;24/09/2026;21/09/2026;PRF;N;238,57
3GRP0005010;!GRAMPO PROBEL PCW 50X10 GALVANIZADO;462,0;1.031,70;847,00;954,80;554,40;554,40;0,00;(0,00);0,00;263,11;291,29;291,29(-663,51);10;4,57;2.532,50;31,48;92,40;92,40;;24/09/2026;21/09/2026;PRF;N;191,06
3GRP0005013;!GRAMPO PROBEL PCW 50X14 GALVANIZADO;129,36;129,36;402,76;388,08;64,68;258,72;0,00;(0,00);0,00;21,31;237,41;237,41(-150,67);16;5,69;1.471,86;10,22;129,36;129,36;;02/09/2026;09/09/2026;PRF;N;20,70
3GRP00PAX50;PREGO T PAX 50 ( PINO );0,0;5,00;0,00;0,00;0,00;20,00;0,00;(5,00);0,00;2,85;17,16;17,16(17,16);16;18,55;370,96;0,06;50,00;5,00;;13/02/2023;03/06/2026;PRF;N;2,85
3PIN0000016;PINO  SENCO PAY 16;0,0;10,00;5,00;25,00;10,00;20,00;0,00;(20,00);0,00;25,85;-5,85;-5,85(-30,85);16;3,66;73,24;0,44;5,00;5,00;;17/09/2026;02/09/2026;PRF;N;25,85
3PIN0000025;PINO T 25;45,0;70,00;50,00;85,00;25,00;115,00;0,00;(103,00);0,00;19,24;95,76;95,76(10,76);16;5,68;653,20;2,28;5,00;5,00;;26/08/2026;08/09/2026;PRF;N;15,66
3PIN0000032;PREGO SENCO T PAX 32(PINO);80,0;85,00;75,00;70,00;30,00;1.035,00;0,00;(105,00);0,00;571,88;463,13;463,13(393,13);16;5,99;6.200,69;2,56;5,00;5,00;;23/07/2026;24/09/2026;PRF;N;569,24
3PIN0000415;!PINO CABECA PAX 40 (41,5);15,0;65,00;75,00;60,00;45,00;55,00;0,00;(85,00);0,00;89,73;-34,73;-34,73(-94,73);10;8,59;472,29;2,22;5,00;5,00;;16/09/2026;25/09/2026;PRF;N;71,25
3PIN00025MM;PINO SENCO 25MM  CAIXA C/ 10 MIL;70,0;150,00;120,00;140,00;80,00;160,00;0,00;(65,00);0,00;300,51;-140,51;-140,51(-280,51);16;11,38;1.821,12;4,56;5,00;5,00;;18/09/2026;08/09/2026;PRF;N;294,08
3PIN0003016;MICRO PINO 0,64 X 15 MM - SEM CABECA;0,0;0,00;10,00;30,00;0,00;90,00;0,00;(15,00);0,00;2,71;87,29;87,29(57,29);20;17,22;1.550,16;0,44;5,00;5,00;;07/05/2026;24/08/2026;PRF;N;2,71
3PRF0000002;!PARAFUSO 3,5X25 C.CHATA PHILLIPS BICROM.CHIPBOARD ROS TOTAL                                                            CISERREX (1866);70,0;190,00;260,00;170,00;170,00;300,00;0,00;(300,00);0,00;58,55;241,45;241,45(71,45);21;3,11;931,80;6,89;100,00;100,00;;28/09/2026;24/09/2026;PRF;N;43,48
3PRF0000004;!PARAFUSO 5,0X40 C.CHATA PHILLIPS BICROM.CHIPBOARD ROSCA PARCIAL                                                        CISER/REX;0,0;36,00;89,00;50,00;11,00;256,00;0,00;(50,00);0,00;71,12;184,88;184,88(134,88);36;8,47;2.169,09;1,94;50,00;50,00;;13/08/2026;23/09/2026;PRF;N;51,46
3PRF0000005;!PARAFUSO 4,8X50 C.CHATA PHILLIPS BICROM.CHIPBOARD ROSCA PARCIAL                                                        CISER/REX;51,0;198,00;153,00;81,00;216,00;150,00;0,00;(200,00);0,00;146,96;3,04;3,04(-77,96);21;9,05;1.356,75;4,80;21,00;21,00;;19/08/2026;25/09/2026;PRF;N;117,35
3PRF0000013;PARAFUSO 5,5X100 C.CHATA PHILLIPS ZINCADO PRATA ROSCA PARCIAL;0,0;2,00;2,00;2,00;2,00;2,00;0,00;(1,00);2,00;0,32;1,68;3,68(1,68);21;19,53;39,06;0,07;1,00;1,00;;28/09/2026;17/09/2026;PRF;N;0,30
3PRF0000014;ARRUELA 5/32 LISA;0,0;30,00;20,00;0,00;2,00;98,00;0,00;(0,00);0,00;0,16;97,84;97,84(97,84);23;3,39;332,12;0,56;1,00;1,00;;10/04/2026;09/09/2026;PRF;N;0,16
3PRF0000015;!PARAFUSO 3,5X20 C.CHATA PHILLIPS BICROM.CHIPBOARD ROSCA TOTAL                                                          CISER/REX;80,0;140,00;242,00;58,00;210,00;270,00;0,00;(27,00);0,00;26,90;243,10;243,10(185,10);21;2,37;640,98;4,89;50,00;50,00;;28/09/2026;23/09/2026;PRF;N;22,73
3PRF0000016;PARAFUSO 4,0X25 C.CHATA PHILLIPS BICROM.CHIPBOARD ROS TOT CISERREX;30,0;100,00;75,00;0,00;20,00;135,00;0,00;(0,00);0,00;19,12;115,88;115,88(115,88);36;7,06;953,24;1,94;5,00;2,00;;05/08/2026;23/09/2026;PRF;N;19,12
3PRF0000018;!PARAFUSO 5,0X60C.CHATA PHILLIPS BICROM.CHIPBOARD ROSCA PARCIAL                                                         CISER/REX;10,0;51,00;43,00;10,00;18,00;94,00;0,00;(80,00);0,00;20,79;73,21;73,21(63,21);21;11,08;1.041,24;1,16;20,00;20,00;;23/06/2026;15/09/2026;PRF;N;16,63
3PRF0000020;PARAF RASTEX M6X7,5/24 DU645 ZINCO BRANCO BIGFER (34623);3000,0;4.000,00;3.000,00;4.000,00;2.800,00;6.200,00;0,00;(3.000,00);0,00;9.226,00;-3.026,00;-3.026,00(-7.026,00);21;0,49;3.038,00;122,22;1.000,00;1.000,00;;11/09/2026;02/09/2026;PRF;N;8.586,00
3PRF0000022;PARAFUSO 1/4 X 4 TAMPINHA PS UNC - CABECA PHILLIPS ROSCA TOTAL;7,0;4,84;10,00;10,00;12,00;14,00;0,00;(8,00);0,00;5,65;8,35;8,35(-1,65);36;53,44;748,17;0,28;8,00;8,00;;24/07/2026;29/09/2026;PRF;N;5,45
3PRF0000023;PARAFUSO PLASTICO 40 MM 4247;0,0;10,00;0,00;10,00;0,00;10,00;0,00;(1,00);0,00;6,23;3,77;3,77(-6,23);23;41,12;411,19;0,22;10,00;5,00;Itens baixados - estoque de merda NÃO COMPRAR;30/04/2026;05/08/2026;PRF;N;4,10
3PRF0000024;PARAFUSO 1/4 X 3/4  S/PORCA ZINCADO SEXTAVADO;25,0;0,00;10,00;0,00;0,00;70,00;0,00;(13,00);0,00;23,52;46,48;46,48(46,48);36;14,98;1.048,46;0,11;1,00;1,00;;25/05/2026;23/07/2026;PRF;N;17,47
3PRF0000025;!PARAFUSO 6,0X80 C.CHATA PHILLIPS BICROM.CHIPBOARD ROSCA PARCIAL                                                        CISER/REX;15,0;22,00;38,00;10,00;40,00;60,00;0,00;(75,00);0,00;35,16;24,84;24,84(14,84);36;18,40;1.103,94;0,78;10,00;10,00;;05/08/2026;24/09/2026;PRF;N;32,65
3PRF0000027;!PARAFUSO 5,0X45 C.CHATA PHILLIPS BICROM.CHIPBOARD ROSCA PARCIAL                                                        CISER/REX;0,0;21,00;36,00;0,00;0,00;57,00;0,00;(0,00);0,00;36,23;20,77;20,77(20,77);21;8,07;460,10;0,63;3,00;3,00;;23/06/2026;01/07/2026;PRF;N;25,22
3PRF0000028;PARAFUSO 3,5X16 C.CHATA PHILLIPS BICROM.CHIPBOARD ROSCA TOTAL CISER/REX;170,0;160,00;674,00;50,00;10,00;930,00;0,00;(700,00);0,00;208,69;721,31;721,31(671,31);36;2,86;2.657,94;9,82;100,00;100,00;;13/08/2026;09/09/2026;PRF;N;196,43
3PRF0000030;!PARAFUSO 3,8X16 C.CHATA PHILLIPS BICROM.CHIPBOARD ROSCA TOTAL                                                          CISER/REX;70,0;240,00;380,00;50,00;70,00;450,00;0,00;(700,00);0,00;76,78;373,22;373,22(323,22);21;3,27;1.469,70;7,44;100,00;100,00;;31/08/2026;15/09/2026;PRF;N;73,35
3PRF0000035;!PARAFUSO 4,0X40 C.CHATA PHILLIPS BICROM.CHIPBOARD ROSCA TOTAL                                                          CISER/REX;50,0;390,00;225,00;160,00;205,00;370,00;0,00;(84,00);0,00;185,06;184,94;184,94(24,94);21;5,22;1.929,55;8,61;50,00;50,00;;31/08/2026;24/09/2026;PRF;N;158,82
3PRF0000040;PARAFUSO MAQUINA CAB. CHATA PHILIPS DIN TMA RI 4 X 8 ZINCADO BRANCO;0,0;0,00;0,00;0,00;0,00;34,00;0,00;(5,00);0,00;41,68;-7,68;-7,68(-7,68);23;5,59;189,96;0,00;5,00;5,00;Itens baixados - estoque de merda NÃO COMPRAR - ITEM DE BAIXO CONSUMO;20/08/2021;27/11/2025;PRF;N;39,28
3PRF0000041;PARAFUSO P/ MADEIRA ZINCADO BRANCO 4,8 X 55 CAB.CHATA PHILLIPS ROSCA PARCIAL;50,0;35,00;63,00;41,00;50,00;79,00;0,00;(40,00);0,00;107,63;-28,63;-28,63(-69,63);21;9,89;781,55;1,54;20,00;20,00;;22/07/2026;23/09/2026;PRF;N;101,93
3PRF0000045;PARAFUSO ZINCADO 1/4 X 50 SEXTAVADO ROSCA SOBERBA TOTAL;0,0;0,00;4,00;0,00;0,00;4,00;0,00;(28,00);0,00;2,40;1,60;1,60(1,60);21;20,09;80,34;0,04;4,00;4,00;;24/07/2026;13/07/2026;PRF;N;2,24
3PRF0000052;PORCA GARRA 1/4X20;30,0;1,00;35,00;15,00;25,00;26,00;0,00;(90,00);20,00;13,82;12,18;32,18(17,18);36;28,27;734,97;0,57;10,00;10,00;;24/07/2026;22/09/2026;PRF;N;12,37
3PRF0000053;PORCA GARRA 5/16 X 3/4;0,0;0,00;0,00;15,00;20,00;46,00;0,00;(2,00);0,00;0,02;45,98;45,98(30,98);23;36,91;1.697,91;0,17;50,00;50,00;Itens baixados - estoque de merda NÃO COMPRAR - ITEM DE BAIXO CONSUMO;14/06/2024;22/09/2026;PRF;N;0,02
3PRF0000054;PA SX RS 1/4X60RP ZB;0,0;0,00;0,00;6,00;4,00;4,00;0,00;(16,00);0,00;1,17;2,83;2,83(-3,17);36;25,78;103,12;0,07;4,00;4,00;;03/03/2026;21/09/2026;PRF;N;0,71
3PRF0000058;!ARRUELA LISA DE 1/4 ZINCADA;300,0;199,00;334,00;174,00;180,00;200,00;0,00;(0,00);0,00;156,98;43,02;43,02(-130,98);21;6,80;1.359,40;7,86;1,00;1,00;;14/08/2026;29/09/2026;PRF;N;119,71
3PRF0000060;PA SX RS 1/4X75 RP ZB;0,0;0,00;0,00;0,00;0,00;16,00;0,00;(12,00);0,00;5,32;10,68;10,68(10,68);36;30,05;480,77;0,00;4,00;4,00;;26/02/2026;04/02/2026;PRF;N;3,64
3PRF0000064;!PORCA SEXTAVADA ZINCADA DE 1/4 CH 7/16;95,0;85,00;140,00;90,00;83,00;260,00;0,00;(140,00);0,00;59,15;200,85;200,85(110,85);21;5,17;1.343,42;3,50;10,00;10,00;;10/06/2026;29/09/2026;PRF;N;43,91
3PRF0000065;!PA.C.SEXTAVADA UNC 1/4X21/2 ROSCA TOTAL ZINC.BRANCO;40,0;71,00;55,00;50,00;50,00;100,00;0,00;(80,00);0,00;14,31;85,69;85,69(35,69);21;25,67;2.566,70;1,96;4,00;4,00;;17/09/2026;29/09/2026;PRF;N;10,89
3PRF0000066;!PORCA BORBOLETA 1/4;10,0;0,00;25,00;0,00;5,00;30,00;0,00;(70,00);0,00;8,87;21,13;21,13(21,13);36;21,09;632,58;0,28;10,00;10,00;;10/07/2026;24/09/2026;PRF;N;7,12
3PRF0000069;ARRUELAS LISAS 3/8 POLIDA;0,0;0,00;0,00;0,00;2,00;16,00;0,00;(1,00);0,00;0,02;15,98;15,98(15,98);36;8,05;128,77;0,00;1,00;1,00;ITEM DE BAIXO CONSUMO;10/04/2026;08/09/2026;PRF;N;0,02
3PRF0000070;PARAFUSO MO TA UNC 1/4X3 PS ZB -TAMPINHA-;35,0;12,00;14,00;14,00;42,00;26,00;0,00;(9,00);0,00;6,41;19,59;19,59(5,59);30;47,67;1.239,50;0,44;12,00;12,00;;25/09/2026;29/09/2026;PRF;N;4,70
3PRF0000073;ARRUELAS LISAS ZB 5/16;0,0;0,00;5,00;0,00;5,00;35,00;0,00;(2,00);0,00;2,62;32,38;32,38(32,38);30;25,14;879,73;0,06;1,00;1,00;;29/04/2026;17/09/2026;PRF;N;1,94
3PRF0000075;PORCA ZB UNC 5/16 SEXTAVADA;0,0;5,00;4,00;0,00;5,00;10,00;0,00;(5,00);0,00;3,02;6,98;6,98(6,98);36;8,91;89,12;0,10;20,00;20,00;;10/04/2026;17/09/2026;PRF;N;2,34
3PRF0000076;!PARAFUSO 4,0X30 C.CHATA PHILLIPS BICROM.CHIPBOARD ROSCA TOTAL                                                          CISER/REX;200,0;395,00;510,00;223,00;357,00;540,00;0,00;(100,00);0,00;367,67;172,33;172,33(-50,67);21;3,85;2.080,62;12,53;50,00;50,00;;28/09/2026;24/09/2026;PRF;N;305,36
3PRF0000078;!PA. CAB.SEXTAVADA 1/4X1 1/4 ZINCADO ROSCA TOTAL;0,0;0,00;0,00;0,00;2,00;27,00;0,00;(8,00);0,00;10,38;16,62;16,62(16,62);36;16,61;448,55;0,00;8,00;8,00;;09/06/2022;29/09/2026;PRF;N;8,54
3PRF0000080;PA MO TA UNC 1/4 X 1 1/4 ZB-TAMPINHA- CABECA PHILLIPS ROSCA TOTAL;8,0;8,00;0,00;0,00;0,00;48,00;0,00;(30,00);0,00;1,49;46,52;46,52(46,52);36;21,46;1.030,13;0,09;30,00;30,00;;22/05/2026;03/06/2026;PRF;N;1,04
3PRF0000084;!PARAFUSO ZINCADO UNC 1/4 X 2 SEXT ROSCA INTEIRA (3248);33,0;26,00;29,00;34,00;30,00;76,00;0,00;(168,00);0,00;60,05;15,95;15,95(-18,05);21;17,67;1.343,07;0,99;8,00;8,00;;23/06/2026;29/09/2026;PRF;N;48,78
3PRF0000085;!PARAFUSO MAQUINA CHATA 1/4 X 1 1/4 ZINCADO PHILIPS;0,0;2,00;2,00;0,00;2,00;12,00;0,00;(2,00);0,00;4,27;7,73;7,73(7,73);21;18,16;217,96;0,04;30,00;30,00;;08/08/2025;15/09/2026;PRF;N;3,36
3PRF0000095;PARAFUSO SEXTAVADO ROSCA TOTAL - 1/2 X 1 1/2;5,0;6,00;5,00;5,00;4,00;10,00;0,00;(1,00);0,00;7,85;2,15;2,15(-2,85);20;67,88;678,81;0,18;2,00;2,00;ITEM DE BAIXO CONSUMO;29/04/2026;29/09/2026;PRF;N;7,13
3PRF00001/2;PORCA SEXTAVADA DE 1/2 (FIO 13);2,8000000000000003;5,97;6,96;5,05;7,03;0,50;8,13;(0,00);8,00;9,05;-8,55;-0,55(-5,60);23;30,32;15,16;0,20;2,00;2,00;;08/05/2026;29/09/2026;PRF;S;7,72
3PRF00001/4;!HASTE ROSQUEADA 1/4 X 55MM ROSCA DUPLA;11,45;25,22;0,00;21,00;0,00;21,00;0,00;(24,00);0,00;4,61;16,39;16,39(-4,61);35;29,32;615,66;0,51;10,00;10,00;;12/06/2026;31/08/2026;PRF;N;4,17
3PRF00001/4X2;HASTE 1/4 X 2;6,0;5,00;0,00;6,06;0,00;45,00;0,00;(0,00);0,00;1,10;43,90;43,90(37,84);10;33,83;1.522,49;0,12;1,00;1,00;;19/06/2026;05/08/2026;PRF;N;1,10
3PRF0000119;PARAFUSO 5,0X70 C.CHATA PHILLIPS BICROM. CHIPBOARD ROSCA PARCIAL CISERREX;0,0;19,00;41,00;0,00;20,00;28,00;0,00;(80,00);0,00;4,51;23,49;23,49(23,49);36;11,93;333,93;0,67;20,00;20,00;;05/08/2026;23/09/2026;PRF;N;3,14
3PRF0000120;PARAFUSO CA FE C/ PORCA PARA CAMA FENDADO                                                                               5/16X120MM ROSCA TOTAL;0,0;1,89;0,00;3,00;0,00;37,00;0,00;(6,00);0,00;1,06;35,94;35,94(32,94);36;117,02;4.329,59;0,05;10,00;10,00;Itens baixados - estoque de merda NÃO COMPRAR;15/05/2026;04/08/2026;PRF;N;0,84
3PRF0000121;PARAFUSO 3,5X16 C.CHATA PHILLIPS ZINCADO BRANCO CHIPBOARD ROSCA TOTAL                                                   CISER/REX;200,0;250,00;355,00;455,00;240,00;600,00;0,00;(700,00);0,00;785,12;-185,12;-185,12(-640,12);18;1,92;1.150,20;11,78;100,00;100,00;;23/06/2026;24/09/2026;PRF;N;746,88
3PRF00003/8;PARAFUSO SEXTAVADO  1 X 3/8 ROSCA GROSSA;6,0;6,00;0,00;0,00;4,00;14,00;0,00;(1,00);0,00;2,50;11,50;11,50(11,50);20;22,75;318,54;0,07;2,00;2,00;;09/07/2026;08/09/2026;PRF;N;2,50
3PRF0000380;PORCA SEXTAVADA DE 3/8 ROSCA GROSSA      A;0,0;0,00;0,00;10,00;0,00;47,00;0,00;(8,00);0,00;19,06;27,94;27,94(17,94);21;10,35;486,54;0,11;1,00;1,00;;19/06/2026;24/08/2026;PRF;N;19,06
3PRF000052L;ARRUELA LISA 2 (92MM EXTERNO - 52MM INTERNO);5,0;19,00;6,00;9,00;0,00;21,00;1,00;(1,00);0,00;1,00;20,00;20,00(11,00);20;4,33;90,99;0,38;1,00;1,00;;26/06/2026;31/08/2026;PRF;S;1,00
3PRF00008MA;PORCA SEXTAVADA 8 MA (1341);5,02;0,04;0,04;0,04;0,04;4,00;0,98;(0,00);0,00;0,02;3,98;3,98(3,94);10;11,76;47,03;0,00;1,00;1,00;;30/04/2026;24/09/2026;PRF;S;0,02
3PRF0003X10;PARAFUSO CHIPBOARD 3.0X10 BICROMATIZADO (1856);0,0;0,00;0,00;0,00;20,00;160,00;0,00;(0,00);0,00;0,56;159,44;159,44(159,44);10;2,05;327,52;0,00;500,00;500,00;;30/12/2021;29/09/2026;PRF;N;0,56
3PRF0004X30;!PARAFUSO 4,0X30 C.CHATA PHILLIPS BICROM.CHIPBOARD ROSCA TOTAL                                                          FLAGIADO;0,0;5,00;5,00;25,00;0,00;20,00;0,00;(100,00);0,00;5,36;14,64;14,64(-10,36);36;3,98;79,64;0,39;50,00;50,00;;12/09/2024;13/08/2026;PRF;N;4,88
3PRF0005X35;*** PARAFUSO CHIPBOARD 5,0 X 35MM;0,0;0,00;0,00;5,00;5,00;5,00;0,00;(0,00);0,00;0,22;4,78;4,78(-0,22);15;7,31;36,54;0,06;5,00;0,00;;11/09/2026;08/09/2026;PRF;N;0,22
3PRF00060X5;PARAFUSO CORTICAL COMP:60 X DIAM ROSCA:5  P/ CHAVE HEXAGONAL (ALLEN);0,0;0,00;0,00;0,00;0,00;4,00;0,00;(4,00);0,00;0,04;3,96;3,96(3,96);36;9,89;39,56;0,00;1,00;1,00;Itens de baixo consumo baixados 2021 ? Analisar compra - ITEM DE BAIXO CONSUMO;11/08/2022;13/11/2024;PRF;N;0,04
3PRF000SX63;PARAFUSO SX 1/4X1E1/2 ROSCA TOTAL SEXTAVADO ZINCADO;43,0;59,00;32,00;46,00;49,00;48,00;0,00;(70,00);0,00;25,63;22,37;22,37(-23,63);21;16,80;806,16;1,52;2,00;2,00;;27/05/2026;29/09/2026;PRF;N;19,25
3PRF001/42AL;PARAFUSO ALLEN 1/4 X 1 1/2 CAB CHATA INOX;0,0;2,00;4,00;0,00;2,00;1,00;0,00;(2,00);3,00;1,74;-0,74;2,26(2,26);21;42,71;42,71;0,07;1,00;1,00;;06/01/2026;18/09/2026;PRF;N;1,50
3PRF001/4X1;!PARAFUSO ZINCADO CAB.SEXTAVADA 1/4 X 1;15,0;20,00;20,00;10,00;0,00;30,00;0,00;(0,00);0,00;9,71;20,29;20,29(10,29);21;15,34;460,26;0,56;5,00;5,00;;22/07/2026;13/08/2026;PRF;N;7,35
3PRF0014X01;PARAFUSO MAQUINA CHATA PHILLIPS 1/4X 1;4,0;10,00;0,00;0,00;0,00;14,00;0,00;(80,00);0,00;3,58;10,42;10,42(10,42);21;9,90;138,64;0,11;2,00;2,00;ITEM DE BAIXO CONSUMO;18/03/2026;17/06/2026;PRF;N;2,62
3PRF0014X34;PARAFUSO 1/4-20FIOX3/4 CAB.CHATA S/PORCA ZINCADO  PHILIPS;0,0;16,00;0,00;0,00;0,00;38,00;0,00;(80,00);0,00;21,08;16,92;16,92(16,92);36;8,12;308,41;0,18;2,00;2,00;;06/01/2026;17/06/2026;PRF;N;17,91
3PRF003/8X3;PARAFUSO 3/8 ALEN INTERNO ROSCA PARCIAL 3 POLEGADA ZINCADO;0,0;2,46;0,00;0,00;3,00;2,50;0,00;(1,00);0,00;0,24;2,26;2,26(2,26);28;365,19;912,97;0,03;1,00;1,00;Itens baixados - estoque de merda NÃO COMPRAR - ITEM DE BAIXO CONSUMO;29/05/2026;24/09/2026;PRF;N;0,20
3PRF004X12IN;PARAFUSO ALLEN CONICO 4X12 INOX;0,0;0,00;0,00;0,00;0,00;12,00;0,00;(1,00);0,00;0,64;11,36;11,36(11,36);15;26,91;322,96;0,00;1,00;1,00;;12/02/2026;09/01/2026;PRF;N;0,64
3PRF00DLB16;!PARAFUSO CAB.LENTILHA PHILIPS 4,2X13 MM PONTA BROCA ZINC.BRANCO;144,0;167,50;156,50;168,00;168,00;324,00;0,00;(300,00);0,00;232,68;91,32;91,32(-76,68);45;52,04;16.860,96;5,47;108,00;108,00;;29/09/2026;29/09/2026;PRF;N;175,52
3PRF00DLB19;!PARAFUSO CAB.LENTILHA PHILIPS 4,2X19MM PONTA BROCA ZINC.BRANCO;11,0;10,00;10,00;10,00;18,00;0,00;0,00;(0,00);8,00;2,47;-2,47;5,53(-4,47);15;98,76;0,00;0,33;2,00;1,00;;07/08/2026;24/09/2026;PRF;N;1,95
3PRF00DLB25;!PARAFUSO CABECA LENTILHA, PHILIPS,PONTA BROCA ZINC 4.2 X 25 (9872);16,0;1,00;0,00;12,50;0,50;25,50;0,00;(7,00);0,00;10,60;14,90;14,90(2,40);15;74,03;1.887,66;0,15;1,00;1,00;;13/08/2026;22/09/2026;PRF;N;8,58
3PRF00DLB35;PARAFUSO CAB LENTILHA PHI PONTA BROCA ZINC. BRANCO 3,2X32 FLANGEADO (10933);4,0;11,00;14,00;0,50;0,00;22,00;0,00;(4,00);0,00;3,24;18,76;18,76(18,26);25;80,83;1.778,17;0,28;1,00;1,00;;19/06/2026;18/08/2026;PRF;N;2,91
3PRF00DTB25;PARAFUSO CABECA SEXTAVADA PONTA BROCA 4,2X25;50,0;0,00;0,00;0,00;5,00;95,00;0,00;(120,00);0,00;10,76;84,24;84,24(84,24);26;11,15;1.059,63;0,00;80,00;80,00;;29/05/2026;28/09/2026;PRF;N;7,90
3PRF00DTB40;!PARAFUSO CABECA SEXTAVADA PONTA BROCA 12 X 1.1/2 (40MM);0,0;0,00;2,00;0,00;0,00;16,00;0,00;(25,00);0,00;8,31;7,69;7,69(7,69);36;22,03;352,42;0,02;5,00;5,00;;12/09/2025;28/07/2026;PRF;N;7,38
3PRF00DTB55;!PARAFUSO CABECA SEXTAVADA PONTA BROCA 12 X 2 (5,5CM);7,0;5,00;5,00;6,00;0,00;25,00;0,00;(70,00);0,00;5,52;19,48;19,48(13,48);36;23,51;587,83;0,18;5,00;5,00;;11/11/2025;12/08/2026;PRF;N;4,68
3PRF00M4X50;PARAFUSO SEGMENTADO ZINCADO M4X50MM;0,0;0,00;0,00;6,00;0,00;10,70;0,00;(12,00);0,00;1,08;9,62;9,62(3,62);36;16,77;179,41;0,07;2,00;2,00;Itens baixados - estoque de merda NÃO COMPRAR;24/07/2026;07/08/2026;PRF;N;0,36
3PRF00RD516;HASTE ROSQUEADA ZN 5/16 X 90 ROSCA DUPLA (5/16X90);0,0;0,00;1,00;5,00;0,00;4,00;0,00;(0,00);0,00;0,43;3,57;3,57(-1,43);36;151,90;607,59;0,07;5,00;5,00;Itens baixados - estoque de merda NÃO COMPRAR - ITEM DE BAIXO CONSUMO;01/08/2025;27/08/2026;PRF;N;0,35
3PRF03/8SUB;PARAFUSO SEXTAVADO 3/8 ZINCADO ROSCA SUBERBA 11CM;0,0;0,00;0,00;1,00;0,00;1,00;0,00;(1,00);0,00;0,18;0,82;0,82(-0,18);20;205,55;205,55;0,01;1,00;1,00;;04/09/2026;27/08/2026;PRF;N;0,18
3PRF082X1/4;# PARAFUSO MQ UNC TP13 SX INT 1/4X80MM BICROMARIZADO;0,0;0,00;0,00;0,00;0,00;1,70;0,00;(6,00);0,00;0,04;1,66;1,66(1,66);36;27,55;46,84;0,00;1,00;10,00;;29/05/2023;04/06/2024;PRF;N;0,04
3PRF1/4X1/2;PARAFUSO SX RI 1/4X1/2 ZI;0,0;0,00;0,00;0,00;0,00;187,00;0,00;(2,00);0,00;0,02;186,98;186,98(186,98);23;12,74;2.381,82;0,00;8,00;1,00;Itens baixados - estoque de merda NÃO COMPRAR;31/10/2022;12/02/2026;PRF;N;0,02
3PRF14X2RTZ;"!PARAFUSO CABECA CHATA PHILIPS 1/4 X 2"" ROSCA TOTAL ZINCADO (11594)";0,0;10,00;4,00;15,27;0,00;24,00;0,00;(5,00);0,00;10,64;13,36;13,36(-1,91);36;24,99;599,64;0,33;1,00;1,00;;24/07/2026;27/08/2026;PRF;N;7,31
3PRF5/16X21/2;*** PARAFUSO SEXTAVADO ZINCADO BRANCO ROSCA TOTAL 5/16 X 2 1/2;0,0;0,00;2,00;0,00;0,00;3,00;0,00;(1,00);0,00;1,26;1,74;1,74(1,74);10;77,50;232,50;0,02;1,00;1,00;Itens baixados - estoque de merda NÃO COMPRAR - ITEM DE BAIXO CONSUMO;14/08/2026;10/07/2026;PRF;N;0,90
3PRFAB4X13IN;*** PARAFUSO AUTO BROCANTE INOX 4,2X13 CABECA FLANGEADA PHILI;0,0;0,00;5,00;6,00;15,00;10,00;0,00;(0,00);0,00;0,15;9,85;9,85(3,85);21;28,42;284,24;0,12;5,00;1,00;;25/09/2026;28/09/2026;PRF;N;0,15
3PRFALLEN1/4;PARAFUSO S/CABECA SEXTAVADO INTERNO 3/16X1/4 - PRETO;0,0;0,00;0,00;0,00;0,00;3.123,00;0,00;(0,00);0,00;1.647,00;1.476,00;1.476,00(1.476,00);5;0,19;599,62;0,00;1,00;1,00;;19/06/2026;27/04/2026;PRF;N;1.647,00
3PRFALLEN10PT;PARAFUSO S/CABECA SEXTAVADO INTERNO UNC 3/16X1/2 - PRETO;500,0;1.300,00;1.300,00;0,00;400,00;1.000,00;0,00;(0,00);0,00;399,00;601,00;601,00(601,00);21;0,11;110,00;28,89;100,00;100,00;;09/07/2026;04/09/2026;PRF;N;358,00
3PRFFIX45X50;PARAFUSO TIPO FIX PONTA BROCA 4,5 X 50 CAB. CHATA DENTADA PHILIPS BICROMATIZADO - 40462802 - CISER;54,0;108,00;122,00;207,00;132,00;228,00;0,00;(5,00);0,00;309,94;-81,94;-81,94(-288,94);21;10,22;2.330,62;4,86;3,00;3,00;;17/09/2026;24/09/2026;PRF;N;283,96
3PRFTRAVA3/8;PORCA TRAVA 3/8;0,0;1,00;2,00;4,00;3,00;25,55;0,00;(0,00);0,00;2,48;23,07;23,07(19,07);21;40,84;1.043,39;0,08;1,00;0,00;;22/09/2026;08/09/2026;PRF;N;2,48
3PRFTRAVA64;PORCA SEXTAVADA DE 1/4 AUTO TRAVANTE;30,0;20,00;40,00;30,00;0,00;100,00;0,00;(60,00);0,00;23,99;76,01;76,01(46,01);36;10,09;1.009,10;1,00;10,00;10,00;;31/08/2026;18/08/2026;PRF;N;18,33
3REBROSCA06;!REBITE C/ROSCA ROSCA DE 1/4 LATONADO;22000,0;0,00;4.000,00;8.000,00;13.000,00;5.000,00;0,00;(14.000,00);4.000,00;9.224,10;-4.224,10;-224,10(-8.224,10);15;0,24;1.210,00;133,33;2.000,00;2.000,00;;18/09/2026;23/09/2026;PRF;N;6.797,10
3ROL0000002;!ROLAMENTO TORNEADO C/ PINO 7/8 P/SOFA CAMA DE ESFERA-P/ JANELA;40,0;188,00;56,00;94,00;120,00;0,00;150,00;(10,00);0,00;70,00;-70,00;-70,00(-164,00);10;1,54;0,00;3,76;200,00;200,00;;22/05/2026;28/09/2026;PRF;S;62,00
3SUPVBDU648;PARAF VB M6X7,8 DU648 ES ZINCO BRANCO BIGFER (79650);3000,0;200,00;1.200,00;2.000,00;1.000,00;4.000,00;0,00;(5.000,00);0,00;3.978,00;22,00;22,00(-1.978,00);31;0,26;1.048,00;37,78;100,00;100,00;;17/06/2026;16/09/2026;PRF;N;3.622,00
3COUBCOU318;#COURO SAMBA PREMIUM WHITE JBS BOOK COURO FORA DE LINHA;0,0;0,94;8,00;0,00;0,00;0,00;16,00;(0,00);0,00;16,00;-16,00;-16,00(-16,00);60;60,00;0,00;0,10;500,00;100,00;;20/12/2021;15/07/2026;CSD;S;16,00
3TEC0000001;# TECIDO FORNECIDO DE CLIENTE (NAO INATIVAR );0,0;0,00;0,00;0,00;0,00;0,00;0,00;(0,00);0,00;673,48;-673,48;-673,48(-673,48);12;18,23;0,00;0,00;1,00;1,00;;01/04/2016;31/05/2016;CSD;N;567,68
3MAD0000003;!MADEIRA MOBILIADORA;2,446;2,08;0,77;1,87;2,56;0,00;0,14;(0,00);0,00;2,24;-2,24;-2,24(-4,11);12;2.140,78;0,00;0,05;0,00;0,00;;18/09/2026;29/09/2026;MMC;S;0,97
3MAD0000134;!MADEIRA JEQUITIBA SHORT ATE 1,40 M;2,73;4,08;2,22;3,09;3,82;125,55;5,68;(40,00);0,00;2,32;123,22;123,22(120,13);12;3.002,71;376.974,60;0,10;0,00;40,00;;28/09/2026;29/09/2026;MMC;S;2,23
3MAD0010024;!EUCALIPTO TABUA 2 CM (USO EXCLUSIVO DA ESTOFADOS);3,278;1,97;5,53;5,18;1,46;0,39;0,43;(40,00);0,00;0,73;-0,34;-0,34(-5,52);12;2.977,00;1.149,12;0,14;0,00;40,00;;31/08/2026;29/09/2026;MMC;S;0,69
3MAD00TEKA38;MADEIRA TEKA BITOLA 3,8CM;0,0;0,00;0,00;0,00;0,06;0,00;4,00;(0,00);0,00;0,00;0,00;0,00(0,00);0;0,00;0,00;0,00;0,00;0,00;;11/09/2026;28/09/2026;MMC;S;0,00
3MAD3500134;!MADEIRA JEQUITIBA SHORT ATE 1,40 M - BITOLA 3,5CM;25,921;28,61;26,97;26,77;29,03;143,10;0,45;(40,00);0,00;14,43;128,67;128,67(101,90);12;3.056,59;437.388,57;0,91;0,00;40,00;;29/09/2026;29/09/2026;MMC;S;14,43
3MAD3503000;MADEIRA PRIMEIRA 3.5 CM (TAUARI);0,058;0,15;0,09;0,05;0,03;11,51;9,44;(0,00);0,00;0,04;11,47;11,47(11,42);12;2.803,00;32.262,58;0,00;0,00;0,00;;08/09/2026;17/09/2026;MMC;S;0,04
3MAD3503035;!MADEIRA PRIMEIRA (TAUARI) - BITOLA 3.5 CM;0,3;3,89;1,29;0,67;0,96;5,60;0,06;(0,00);0,00;0,08;5,52;5,52(4,85);12;2.789,76;15.608,70;0,06;0,00;0,00;;01/09/2026;29/09/2026;MMC;S;0,08
3MAD3503045;MADEIRA PRIMEIRA  (TAUARI) - BITOLA 4.5 CM;0,187;0,72;0,87;0,52;0,53;20,56;1,44;(0,00);0,00;0,19;20,38;20,38(19,86);12;2.843,01;58.455,13;0,02;0,00;0,00;;24/08/2026;28/09/2026;MMC;S;0,19
3MAD3503055;MADEIRA PRIMEIRA (TAUARI) - BITOLA 5.5 CM;0,33;0,00;0,17;0,26;0,20;12,81;2,01;(0,00);0,00;0,02;12,79;12,79(12,53);12;2.807,36;35.967,91;0,00;0,00;0,00;;11/09/2026;28/09/2026;MMC;S;0,02
3MAD4500134;!MADEIRA JEQUITIBA SHORT ATE 1,40 M - BITOLA 4,5CM;18,248;13,21;17,73;16,43;13,39;21,83;0,30;(40,00);0,00;15,34;6,49;6,49(-9,94);12;3.133,50;68.391,86;0,53;0,00;40,00;;29/09/2026;29/09/2026;MMC;S;15,34
3MAD5500134;!MADEIRA JEQUITIBA SHORT ATE 1,40 M - BITOLA 5,5CM;5,894;9,34;12,84;12,00;9,34;57,60;0,13;(40,00);0,00;6,59;51,01;51,01(39,02);12;3.112,47;179.284,67;0,38;0,00;40,00;;29/09/2026;29/09/2026;MMC;S;6,59
3MAD7500134;MADEIRA JEQUITIBA SHORT ATE 1,40 M - BITOLA 7,5CM;0,235;0,97;0,73;0,20;0,50;1,58;2,73;(40,00);0,00;0,29;1,29;1,29(1,10);12;2.974,77;4.709,05;0,02;0,00;40,00;;08/09/2026;23/09/2026;MMC;S;0,29
3MADCARV003;MADEIRA CARVALHO;0,515;20,25;0,17;0,25;0,15;49,69;6,99;(0,00);0,00;0,04;49,65;49,65(49,40);15;3.440,26;170.942,98;0,23;0,00;0,00;;28/09/2026;29/09/2026;MMC;S;0,04
3MADCARV353;MADEIRA CARVALHO - BITOLA 3,5CM;7,237;7,04;9,64;8,50;3,23;163,30;1,00;(0,00);0,00;4,38;158,92;158,92(150,42);15;3.504,93;572.355,72;0,28;0,00;0,00;;22/09/2026;29/09/2026;MMC;S;4,38
3MADCARV453;MADEIRA CARVALHO - BITOLA 4,5CM;5,075;2,30;5,71;2,95;2,94;1,78;0,53;(0,00);0,00;2,32;-0,54;-0,54(-3,49);15;3.390,64;6.045,52;0,12;0,00;0,00;;22/09/2026;29/09/2026;MMC;S;2,32
3MADCARV553;MADEIRA CARVALHO - BITOLA 5,5CM;3,5620000000000003;2,35;2,83;2,14;2,50;0,00;0,09;(0,00);0,00;1,81;-1,81;-1,81(-3,95);15;3.413,04;0,00;0,08;0,00;0,00;;18/09/2026;29/09/2026;MMC;S;1,81
3MADCARV753;MADEIRA CARVALHO - BITOLA 7,5CM;0,40700000000000003;0,15;0,04;0,31;0,22;0,00;3,73;(0,00);0,00;0,50;-0,50;-0,50(-0,81);15;3.219,63;0,00;0,01;0,00;0,00;;28/08/2025;24/09/2026;MMC;S;0,50
3MADCUMARU;***  MADEIRA CUMARU;0,031;0,38;0,00;0,09;0,23;12,87;2,60;(0,00);0,00;0,03;12,84;12,84(12,75);12;2.476,10;31.877,29;0,01;0,00;0,00;;16/09/2026;28/09/2026;MMC;S;0,03
3MAN0000005;!FIBRA TEXT SINT DESFIADA - ATELIE;686,0;660,00;700,00;620,00;340,00;2.630,00;5,00;(900,00);0,00;335,42;2.294,58;2.294,58(1.674,58);50;11,19;29.424,44;22,00;2.000,00;250,00;;11/05/2026;09/09/2026;MAN;N;281,74
3MAN0000006;ENCHIMENTO PLUMA DE GANSO;147,16;303,27;243,99;265,33;226,21;615,00;80,36;(465,00);250,00;235,05;379,95;629,95(364,62);50;36,34;22.350,95;9,03;600,00;5,00;;25/09/2026;29/09/2026;MAN;S;141,05
3MAN0000020;MANTA ULTRA SOFT600 20V 2.05 X 20 MTS. X 500-7 A 8 ALT. US600 2,10;157,51;333,64;373,51;414,55;245,62;175,00;257,08;(475,00);1.000,00;456,15;-281,15;718,85(304,31);50;22,06;3.861,03;12,46;500,00;25,00;;27/08/2026;29/09/2026;MAN;S;362,44
3MAN0000030;MANTA DE POLIESTER RESINADA 140 GM  30MX205CM(ACRILAN) SB150 3,00;20,062;22,88;28,59;35,31;3,69;225,00;17,65;(1.672,00);0,00;26,38;198,62;198,62(163,31);50;24,63;5.542,43;0,96;225,00;15,00;;10/07/2026;28/09/2026;MAN;S;26,38
3MAN0001401;!MANTA DE POLIESTER RESINADA 140 GM 30MX205CM(ACRILAN) SB150 2,40;981,608;1.237,76;1.522,19;1.097,21;891,52;282,30;420,50;(1.672,00);3.042,00;1.157,35;-875,05;2.166,95(1.069,75);50;21,51;6.071,14;42,86;570,00;9,50;;28/09/2026;29/09/2026;MAN;S;892,71
3MAN0001402;MANTA RESINADA DE 60 GR ACRILA TRISOFT DE 3 METROS;51,246;62,21;58,36;28,21;35,68;147,20;59,86;(150,00);0,00;39,09;108,12;108,12(79,91);50;21,80;3.208,52;1,65;96,00;14,40;;16/09/2026;29/09/2026;MAN;S;35,09
3TRLAN600X400;*** TRAVESSEIRO LATEX NATURAL 60 X 40 CM;0,0;0,00;0,00;0,00;0,00;25,00;0,00;(0,00);0,00;76,00;-51,00;-51,00(-51,00);37;138,05;3.451,15;0,00;15,00;1,00;;04/09/2026;16/04/2026;MAN;S;75,00
3FIT15000N;*** FITA DE BORDO NOGUEIRA AMERICANA ROLO 250M - 15 MM;0,0;0,00;0,00;0,00;0,00;750,00;0,00;(250,00);0,00;129,62;620,38;620,38(620,38);30;1,29;968,25;0,00;250,00;250,00;;04/11/2024;20/02/2026;LBO;N;112,40
3FIT15000S;** FITA DE BORDO NATURAL CARVALHO ROLO 200MT –15MM ( CARVALHO VERMELHO );0,0;0,00;0,00;400,00;0,00;400,00;0,00;(250,00);0,00;78,35;321,65;321,65(-78,35);30;0,78;311,20;4,44;250,00;250,00;;23/09/2026;13/08/2026;LBO;N;78,35
3FIT22000FL;!FITA DE BORDO NATURAL FREIJO LAVADO 22 MM                                                                              ( FREIJO CATEDRAL );2800,0;1.800,00;1.024,22;1.614,03;4.723,32;0,00;0,00;(250,00);750,00;3.581,42;-3.581,42;-2.831,42(-4.445,45);30;2,02;0,00;49,31;250,00;250,00;;01/09/2026;28/09/2026;LBO;N;2.680,57
3FIT22000GR;FITA DE BORDO NATURAL GRANOLA 230MT - 22 MM (LOURO PARDO);200,0;5,76;0,00;0,00;19,75;2.200,00;0,00;(0,00);0,00;61,99;2.138,01;2.138,01(2.138,01);30;1,86;4.094,20;0,06;230,00;230,00;;21/01/2026;29/09/2026;LBO;N;24,65
3FIT22000JU;FITA DE BORDO NATURAL JUA 150MT - 22 MM  (FREIJO STRONO CATEDRAL DW 014 );800,0;0,00;0,00;400,00;0,00;950,00;0,00;(0,00);0,00;12,94;937,06;937,06(537,06);30;2,00;1.895,25;4,44;230,00;230,00;;04/07/2025;02/09/2026;LBO;N;12,94
3FIT22000NG;FITA DE BORDO NOGUEIRA AMERICANA ROLO 200MT - 22 MM;0,0;1.500,00;17,70;1.500,00;10,52;1.400,00;0,00;(250,00);500,00;46,34;1.353,66;1.853,66(353,66);30;1,91;2.676,80;33,53;250,00;250,00;;23/09/2026;02/09/2026;LBO;N;46,34
3FIT22000S;FITA DE BORDO NATURAL CARVALHO ROLO 200MT-22MM (CARVALHO VERMELHO );2000,0;1.000,00;0,00;1.002,30;33,73;2.800,00;0,00;(4.172,00);0,00;450,74;2.349,27;2.349,27(1.346,97);30;1,08;3.026,80;22,25;250,00;250,00;;01/09/2026;21/09/2026;LBO;N;257,48
3FIT2245PVC0017;$ FITA DE BORDO FRASSINO ALMENDRA - 22X0,45MM;37,062;1.252,57;0,00;0,00;0,00;0,00;0,00;(1.200,00);0,00;34,45;-34,45;-34,45(-34,45);30;0,83;0,00;13,92;1.200,00;1.200,00;ITEM DE BAIXO CONSUMO;15/10/2024;30/06/2026;LBO;N;23,94
3FIT2245PVC0031;$ FITA DE BORDO BRANCO TX - 22X0,45MM/MAXI PP FROST 210 BRANCO -BOR3MV16247;29,586;1.148,67;0,00;0,00;0,00;0,00;0,00;(50,00);0,00;152,56;-152,56;-152,56(-152,56);30;0,39;0,00;12,76;1.200,00;1.200,00;;17/01/2024;30/06/2026;LBO;N;27,54
3FIT2245PVC0043;$ FITA DE BORDO NATURAL FREIJO - 22X0,45MM (FORN. LOURO FREIJO) - T;11,0;870,00;0,00;0,00;0,00;0,00;0,00;(1.200,00);0,00;115,60;-115,60;-115,60(-115,60);30;0,93;0,00;9,67;1.200,00;1.200,00;;23/10/2024;30/06/2026;LBO;N;85,99
3FIT2245PVC0057;$ FITA DE BORDO DARK - 22X0,45MM (FORN: PRETO DESIGN) - T;0,0;1.540,00;0,00;0,00;0,00;790,00;0,00;(1.200,00);0,00;19,12;770,88;770,88(770,88);30;0,46;362,61;17,11;1.200,00;1.200,00;Itens baixados - estoque de merda NÃO COMPRAR - ITEM DE BAIXO CONSUMO;25/05/2023;30/06/2026;LBO;N;19,12
3FIT2245PVC0059;FITA DE BORDO SEPIA - 22X0,45MM (FORN: NOGUEIRA THAR) - T;66,483;211,88;0,00;0,00;0,00;0,00;0,00;(1.200,00);0,00;18,13;-18,13;-18,13(-18,13);30;0,79;0,00;2,35;1.200,00;1.200,00;ITEM DE BAIXO CONSUMO;26/07/2024;30/06/2026;LBO;N;18,13
3FIT2245PVC0060;$ FITA DE BORDO DAKAR - 22X0,45MM (FORN: PEROLA URBANA) - T;18,988999999999997;280,51;0,00;556,00;0,00;556,00;0,00;(1.200,00);0,00;200,60;355,40;355,40(-200,60);30;0,83;459,26;9,29;1.200,00;1.200,00;Itens baixados - estoque de merda NÃO COMPRAR;18/09/2025;13/08/2026;LBO;N;114,94
3FIT2245PVC0065;$ FITA DE BORDO OAK-22X0,45MM (FORN:PRINT WOOD 2848 CARVALHO MALVA);37,026;1.197,55;0,00;0,00;0,00;0,00;0,00;(300,00);0,00;51,23;-51,23;-51,23(-51,23);30;0,84;0,00;13,31;1.200,00;1.200,00;;18/11/2024;30/06/2026;LBO;N;42,80
3FIT2245PVC0066;$ FITA DE BORDO STEEL-22X0,45MM (FORN:PRINT MATT 19896-A METALLIC SUEDE);8,435;392,91;0,00;0,00;0,00;0,00;0,00;(300,00);0,00;15,43;-15,43;-15,43(-15,43);30;0,76;0,00;4,37;1.200,00;1.200,00;ITEM DE BAIXO CONSUMO;18/10/2023;30/06/2026;LBO;N;12,21
3FIT2245PVC0069;$ FITA DE BORDO ASPARGO-22X0,45MM (FORN:COLOR MATT 21800-E VERTI);14,706999999999999;483,59;0,00;0,00;0,00;0,00;0,00;(300,00);0,00;44,37;-44,37;-44,37(-44,37);30;0,58;0,00;5,37;1.200,00;1.200,00;Itens baixados - estoque de merda NÃO COMPRAR;10/02/2025;30/06/2026;LBO;N;36,30
3FIT2245PVC0070;$ FITA DE BORDO CARBONO MICRO MATT 21890F PRINT - 22X0,45MM                                                             (FORN: CHUMBO MATT) - T;1,3599999999999999;370,17;0,00;0,00;0,00;0,00;0,00;(1.200,00);0,00;112,06;-112,06;-112,06(-112,06);30;0,72;0,00;4,11;1.200,00;1.200,00;ITEM DE BAIXO CONSUMO;01/09/2021;30/06/2026;LBO;N;85,57
3FIT2245PVC0077;$ FITA DE BORDO ROSA CHA 21890F PRINT - 22X0,45MM (FORN: ROSA INFINITO) -;0,0;600,00;0,00;0,00;0,00;0,00;0,00;(1.200,00);0,00;2,29;-2,29;-2,29(-2,29);30;0,79;0,00;6,67;1.200,00;1.200,00;ITEM DE BAIXO CONSUMO;04/04/2024;30/06/2026;LBO;N;2,29
3FIT2245PVC0079;$ FITA DE BORDO QUINOA - 22X0,45MM (FORN: NUDE MICRO) - T;64,482;999,03;0,00;0,00;0,00;0,00;0,00;(1.200,00);0,00;140,73;-140,73;-140,73(-140,73);30;0,92;0,00;11,10;1.200,00;1.200,00;ITEM DE BAIXO CONSUMO;03/06/2026;30/06/2026;LBO;N;77,76
3FIT2245PVC0080;$ FITA DE BORDO CINZA COBALTO MICRO - 22X0,45MM;88,0;455,52;0,00;0,00;0,00;0,00;0,00;(1.200,00);0,00;33,05;-33,05;-33,05(-33,05);30;0,67;0,00;5,06;1.200,00;1.200,00;ITEM DE BAIXO CONSUMO;06/02/2024;30/06/2026;LBO;N;28,50
3FIT29000BR;** FITA DE BORDO NATURAL BARU 200 MT- 29 MM (LOURO PRETO CATEDRAL DW 031 ) );0,0;0,00;0,00;0,00;0,00;200,00;0,00;(0,00);0,00;4,20;195,80;195,80(195,80);30;2,65;529,60;0,00;230,00;230,00;;03/03/2026;29/01/2026;LBO;N;4,20
3FIT29000FL;FITA DE BORDO NATURAL FREIJO LAVADO ROLO 200 MT ( FREIJO CATEDRAL  )  -29 MM;400,0;800,00;2.020,82;1.200,00;2.600,00;0,00;0,00;(250,00);2.250,00;829,98;-829,98;1.420,02(220,02);30;2,75;0,00;44,68;250,00;250,00;;01/09/2026;28/09/2026;LBO;N;790,57
3FIT29000GR;***FITA DE BORDO NATURAL GRANOLA 200 MT- 29 MM (LOURO PARDO);230,0;690,00;4,73;0,00;7,10;1.400,00;0,00;(0,00);260,00;28,85;1.371,15;1.631,15(1.631,15);30;2,52;3.523,80;7,72;230,00;230,00;;23/09/2026;29/09/2026;LBO;N;1,99
3FIT29000JU;FITA DE BORDO NATURAL JUA 150MT - 29 MM (FREIJO STRONG CATEDRAL DW 014 );230,0;0,00;0,00;0,00;0,00;1.600,00;0,00;(0,00);0,00;3,04;1.596,96;1.596,96(1.596,96);30;1,36;2.168,00;0,00;230,00;230,00;;02/06/2025;20/05/2026;LBO;N;3,04
3FIT29000NG;FITA DE BORDO NOGUEIRA AMERICANA ROLO 200MT - 29 MM;800,0;750,00;2.000,00;0,00;2.000,00;0,00;0,00;(250,00);1.700,00;761,35;-761,35;938,65(938,65);30;2,43;0,00;30,56;250,00;250,00;;23/09/2026;24/09/2026;LBO;N;761,35
3FIT29000S;FITA DE BORDO NATURAL CARVALHO –200MT .  29 MM  ( CARVALHO VERMELHO );1200,0;1.600,00;1.200,00;400,00;1.200,00;2.000,00;0,00;(250,00);750,00;377,48;1.622,52;2.372,52(1.972,52);30;2,17;4.348,00;35,56;250,00;250,00;;23/09/2026;03/09/2026;LBO;N;226,87
3FIT53000FL;FITA DE BORDO NATURAL  FREIJO LAVADO ROLO 200 MT ( (FREIJO CATEDRAL ) – 53MM;0,0;200,00;0,00;400,00;200,00;600,00;0,00;(250,00);250,00;403,09;196,91;446,91(46,91);30;4,91;2.946,00;6,67;250,00;250,00;;23/09/2026;10/09/2026;LBO;N;364,23
3FIT53000N;***FITA DE BORDO NATURAL NOGUEIRA  ROLO 250 MT- 53 MM;200,0;0,00;0,00;400,00;200,00;0,00;0,00;(250,00);500,00;77,78;-77,78;422,22(22,22);30;4,34;0,00;4,44;250,00;250,00;;01/09/2026;10/09/2026;LBO;N;63,17
3FIT53000S;FITA DE BORDO NATURAL CARVALHO - 58 MM;0,0;600,00;0,00;0,00;600,00;800,00;0,00;(250,00);0,00;70,59;729,41;729,41(729,41);30;2,91;2.331,20;6,67;250,00;250,00;;23/09/2026;24/09/2026;LBO;N;0,59
3FIT75000GR;***FITA DE BORDO NATURAL GRANOLA 230MT - 75 MM (LOURO PARDO);0,0;0,00;0,00;200,00;0,00;1.800,00;0,00;(0,00);0,00;20,37;1.779,63;1.779,63(1.579,63);30;6,49;11.683,80;2,22;230,00;230,00;;04/07/2025;13/08/2026;LBO;N;20,37
3FIT9645PVC0031;FITA DE BORDO MAX PP FROST 210 BRANCO TX - 96X0,45MM;6,0;271,00;0,00;0,00;0,00;1.175,00;0,00;(300,00);0,00;0,22;1.174,78;1.174,78(1.174,78);30;1,55;1.822,43;3,01;300,00;300,00;ITEM DE BAIXO CONSUMO;25/05/2023;23/06/2026;LBO;N;0,22
3FIT9645PVC0060;FITA DE BORDO DAKAR - 96X0,45MM (FORN: PEROLA URBANA);0,0;70,00;0,00;19,00;8,00;251,00;0,00;(300,00);0,00;0,22;250,78;250,78(231,78);30;4,68;1.173,43;0,99;300,00;300,00;ITEM DE BAIXO CONSUMO;20/07/2026;10/09/2026;LBO;N;0,22
3FIT9645PVC0064;FITA DE BORDO JACARANDA-96X0,45MM (FORN:PRINT WOOD 22866-F CACAU GRAN);10,0;28,00;28,00;234,00;24,00;276,00;0,00;(300,00);0,00;21,28;254,72;254,72(20,72);30;4,43;1.223,23;3,22;300,00;300,00;ITEM DE BAIXO CONSUMO;25/08/2026;28/09/2026;LBO;N;8,00
3FIT9645PVC0072;*** FITA BORDO COALA 21890F PRINT - 96X0,45MM (FORN: OPERA);0,0;246,00;0,00;10,00;0,00;290,00;0,00;(300,00);0,00;15,65;274,35;274,35(264,35);30;4,47;1.296,59;2,84;300,00;300,00;ITEM DE BAIXO CONSUMO;20/07/2026;04/08/2026;LBO;N;9,21
3FIT9645PVC0073;*** FITA BORDO MALTE 21890F PRINT - 96X0,45MM (FORN: TAUPE);0,0;150,00;0,00;10,00;0,00;290,00;0,00;(300,00);0,00;15,75;274,25;274,25(264,25);30;4,21;1.220,90;1,78;300,00;300,00;ITEM DE BAIXO CONSUMO;26/06/2026;10/08/2026;LBO;N;15,75
3FIT9645PVC0074;FITA BORDO CONCRETO 21890F PRINT - 96X0,45MM (FORN: GIANDUIA VELUTTO 6726.ST                                            /FLAT TOP COLOR ) – T;5,337;221,03;0,00;300,00;15,00;229,00;0,00;(300,00);0,00;11,52;217,48;217,48(-82,52);30;4,47;1.023,86;5,79;300,00;300,00;ITEM DE BAIXO CONSUMO;25/08/2026;01/09/2026;LBO;N;8,46
3FIT9645PVC0079;***FITA DE BORDO QUINOA - 96X0,45MM (FORN: NUDE MICRO);1,144;287,39;0,00;300,00;114,72;288,00;97,28;(300,00);0,00;0,66;287,34;287,34(-12,66);30;5,00;1.438,85;6,53;300,00;300,00;ITEM DE BAIXO CONSUMO;21/09/2026;28/09/2026;LBO;N;0,66
3FIT9645PVC0086;***FITA BORDO ARABICA 21890F PRINT - 96X0,45MM (FORN: ITAPUA ESSENCIAL WOOD)                                            - T;1,422;253,63;5,26;0,00;10,00;197,00;11,48;(300,00);0,00;46,14;150,87;150,87(150,87);30;4,68;920,98;2,88;300,00;300,00;ITEM DE BAIXO CONSUMO;20/07/2026;24/09/2026;LBO;N;20,64
3FIT9645PVC0087;*** FITA BORDO AMARANTO 21890F PRINT - 96X0,45MM (FORN: TEKA SOHO THERA);32,805;244,95;0,00;0,00;15,00;285,00;0,00;(300,00);0,00;35,40;249,60;249,60(249,60);30;4,68;1.332,38;2,72;300,00;300,00;ITEM DE BAIXO CONSUMO;15/07/2026;17/09/2026;LBO;N;35,39
3FIT9645PVC0088;FITA BORDO AVELA 21890F PRINT - 96X0,45MM (FORN: NOGUEIRA ASTI ESSENCIAL                                                WOOK);20,693;426,37;10,00;276,00;432,00;0,00;0,00;(300,00);352,00;213,72;-213,72;138,28(-137,72);30;4,55;0,00;7,92;300,00;300,00;ITEM DE BAIXO CONSUMO;21/09/2026;29/09/2026;LBO;N;157,93
3FIT9645PVC0089;*** FITA BORDO CERAMICA 21890F PRINT - 96X0,45MM (FORN: BLUSH ESSENCIAL);60,479;0,08;0,00;0,00;0,00;173,00;0,00;(300,00);0,00;4,37;168,64;168,64(168,64);30;3,94;681,45;0,00;300,00;300,00;ITEM DE BAIXO CONSUMO;28/10/2024;30/06/2026;LBO;N;2,83
3FIT9645PVC0093;*** FITA BORDO LINHACA 21890F PRINT - 96X0,45MM (FORN: ARTEZZANO GRANN);0,0;279,00;0,00;0,00;0,00;300,00;0,00;(300,00);0,00;3,78;296,23;296,23(296,23);30;4,68;1.402,50;3,10;300,00;300,00;ITEM DE BAIXO CONSUMO;29/07/2026;30/06/2026;LBO;N;2,40
3FIT9645PVC0094;FITA BORDO PORCELANA 21890F PRINT - 96X0,45MM (FORN: OFF WHITE ESSENCIAL );72,55199999999999;190,50;10,00;290,00;278,00;322,00;0,00;(300,00);0,00;73,88;248,13;248,13(-41,88);30;4,47;1.439,66;5,45;300,00;300,00;ITEM DE BAIXO CONSUMO;21/09/2026;28/09/2026;LBO;N;57,67
3LAM00000FL;LAMINA NATURAL FREIJO LAVADO - FORN:;0,0;37,50;35,96;30,00;21,00;104,96;0,00;(50,00);0,00;75,67;29,29;29,29(-0,71);30;39,95;4.193,26;1,15;50,00;50,00;;11/09/2026;10/09/2026;LBO;N;67,87
3LAM00000NG;LAMINA NATURAL NOGUEIRA - FORN: MACOPA;30,0;26,50;43,19;0,00;36,52;136,75;0,00;(50,00);0,00;40,44;96,31;96,31(96,31);30;63,96;8.747,08;0,77;50,00;50,00;;06/07/2026;10/09/2026;LBO;N;40,44
3LAM0004000;LAMINA NATURAL IMBUIA - 22/ 37 CM LARGURA    FORN: MACOPA;36,0;13,76;0,00;42,17;24,00;222,00;0,00;(14,00);0,00;80,32;141,68;141,68(99,51);30;35,13;7.797,97;0,62;50,00;50,00;Itens baixados - estoque de merda NÃO COMPRAR - ITEM DE BAIXO CONSUMO;06/07/2026;10/09/2026;LBO;N;80,32
3LAM0004TAU;LAMINA NATURAL CARVALHO - 22/ 37 CM LARGURA FORN: MACOPA;0,0;21,77;0,00;0,00;23,42;263,01;0,00;(24,00);0,00;47,30;215,71;215,71(215,71);30;20,34;5.349,83;0,24;50,00;50,00;;06/07/2026;10/09/2026;LBO;N;47,30
3TAPFUR0017;TAPA FURO FRASSINO ALMENDRA - DIAM 18 X 45 MM;0,0;14,00;14,00;14,00;0,00;14,00;0,00;(45,00);14,00;0,08;13,92;27,92(13,92);30;13,69;191,70;0,47;14,00;14,00;COMPRAR COM OUTROS PRODUTOS DO FORNECEDOR PARA DAR FATURAMENTO.;25/08/2026;05/08/2026;LBO;N;0,08
3TAPFUR0031;TAPA FURO ADESIVO MAXI FROST 210 BRANCO - DIAM 18 X 45 MM  -  BRANCO TX;14,0;28,00;42,00;28,00;14,00;70,00;0,00;(22,00);0,00;9,76;60,24;60,24(32,24);30;15,99;1.119,30;1,09;14,00;14,00;COMPRAR COM OUTROS PRODUTOS DO FORNECEDOR PARA DAR FATURAMENTO.;15/07/2026;16/09/2026;LBO;N;7,24
3TAPFUR0043;TAPA FURO FREIJO - DIAM 18 X 45 MM (FORN: LOURO FREIJO) - B 15881;0,0;0,00;14,00;14,00;0,00;28,00;0,00;(11,00);0,00;1,74;26,26;26,26(12,26);30;15,04;420,98;0,31;14,00;14,00;COMPRAR COM OUTROS PRODUTOS DO FORNECEDOR PARA DAR FATURAMENTO.;25/08/2026;05/08/2026;LBO;N;1,74
3TAPFUR0059;TAPA FURO SEPIA - DIAM 18 X 45 MM (FORN: NOGUEIRA THAR) - D;0,0;14,00;0,00;14,00;14,00;14,00;0,00;(11,00);14,00;0,44;13,56;27,56(13,56);30;14,57;203,99;0,31;14,00;14,00;;25/08/2026;21/09/2026;LBO;N;0,44
3TAPFUR0060;TAPA FURO DAKAR - DIAM 18 X 45 MM (FORN: PEROLA URBANA) - D;0,0;0,00;28,00;28,00;14,00;14,00;0,00;(11,00);28,00;3,14;10,86;38,86(10,86);30;13,99;195,90;0,62;14,00;14,00;;08/07/2026;16/09/2026;LBO;N;1,96
3TAPFUR0064;TAPA FURO JACARANDA-DIAM 18 X 45 MM (FORN:PRINT WOOD 20899-F CACAU GRAN)-                                               B;28,0;14,00;14,00;28,00;0,00;56,00;0,00;(11,00);0,00;7,18;48,82;48,82(20,82);30;14,57;815,92;0,62;14,00;14,00;;21/09/2026;26/08/2026;LBO;N;5,50
3TAPFUR0066;TAPA FURO STEEL-DIAM 18 X 45 MM (FORN:PRINT MATT 19896-A METALLIC SUEDE)-                                               B;0,0;14,00;14,00;14,00;14,00;14,00;0,00;(11,00);14,00;1,14;12,86;26,86(12,86);30;14,57;203,98;0,47;14,00;14,00;;25/08/2026;15/09/2026;LBO;N;0,60
3TAPFUR0070;TAPA FURO CARBONO MICRO MATT 21890F PRINT - DIAM 18 X 45 MM                                                             (FORN: CHUMBO MATT) - B;0,0;0,00;14,00;28,00;14,00;28,00;0,00;(11,00);0,00;4,02;23,98;23,98(-4,02);30;14,42;403,82;0,47;14,00;14,00;;15/09/2026;01/09/2026;LBO;N;4,02
3TAPFUR0072;TAPA FURO COALA - DIAM 18 X 45 MM (FORN: OPERA) - B;0,0;0,00;14,00;14,00;0,00;14,00;0,00;(11,00);14,00;0,16;13,84;27,84(13,84);30;14,97;209,57;0,31;14,00;14,00;ITEM DE BAIXO CONSUMO;25/08/2026;05/08/2026;LBO;N;0,16
3TAPFUR0073;*** TAPA FURO MALTE - DIAM 18 X 45 MM (FORN: TAUPE) - B;0,0;0,00;0,00;14,00;0,00;28,00;0,00;(11,00);0,00;1,50;26,50;26,50(12,50);30;14,57;407,99;0,16;14,00;14,00;ITEM DE BAIXO CONSUMO;08/07/2026;05/08/2026;LBO;N;1,50
3TAPFUR0074;TAPA FURO CONCRETO - DIAM 18 X 45 MM (FORN: GIANDUIA VELUTTO) - B;0,0;0,00;0,00;14,00;0,00;28,00;0,00;(11,00);0,00;0,40;27,60;27,60(13,60);30;10,67;298,68;0,16;14,00;14,00;ITEM DE BAIXO CONSUMO;25/08/2026;05/08/2026;LBO;N;0,40
3TAPFUR0077;TAPA FURO ROSA CHA - DIAM 18 X 45 MM (FORN: ROSA INFINITO) - B;0,0;0,00;28,00;14,00;0,00;42,00;0,00;(11,00);0,00;0,04;41,96;41,96(27,96);30;14,26;598,84;0,47;14,00;14,00;ITEM DE BAIXO CONSUMO;04/09/2026;05/08/2026;LBO;N;0,04
3TAPFUR0079;TAPA FURO QUINOA - DIAM 18 X 45 MM (FORN: NUDE MICRO) - B;0,0;42,00;14,00;28,00;14,00;42,00;0,00;(11,00);0,00;2,82;39,18;39,18(11,18);30;12,84;539,11;0,93;14,00;14,00;;15/09/2026;03/09/2026;LBO;N;2,18
3TAPFUR0080;***TAPA FURO CINZA COBALTO MICRO- DIAM 18 X 45 MM REF:3794;0,0;14,00;14,00;0,00;28,00;14,00;0,00;(4,00);14,00;0,84;13,16;27,16(27,16);30;14,24;199,39;0,31;14,00;14,00;COMPRAR COM OUTROS PRODUTOS DO FORNECEDOR PARA DAR FATURAMENTO.;01/07/2026;03/09/2026;LBO;N;0,04
3TAPFUR0086;***TAPA FURO ARABICA - DIAM 18 X 45 MM (FORN: ITAPUA ESSENCIAL WOOD - T;0,0;28,00;0,00;0,00;0,00;56,00;0,00;(11,00);0,00;0,78;55,22;55,22(55,22);30;11,53;645,90;0,31;14,00;14,00;ITEM DE BAIXO CONSUMO;08/07/2026;18/06/2026;LBO;N;0,58
3TAPFUR0087;***TAPA FURO AMARANTO - DIAM 18 X 45 MM (FORN: TEKA SOHO THERA - T;0,0;0,00;56,00;14,00;14,00;42,00;0,00;(11,00);0,00;0,14;41,86;41,86(27,86);30;11,53;484,43;0,78;14,00;14,00;ITEM DE BAIXO CONSUMO;15/09/2026;10/09/2026;LBO;N;0,14
3TAPFUR0089;*** TAPA FURO CERAMICA - DIAM 18 X 45 MM (FORN: BLUSH ESSENCIAL - T;0,0;0,00;0,00;0,00;0,00;14,00;0,00;(11,00);0,00;0,14;13,86;13,86(13,86);30;10,16;142,25;0,00;14,00;14,00;ITEM DE BAIXO CONSUMO;13/06/2025;15/05/2025;LBO;N;0,14
3TAPFUR0093;***TAPA FURO LINHACA - DIAM 18 X 45 MM (FORN: ARTEZZANO GRANN - T;0,0;0,00;0,00;0,00;14,00;14,00;0,00;(11,00);0,00;0,16;13,84;13,84(13,84);30;11,53;161,48;0,00;14,00;14,00;ITEM DE BAIXO CONSUMO;29/05/2026;23/09/2026;LBO;N;0,16
3TAPFUR0094;TAPA FURO PORCELANA - DIAM 18 X 45 MM (FORN: OFF WHITE ESSENCIAL - T;14,0;56,00;70,00;56,00;84,00;56,00;0,00;(11,00);0,00;14,59;41,41;41,41(-14,59);30;11,35;635,43;2,02;14,00;14,00;ITEM DE BAIXO CONSUMO;21/09/2026;29/09/2026;LBO;N;12,89
3TAPFURCARVB;#TAPA FURO CARVALHO BERLIN - DIAM 18 X 45 MM (FORN: ) - D;0,0;0,00;0,00;0,00;0,00;0,00;0,00;(11,00);0,00;0,80;-0,80;-0,80(-0,80);30;0,00;0,00;0,00;14,00;14,00;;01/01/1900;01/01/1900;LBO;N;0,80
3CRDENGADIR;#ENGATE DIREITO PARA CORREDICA TANDEM (REF:06223467) - BLUM;904,0;996,00;1.072,00;932,00;882,00;2.226,00;293,00;(174,00);0,00;2.261,00;-35,00;-35,00(-967,00);30;3,63;8.089,28;33,33;6,00;6,00;COMPRAR JUNTOS 3CRDENGADIR  3CRDENGAESQ  3CRDTANDE45;29/09/2026;29/09/2026;CRD;S;2.152,00
3CRDENGAESQ;#ENGATE ESQUERDO PARA CORREDICA TANDEM (REF:05130380) - BLUM;904,0;996,00;1.072,00;932,00;882,00;2.226,00;274,00;(114,00);0,00;2.261,00;-35,00;-35,00(-967,00);30;3,63;8.089,28;33,33;6,00;6,00;COMPRAR JUNTOS 3CRDENGADIR  3CRDENGAESQ  3CRDTANDE45;29/09/2026;29/09/2026;CRD;S;2.152,00
3CRDINV0D40;# CORREDICA QUADRO 25 400MM SISY DIREITA (9126043) BIGFER;0,0;0,00;0,00;0,00;0,00;14,00;0,00;(660,00);0,00;2,00;12,00;12,00(12,00);21;22,98;321,65;0,00;50,00;10,00;SUBSTITUIDO POR 3CRDKITV6INV40;30/10/2025;25/09/2025;CRD;S;2,00
3CRDKITV6INV30;# $ KIT CORREDICA INVISIVEL QUADRO V6 300 BIGFER (37521);6,0;21,00;23,00;9,00;2,00;59,00;16,00;(660,00);0,00;36,00;23,00;23,00(14,00);30;38,53;2.273,21;0,59;50,00;10,00;SUBSTITUIDA POR 3COCGG10CSCL30;17/09/2026;28/09/2026;CRD;S;36,00
3CRDKITV6INV35;# $ KIT CORREDICA INVISIVEL QUADRO V6 350 BIGFER (37522);54,0;135,00;119,00;37,00;68,00;37,00;9,00;(660,00);0,00;33,00;4,00;4,00(-33,00);21;40,55;1.500,17;3,23;50,00;10,00;SUBSTITUIDA POR 3COCGG10CSCL35;22/07/2026;29/09/2026;CRD;S;33,00
3CRDKITV6INV40;# $ KIT CORREDICA INVISIVEL QUADRO V6 400 BIGFER (37525);179,0;230,00;195,00;162,00;176,00;232,00;17,00;(660,00);0,00;119,00;113,00;113,00(-49,00);21;44,03;10.214,26;6,52;50,00;10,00;SUBSTITUIDA POR 3COCGG10CSCL40;17/09/2026;29/09/2026;CRD;S;119,00
3CRDKITV6INV45;# $ KIT CORREDICA INVISIVEL QUADRO V6 450 BIGFER (37524);265,0;797,00;259,00;182,00;170,00;199,00;38,00;(660,00);0,00;258,00;-59,00;-59,00(-241,00);21;46,38;9.229,62;13,76;50,00;10,00;SUBSTITUIDA POR 3COCGG10CSCL45;22/07/2026;29/09/2026;CRD;S;238,00
3CRDTANDE50;#CORREDICA TANDEM BLUMOTION 500MM (REF:06252652) - BLUM;426,0;510,00;482,00;356,00;418,00;805,00;115,00;(150,00);330,00;1.310,00;-505,00;-175,00(-531,00);30;97,29;78.319,26;14,98;6,00;6,00;COMPRAR JUNTOS 3CRDENGADIR  3CRDENGAESQ  3CRDTANDE45;29/09/2026;29/09/2026;CRD;S;1.249,00
3CALBLUMDOBNI;(3DBRBLCALCO)CALCO DA DOBRADICA BLUM RETO H-0 MM C/ REGULAGEM DE ALTURA                                                 COM BUCHA EXP ANDO - NIQUELADO - 177H3100E10DUEPL (06790071) - BLUM;500,0;2.812,00;3.904,00;3.900,00;3.651,00;3.500,00;1.801,00;(1.250,00);5.000,00;10.779,00;-7.279,00;-2.279,00(-6.179,00);30;2,99;10.472,00;117,96;500,00;500,00;3DBRBLCALCO;29/09/2026;29/09/2026;DBR;S;10.126,00
3DBR0000325;DOBRADICA P/  PORTA CHANFRADA NIGUELADA 32500708;0,0;0,00;2,00;2,00;0,00;38,00;0,00;(90,00);0,00;8,00;30,00;30,00(28,00);50;69,23;2.630,66;0,04;40,00;10,00;;19/02/2026;24/08/2026;DBR;S;8,00
3DBR00RET107;$DOBRADICA CLIP 107° BAIXA(RETA) S/MOLA COM BUCHA EXPANDO 74T158E.TL                                                    (08436143) BLUM;487,0;180,00;25,00;0,00;12,00;0,00;1,00;(700,00);0,00;14,00;-14,00;-14,00(-14,00);25;6,17;0,00;2,28;50,00;50,00;LOTE DE 600 UN FAT MINIMO. PEDIR JUNTO COM CALCO 3DBRSMORETA - 3DBRB107SMRTNI;05/06/2026;24/09/2026;DBR;S;14,00
3DBRAMT20PT;SISTEMA DOBRADICA AMORT HG-JHM20 PRETA CODIGO 012854  (PAR);21,0;20,00;5,00;15,00;11,00;26,00;3,00;(1,00);4,00;20,00;6,00;10,00(-5,00);21;276,88;7.198,80;0,44;1,00;1,00;;18/09/2026;17/09/2026;DBR;S;20,00
3DBRB107SMRPNI;(3DBR00CUR107)DOBRADICA BLUM 107° SEM MOLA CLIP TOP                                                                     RECOBRIMENTO PARCIAL PARA PARAFUSO - NIQUELADO - 74T1650.TL (06974603) - BLUM;0,0;45,00;56,00;50,00;5,00;179,00;10,00;(700,00);0,00;10,00;169,00;169,00(119,00);30;7,42;1.327,29;1,68;50,00;50,00;LOTE DE 600 UN FAT MINIMO. PEDIR JUNTO COM CALCO 3DBRSMORETA - 3DBR00CUR107;14/07/2026;11/09/2026;DBR;S;10,00
3DBRB107SMRTNI;(3DBR00RET107)DOBRADICA BLUM 107° SEM MOLA CLIP TOP RECOBRIMENTO TOTAL C                                                OM BUCHA EXPAN DO - NIQUELADO - 74T158E.TL (08436143) - BLUM;20,0;258,00;482,00;403,00;485,00;792,00;393,00;(700,00);250,00;1.335,00;-543,00;-293,00(-696,00);25;6,31;4.994,35;12,70;250,00;250,00;LOTE DE 600 UN FAT MINIMO. PEDIR JUNTO COM CALCO 3DBRSMORETA - 3DBR00RET107;29/09/2026;29/09/2026;DBR;S;1.203,00
3DBRB110CMRPNI;(3DBRTOPCURV)DOBRADICA BLUM 110° COM MOLA CLIP TOP BLUMOTION RECOBRIMENT                                                O PARCIAL COM BUCHA EXPANDO - NIQUELADO - 71B368E (08885923) - BLUM;217,0;622,00;771,00;1.177,00;842,00;1.570,00;350,00;(175,00);1.250,00;2.912,00;-1.342,00;-92,00(-1.269,00);30;17,52;27.501,69;28,56;250,00;250,00;3DBRTOPCURV;29/09/2026;28/09/2026;DBR;S;2.751,00
3DBRB110CMRTNI;(3DBRTOPRETA)DOBRADICA BLUM 110° COM MOLA CLIP TOP BLUMOTION RECOBRIMENT                                                O TOTAL COM BUCHA EXPANDO - NIQUELADO - 71B358E (08885233) - BLUM;236,0;1.710,00;2.334,00;2.047,00;2.091,00;2.250,00;973,00;(1.000,00);2.750,00;5.855,00;-3.605,00;-855,00(-2.902,00);30;16,36;36.801,00;67,68;250,00;250,00;3DBRTOPRETA;29/09/2026;29/09/2026;DBR;S;5.530,00
3DBRB155SMRTNI;(3DBR155CTBTOSM)DOBRADICA BLUM 155° SEM MOLA CLIP TOP                                                                   RECOBRIMENTO TOTAL PARA PARAFUSO - NIQUELADO - 70T758E.TL (07672930) - BLUM;10,0;51,00;172,00;52,00;103,00;275,00;69,00;(0,00);125,00;312,00;-37,00;88,00(36,00);30;25,25;6.943,20;3,06;125,00;125,00;FAT MIN 800 REAIS - 3DBR155CTBTOSM;24/09/2026;25/09/2026;DBR;S;310,00
3DBRB95CMRENI;(3DBRCAFALPEMBB)DOBRADICA BLUM 95° CANTO FALSO COM MOLA CLIP TOP BLUMOTI                                                ON RECOBRIMENTO EMBUTIDA COM BUCHA EXPANDO - NIQUELADO - 79B958E (00044663) - BLUM;9,0;99,00;90,00;86,00;43,00;187,00;247,00;(0,00);0,00;203,00;-16,00;-16,00(-102,00);30;22,15;4.142,05;3,06;250,00;250,00;FAT MIN 800 REAIS - 3DBRCAFALPEMBB;07/07/2026;29/09/2026;DBR;S;198,00
3DBRBLCALCO;$CALCO DA DOBRADICA BLUM C/ REGULAGEM DE ALTURA C/ BUCHA - 06790071 BLUM;3581,0;1.235,00;380,00;61,00;45,00;0,00;919,00;(1.250,00);0,00;28,00;-28,00;-28,00(-89,00);30;2,99;0,00;18,62;250,00;250,00;3CALBLUMDOBNI;05/06/2026;24/09/2026;DBR;S;28,00
3DBRINV26MM;DOBRADICA INVISIVEL ZYSA 180G 20-26MM LTA FC CODIGO 341.13.507;48,0;24,00;24,00;36,00;32,00;130,00;0,00;(1,00);0,00;16,00;114,00;114,00(78,00);50;17,87;2.322,84;0,93;96,00;24,00;;27/07/2026;29/09/2026;DBR;S;16,00
3DBRSANFO45;DOBRADICA SANFONADA 45MM X 11MM (DOB. INVISIVEL 45MM MAD DIVINOPOLIS);20,0;12,00;124,00;24,00;16,00;114,00;4,00;(1,00);0,00;12,00;102,00;102,00(78,00);20;11,09;1.264,26;1,78;36,00;36,00;;07/08/2026;22/09/2026;DBR;S;12,00
3DBRTOPCURV;$DOBRADICA BLUM CURVA-CLIP TOP BLUMOTION ALTA(AMORT.INTEGRADO) 08885923 BLUM;866,0;175,00;34,00;2,00;0,00;0,00;16,00;(175,00);0,00;4,00;-4,00;-4,00(-6,00);30;17,48;0,00;2,34;250,00;250,00;3DBRB110CMRPNI;05/06/2026;13/08/2026;DBR;S;4,00
3DBRTOPRETA;$DOBRADICA BLUM RETA-CLIP TOP BLUMOTION BAIXA(AMORT.INTEGRADO) 08885233;2033,0;764,00;299,00;61,00;33,00;0,00;3,00;(1.000,00);0,00;10,00;-10,00;-10,00(-71,00);30;16,34;0,00;12,49;250,00;250,00;3DBRB110CMRTNI;30/07/2026;24/09/2026;DBR;S;10,00
3DOB0000450;# CATRACA PARA REGULAGEM DE ENCOSTO DE SOFA - IMPORTADA;128,0;294,00;6,00;1,00;64,00;4.882,00;60,00;(950,00);0,00;5,00;4.877,00;4.877,00(4.876,00);120;16,54;80.743,40;3,34;5.000,00;100,00;3DOB0000703 - CRT;28/07/2026;28/09/2026;DBR;S;5,00
3DOB0000450B;!CATRACA P/ REGULAGEM ENCOSTO DE SOFA - IMPORTADA (AMARELA)                                                             IS450Y-12-90;98,0;322,00;354,00;448,00;426,00;250,00;229,00;(950,00);3.000,00;548,00;-298,00;2.702,00(2.254,00);120;36,21;9.051,50;12,49;2.000,00;100,00;CRT . .3DOB0000704;30/05/2026;29/09/2026;DBR;S;424,00
3EMB0000001;FARDO DE MALHA PARA EMBALAGEM;1400,0;1.570,18;1.515,06;1.140,00;1.160,00;1.129,96;0,00;(1.760,00);1.000,00;388,99;740,97;1.740,97(600,97);22;13,16;14.869,14;46,95;1.000,00;20,00;;16/09/2026;28/09/2026;EMB;N;294,24
3EMB0000002;!PLASTICO LISO TRANSPARENTE 1,40(DUPLO 2,80)X70                                                                         (35 P/PAREDE-UNILIDER);2612,73;3.510,71;2.355,68;2.730,41;2.226,35;0,00;0,00;(300,00);4.800,00;158,99;-158,99;4.641,01(1.910,60);35;15,71;0,00;95,52;500,00;100,00;;08/09/2026;28/09/2026;EMB;N;122,20
3EMB0000003;SACO PLASTICO 75X100X0,08 P/ ALMOFADAS;500,0;750,00;1.200,00;400,00;350,00;1.250,00;0,00;(1.000,00);0,00;323,00;927,00;927,00(527,00);28;1,19;1.487,50;26,11;2.000,00;1.000,00;;25/06/2026;22/09/2026;EMB;N;256,00
3EMB0000005;SACO PLASTICO POLIETILENO 1000X2100X0,07 PRETO;800,0;600,00;850,00;1.100,00;500,00;2.975,00;0,00;(500,00);0,00;14,10;2.960,90;2.960,90(1.860,90);19;2,70;8.017,63;28,33;3.000,00;500,00;;04/09/2026;28/09/2026;EMB;N;14,10
3EMB0000006;!PLASTICO BOLHA 1002-BOBINA 1,30X100 MTS.SOFT EXTRA;0,0;9,60;60,80;44,80;19,20;80,00;0,00;(10,00);0,00;1,77;78,23;78,23(33,43);26;18,77;1.501,20;1,28;96,00;3,20;;21/08/2026;28/09/2026;EMB;N;1,56
3EMB0000VDR;PERFIL BRANCO P/ VIDRO OMEGA 40X50X2 PE2D30ML - 260M/PCT;260,0;780,00;260,00;260,00;520,00;3.120,00;0,00;(6.000,00);0,00;191,69;2.928,31;2.928,31(2.668,31);35;0,90;2.817,36;14,44;3.120,00;260,00;;01/09/2026;15/09/2026;EMB;N;172,49
3EMB0001000;SACO PLASTICO P/EMBALAGEM DE CADEIRA 1000X1300X0.08 TRANSPARENTE;7,35;3,20;3,50;5,80;4,60;5,00;0,00;(5,00);5,00;0,14;4,86;9,86(4,06);19;2.080,32;10.401,62;0,14;5,00;1,00;;11/09/2026;22/09/2026;EMB;N;0,13
3EMB0001430;EMBALAGENS DE PLASTICOS DE 14 X 28 CM;1000,0;1.000,00;5.000,00;1.000,00;2.000,00;7.000,00;0,00;(1.000,00);0,00;3,00;6.997,00;6.997,00(5.997,00);21;0,07;462,00;77,78;1.000,00;1.000,00;;07/05/2026;28/09/2026;EMB;N;3,00
3EMB0009X14;!EMBALAGENS DE PLASTICOS DE 9 X 14 CM;7000,0;7.500,00;11.000,00;10.000,00;5.500,00;9.500,00;0,00;(500,00);18.000,00;60,00;9.440,00;27.440,00(17.440,00);21;0,04;332,50;316,67;18.000,00;500,00;;18/08/2026;28/09/2026;EMB;N;60,00
3EMB02870F0;PLASTICO POLI-PELICULA PEAD VIRGEM 2,00 X 70 TUBULAR(35 P/PAREDE)                                                       C/ MICROFUROS ESP-FUROS 15CM/C+DELIZADOR (SACO DE EMBALAGEM);1045,0;1.658,57;905,00;1.523,92;985,00;1.460,09;0,00;(1.000,00);1.060,26;259,35;1.200,74;2.261,00(737,08);35;17,10;24.961,70;45,42;1.000,00;1.000,00;;23/09/2026;29/09/2026;EMB;N;199,43
3EMBCANTPAR;!CANTONEIRA DENTADA PARDA - 3000 X 50 X 50 X 3,5MM;1500,0;1.000,00;2.000,00;1.000,00;1.580,00;0,00;0,00;(909,00);2.500,00;169,29;-169,29;2.330,71(1.330,71);30;3,37;0,00;44,44;500,00;500,00;;22/09/2026;23/09/2026;EMB;N;118,45
3EMBPERPA60;!PERFIL CANTONEIRA PAPELAO RECICLADO 600X40X40X3,5;9200,0;10.000,00;15.000,00;10.400,00;9.600,00;10.000,00;0,00;(17.000,00);10.000,00;283,34;9.716,66;19.716,66(9.316,66);30;0,66;6.550,00;393,33;10.000,00;1.000,00;;22/09/2026;22/09/2026;EMB;N;248,45
3FASTFIX22;FITA FAST FIX 22MM - ROLO 10 MT  (0004.2210);4,0;0,00;0,00;2,00;20,00;173,00;0,00;(0,00);0,00;70,00;103,00;103,00(101,00);22;5,82;1.006,86;0,02;20,00;20,00;;13/07/2026;24/09/2026;EMB;N;70,00
3FILMEBP220;!BOBINA PE FOLHA CORTE 220 X 0,04 - CANELA;453,2;1.363,00;1.320,00;885,50;1.083,80;2.430,00;0,00;(675,00);0,00;1.463,15;966,85;966,85(81,35);43;10,19;24.751,98;39,65;1.000,00;25,00;VAI SUBSTITUIR 3FILME00BPO;27/08/2026;28/09/2026;EMB;N;1.147,39
3FIT0001950;FITA EURO CREPE 6143 19X50;50,0;25,00;37,00;0,00;41,00;72,00;0,00;(96,00);0,00;1,51;70,49;70,49(70,49);22;4,73;340,56;0,69;48,00;48,00;;07/07/2026;24/09/2026;EMB;N;1,51
3FIT0002550;FITA EURO CREPE 6143 25X50;320,0;328,00;294,00;246,00;327,00;422,00;0,00;(72,00);0,00;128,76;293,24;293,24(47,24);22;6,28;2.651,00;9,64;48,00;48,00;;29/09/2026;29/09/2026;EMB;N;99,16
3FIT0005050;FITA EURO CREPE 6143 50X50;660,0;650,00;719,00;709,00;659,00;706,00;0,00;(85,00);144,00;164,50;541,50;685,50(-23,50);22;12,69;8.957,02;23,09;48,00;48,00;;29/09/2026;25/09/2026;EMB;N;124,50
3FIT048X100;!FITA ADESIVA PLASTICA TRANSPARENTE PP AR9 45 48X100 PLAST.MANU                                                         - (PLASTICO E PAPEL);3899,0;4.619,00;3.498,00;4.844,00;4.008,00;2.611,00;0,00;(2.880,00);3.360,00;339,44;2.271,56;5.631,56(787,56);23;4,79;12.517,13;144,01;840,00;840,00;;29/09/2026;29/09/2026;EMB;N;254,67
3PAP0000040;!PAPELAO BISMARK N 40 1,8 MM ESPESSURA;200,0;400,00;400,00;175,00;50,00;750,00;0,00;(375,00);800,00;97,39;652,61;1.452,61(1.277,61);99;7,37;5.529,00;10,83;800,00;800,00;ATENçãO PARA O PEDIDO MINIMO 1000 KG.;25/08/2026;29/09/2026;EMB;N;78,97
3PAP0000060;PAPEL KRAFT BRANCO(MANTEIGA) COM 60 CMS DE LARGURA;15,7;15,00;0,00;0,00;15,00;60,00;0,00;(30,00);0,00;8,92;51,08;51,08(51,08);19;26,06;1.563,42;0,17;100,00;10,00;;07/05/2026;10/09/2026;EMB;N;0,67
3PAP0000130;!BOBINA PAPELAO ONDULADO-1,20 LARGURA;3319,0;8.632,00;5.437,00;7.190,00;7.494,00;1.946,00;0,00;(2.800,00);7.722,00;97,99;1.848,01;9.570,01(2.380,01);23;3,54;6.894,68;236,21;1.000,00;100,00;;23/09/2026;24/09/2026;EMB;N;69,41
3PAP0000160;!BOBINA PAPELAO ONDULADO-1,60 LARGURA;3803,06;8.026,40;8.632,54;7.857,00;10.109,00;1.078,00;0,00;(2.800,00);7.803,00;569,83;508,17;8.311,17(454,17);23;3,71;4.002,61;272,40;1.000,00;100,00;;23/09/2026;29/09/2026;EMB;N;402,40
3PAP0000F03;!PAPEL KRAFT REF. F03 KAE050 AERADO F03 80G/200M/160 3POL FURADO;7600,0;10.200,00;10.200,00;12.600,00;8.600,00;6.600,00;0,00;(7.000,00);6.000,00;14.962,82;-8.362,82;-2.362,82(-14.962,82);20;1,02;6.718,80;366,67;3.000,00;200,00;;22/09/2026;28/09/2026;EMB;N;11.971,86
3PAP0008829;!PAPEL BRANCO REF. APERGPLOTER 1,50X250 MTS.;1750,0;250,00;750,00;1.750,00;1.750,00;12.250,00;0,00;(3.750,00);0,00;15.649,66;-3.399,66;-3.399,66(-5.149,66);20;0,80;9.836,75;30,56;3.750,00;250,00;LOTE MINIMO DE 2500 OU SEJA 10 BOBINAS, CONSEGUIMOS UM DESCONTO MAIOR NA COMPRA.;13/08/2026;23/09/2026;EMB;N;12.094,10
3PAP120X300;CHAPA PAPELAO ONDULADO 1200 MM X 3000 MM SIMPLE 390 GRS-                                                                ESPESSURA DE 3,5 MM;2640,0;1.710,00;2.276,00;2.205,00;1.706,00;1.560,00;0,00;(20,00);4.534,00;147,91;1.412,09;5.946,09(3.741,09);39;7,91;12.344,28;68,79;300,00;100,00;;29/09/2026;10/09/2026;EMB;N;111,63
3PEL0CINZES;GOLD MAX  CINZA ESCURO SEMI BRILHO REMOVIVEL 0.08 - 1,22 LARGURA X 50M                                                  - COD 0014540129;100,0;450,00;400,00;200,00;350,00;150,00;0,00;(100,00);200,00;534,01;-384,01;-184,01(-384,01);16;31,70;4.755,45;11,67;200,00;50,00;;18/08/2026;23/09/2026;EMB;N;505,35
3SAC060X100;SACO PLASTICO P/EMBALAGEM DE ALMOFADAS 60X80X10;100,0;100,00;450,00;200,00;200,00;1.850,00;0,00;(200,00);0,00;155,00;1.695,00;1.695,00(1.495,00);36;0,86;1.594,70;8,33;1.500,00;100,00;;28/07/2026;29/09/2026;EMB;N;153,00
3SAC110X150;SACO PLASTICO P/EMBALAGEM DE ALMOFADAS 110X150X0,10 TRANSPARENTE;44,0;50,00;114,00;100,00;186,00;1.100,00;0,00;(300,00);0,00;88,00;1.012,00;1.012,00(912,00);28;2,70;2.970,00;2,93;1.000,00;100,00;;18/08/2026;29/09/2026;EMB;N;80,00
3TUBOPO40X8;TUBO DE POLIETILENO EXPANDIDO DIAM.INTERNO 45MM ESPESSURA 8MM;200,0;1.800,00;3.100,00;4.000,00;3.100,00;2.200,00;0,00;(2.000,00);5.800,00;51,40;2.148,60;7.948,60(3.948,60);30;1,13;2.486,00;98,89;5.800,00;5.800,00;;13/08/2026;28/09/2026;EMB;N;47,40
3ARM00AER39;RETRATIL S/SUPORTE - BASE 30 - 90 X 5 CM - ROLDANA DOBRADA RT05.0020 ARTIMEC;2,0;1,00;3,00;2,00;3,00;8,00;1,00;(5,00);0,00;4,00;4,00;4,00(2,00);38;24,31;194,48;0,07;10,00;10,00;;31/08/2026;25/09/2026;ARM;S;4,00
3ARM00UNI59;!RETRATIL C CAR TRANSP. - 2 CORTES - 94 X 39 X 44 X 59 CM RT07.0002;86,0;23,00;47,00;53,00;29,00;47,00;18,00;(260,00);60,00;27,00;20,00;80,00(27,00);37;64,31;3.022,76;1,37;20,00;20,00;;22/09/2026;29/09/2026;ARM;S;27,00
3ARM00UNI79;!RETRATIL C CAR TRANSP. - 2 CORTES - 94 X 39 X 44 X 79 CM RT07.0003;297,0;62,00;44,00;43,00;43,00;280,00;31,00;(260,00);0,00;43,00;237,00;237,00(194,00);37;73,69;20.632,64;1,66;20,00;20,00;;30/06/2026;25/09/2026;ARM;S;40,00
3ARM120X120;!MOLA S/ BORDA P/ SOFA 3000 1,23X1,20X12,5 PO 02.4103 - CONFIG. 215;198,084;179,42;194,84;152,71;165,24;145,00;66,77;(60,00);210,00;230,60;-85,60;124,41(-28,31);30;145,41;21.083,87;5,86;20,00;10,00;;28/09/2026;29/09/2026;ARM;S;158,93
3ARMSRUNI59;RETRATIL C CAR TRANSP. - SEM CORTES - 94 X 0 X 59 CM RT03.0139;6,0;2,00;6,00;14,00;16,00;11,00;5,00;(260,00);20,00;17,00;-6,00;14,00(0,00);37;64,63;710,94;0,24;20,00;20,00;;14/05/2026;29/09/2026;ARM;S;14,00
3ARMSRUNI79;RETRATIL C CAR TRANSP. - SEM CORTES - 94 X 0 X 79 CM RT03.0130;45,0;83,00;163,00;124,00;129,00;115,00;58,00;(260,00);160,00;218,00;-103,00;57,00(-67,00);37;74,20;8.532,66;4,11;20,00;20,00;;22/09/2026;29/09/2026;ARM;S;165,00
3MOGL120X120;MOLA POCKET 123X125,5X10 (19X19) – CONFIG. 235;47,59;97,64;79,45;101,65;69,37;80,00;36,05;(60,00);100,00;99,11;-19,11;80,89(-20,76);30;126,76;10.140,88;3,10;20,00;10,00;SUBSTITUIDO POR 3MOLPK120X120;28/09/2026;29/09/2026;ARM;S;71,75
3MOL0000010;!MOLA DE ACO SOLTA COM 10 CMS P/ BRACO DE SOFA. COD.2080017;121,128;232,35;233,14;182,88;192,22;214,00;72,21;(110,00);320,00;298,56;-84,56;235,44(52,56);30;14,70;3.144,73;7,20;80,00;20,00;;28/09/2026;29/09/2026;ARM;S;194,03
3MOL0000071;!MOLA ZIG ZAG N. 8 CORTADA COM 59.5 CMS (SEM GANCHO);1743,0;1.503,00;1.360,00;1.008,00;1.282,00;1.250,00;513,39;(1.000,00);2.000,00;1.722,00;-472,00;1.528,00(520,00);30;2,75;3.441,25;43,01;1.000,00;1.000,00;;20/07/2026;29/09/2026;ARM;S;1.463,00
3MOL0000545;MOLA ZIG ZAG N. 8 CORTADA COM 54.5 CMS (SEM GANCHO);810,0;696,99;498,00;429,00;387,00;1.300,00;404,00;(1.000,00);0,00;751,00;549,00;549,00(120,00);30;2,79;3.632,20;18,04;1.000,00;1.000,00;;01/07/2026;25/09/2026;ARM;S;577,00
3MOLGL000024;MOLA POCKET 135X185X10 (21X28) – CONFIG. 235;71,251;39,22;24,41;31,12;15,50;70,00;7,56;(0,00);20,00;22,21;47,79;67,79(36,67);30;205,26;14.368,48;1,05;20,00;20,00;SUBSTITUIDO POR 3MOLPK000024;28/09/2026;29/09/2026;ARM;S;14,02
3MOLGL78X085;MOLA POCKET 77X86X10 (12X13) – CONFIG. 235;18,14;31,00;15,00;21,73;20,89;21,00;12,48;(0,00);24,00;15,73;5,27;29,27(7,54);30;48,43;1.017,09;0,75;10,00;0,00;SUBSTITUIDO POR 3MOLPK78X085;28/09/2026;29/09/2026;ARM;S;13,73
3FIT4312VHB;FITA PARA COLAR VIDRO DF VHB 12MM X 20M X 0,9MM TRANSP.IND;19,0;37,00;42,00;17,00;47,00;55,00;0,00;(94,00);0,00;44,65;10,35;10,35(-6,65);37;38,20;2.100,73;1,07;10,00;10,00;;22/09/2026;17/09/2026;ABR;N;39,06
3FIT4312VHB3M;FITA PARA COLAR VIDRO DF VHB 4312 3M 19MM X 33M .ACRILICO CINZA;10,0;20,00;20,00;10,00;21,00;29,00;0,00;(94,00);0,00;2,06;26,94;26,94(16,94);46;58,22;1.688,47;0,56;10,00;10,00;3M BRASIL;22/09/2026;23/09/2026;ABR;N;1,54
3LHO0015012;*** DISCO DE LIXA 1944 125MM C/F P150- REF SIA – 1944;0,0;0,00;0,00;200,00;0,00;300,00;0,00;(2.353,00);0,00;6,80;293,20;293,20(93,20);35;1,04;312,60;2,22;1.000,00;1,00;;27/07/2026;26/08/2026;ABR;N;4,25
3LHO0080012;!LIXA HOOKIT BRANCA C/F. #80 125MM.REF:A396 . NORTON;204,0;816,00;918,00;0,00;204,00;5.406,00;0,00;(2.353,00);0,00;4.850,00;556,00;556,00(556,00);35;0,81;4.362,64;19,27;1.000,00;1,00;;30/06/2026;15/09/2026;ABR;N;3.856,00
3LHO0080012S;LIXA HOOKIT GOLD 255Z MR2L  S/F #80 125MM;1800,0;3.550,00;2.900,00;3.850,00;3.537,00;0,00;0,00;(2.353,00);7.290,00;296,00;-296,00;6.994,00(3.144,00);60;2,16;0,00;114,44;1.000,00;1,00;;28/08/2026;28/09/2026;ABR;N;224,00
3LIX0001151;ESPONJA ABRASIVA FINA AZUL   PAD 115 X 140 X GR /220;560,0;650,00;520,00;360,00;260,00;990,00;0,00;(600,00);600,00;2,46;987,54;1.587,54(1.227,54);50;2,68;2.652,21;17,00;600,00;600,00;;28/07/2026;21/09/2026;ABR;N;1,54
3LIX0411G500;!LIXA DISCO ZC 411 X 125 MM G- 0050 C/VELCRO- DIRFUS;900,0;900,00;1.150,00;1.250,00;1.400,00;1.500,00;0,00;(1.200,00);1.200,00;742,95;757,05;1.957,05(707,05);60;3,00;4.498,50;36,67;1.200,00;1.200,00;ACRE CAXIAS - RS;16/09/2026;24/09/2026;ABR;N;723,95
3LIX334U120;LIXA GRAO 120 - DISCO 3M 735U LILAS HK GR. P120 127,00 C/FUROS;4100,0;8.400,00;5.500,00;4.900,00;4.800,00;6.200,00;0,00;(1.519,00);7.214,00;341,00;5.859,00;13.073,00(8.173,00);60;1,37;8.481,60;208,89;1.000,00;1,00;;18/09/2026;25/09/2026;ABR;N;261,00
3LIX334U220;LIXA GRAO 220 - DISCO 3M 775L  LILAS HK GR. P220 127,00 C/FUROS;8970,0;15.900,00;6.140,00;11.260,00;9.000,00;3.300,00;0,00;(10.000,00);15.500,00;550,50;2.749,50;18.249,50(6.989,50);40;1,37;4.504,50;370,00;600,00;100,00;;25/09/2026;29/09/2026;ABR;N;550,50
3SIL0109040;BATENTE AUTO-ADESIVO EM PU CODIGO 20000 (CARTELA COM 450 UN.) POINT;2250,0;1.800,00;900,00;900,00;900,00;19.800,00;0,00;(3.150,00);0,00;148,00;19.652,00;19.652,00(18.752,00);10;0,21;4.059,00;40,00;5.400,00;450,00;;01/06/2026;23/09/2026;ABR;N;148,00
3ALTEAR50AV;***ALMOFADA TEAR TELA - 50 X 50 CM - COR AVELA;0,0;0,00;0,00;0,00;0,00;0,00;4,00;(1,00);0,00;2,00;-2,00;-2,00(-2,00);20;81,68;0,00;0,00;1,00;1,00;;03/08/2026;09/04/2025;IDA;S;2,00
3ALTEAR50VD;***ALMOFADA TEAR TELA - 50 X 50 CM - COR VERDE;0,0;0,00;0,00;0,00;0,00;0,00;3,00;(1,00);0,00;2,00;-2,00;-2,00(-2,00);20;81,67;0,00;0,00;1,00;1,00;;03/08/2026;;IDA;S;2,00
3ALTECP50BG;***ALMOFADA TEAR PROTOTIPO - 50 X 50 CM - COR BEGE;0,0;0,00;0,00;1,00;0,00;0,00;23,00;(1,00);0,00;20,00;-20,00;-20,00(-21,00);20;80,01;0,00;0,01;1,00;1,00;;14/07/2026;24/08/2026;IDA;S;20,00
3BORMC50NTFR;***BORDADO MACRAME 50X50 CORDAO NATURAL - FRENTE INTEIRA;0,0;1,00;0,00;0,00;0,00;0,00;0,00;(0,00);10,00;10,00;-10,00;0,00(0,00);26;31,76;0,00;0,01;1,00;1,00;;17/06/2026;17/06/2026;IDA;S;10,00
3CROPORCETRI;***CROCHE - PARA ALMOFADA CROCHE TRILHO - COR PORCELANA;0,0;0,00;4,00;0,00;0,00;0,00;0,00;(1,00);12,00;12,00;-12,00;0,00(0,00);20;54,45;0,00;0,04;1,00;1,00;;22/07/2026;30/07/2026;IDA;S;12,00
3LINCROBARPORC;LINHA DE CROCHE BARROCO MAXCOLOR 4/6 COR 7684 PORCELANA;0,0;0,00;0,00;0,00;0,00;15,00;0,00;(0,00);0,00;12,00;3,00;3,00(3,00);15;23,34;350,03;0,00;1,00;1,00;;25/03/2026;30/12/2024;IDA;N;12,00
3MAMC22CBFL;MANTA MACRAME 220X70 CORDAO FLAT BEGE;0,0;0,00;0,00;0,00;0,00;0,00;0,00;(1,00);2,00;4,00;-4,00;-2,00(-2,00);15;344,85;0,00;0,00;1,00;1,00;;06/04/2026;06/04/2026;IDA;S;4,00
3MANMARCQ15X20;***MANTA 150X200 TRAMA MARESIA CARAMELO QUEIMADO - DECOR TRICO;0,0;0,00;0,00;0,00;0,00;0,00;0,00;(0,00);2,00;2,00;-2,00;0,00(0,00);90;0,00;0,00;0,00;1,00;1,00;;01/01/1900;01/01/1900;IDA;S;2,00
3MANMAROW15X20;***MANTA 150X200 TRAMA MARESIA COR OFF WHITE - DECOR TRICO;0,0;0,00;0,00;0,00;0,00;0,00;0,00;(0,00);1,00;1,00;-1,00;0,00(0,00);90;0,00;0,00;0,00;1,00;1,00;;01/01/1900;01/01/1900;IDA;S;1,00
3MARORIOBT16;OREO                                                                                                                    - DIAMETRO 24,5CM - BANCO BOTAO 160 - BORDA RETA;0,0;0,00;0,00;1,00;0,00;0,00;0,00;(0,00);1,00;2,00;-2,00;-1,00(-2,00);20;115,78;0,00;0,01;1,00;1,00;;28/07/2026;11/08/2026;IDA;S;2,00
3MARCARDS35AN;MARMORE CARRARA ANTICATO - DIAM 35CM - TAMPO DA MESA LATERAL DROPS                                                      - BORDA CHANFRADA;0,0;0,00;0,00;1,00;0,00;0,00;0,00;(0,00);1,00;1,00;-1,00;0,00(-1,00);20;438,55;0,00;0,01;1,00;1,00;;21/08/2026;24/08/2026;VRG;S;1,00
3MARCARRBT19;MARMORE CARRARA                                                                                                         - DIAMETRO 24,5CM - BANCO BOTAO 190 - BORDA RETA;0,0;1,00;1,00;1,00;0,00;0,00;0,00;(0,00);1,00;1,00;-1,00;0,00(-1,00);20;115,78;0,00;0,03;1,00;1,00;;11/08/2026;19/08/2026;VRG;S;1,00
3MARCORA295;MARMORE CORALITTO -DIAM. 29.5 CM- USINADO - MESA LATERAL BALANCO                                                        - BORDA RETA;0,0;0,00;0,00;0,00;0,00;0,00;0,00;(0,00);1,00;1,00;-1,00;0,00(0,00);20;147,36;0,00;0,00;1,00;1,00;;08/01/2026;12/01/2026;VRG;S;1,00
3MARCORA295AN;MARMORE CORALITTO ANTICATO-DIAM. 29.5 CM- USINADO - MESA LATERAL BALANCO                                                - BORDA RETA;0,0;0,00;0,00;0,00;0,00;0,00;0,00;(0,00);2,00;2,00;-2,00;0,00(0,00);20;151,74;0,00;0,00;1,00;1,00;;24/10/2025;24/10/2025;VRG;S;2,00
3MARGUADS35;MARMORE VERDE GUATEMALA - DIAM 35CM - TAMPO DA MESA LATERAL DROPS                                                       - BORDA CHANFRADA;1,0;1,00;0,00;3,00;0,00;0,00;0,00;(0,00);1,00;1,00;-1,00;0,00(-3,00);20;427,15;0,00;0,04;1,00;1,00;;11/08/2026;11/08/2026;VRG;S;1,00
3MARGUATBT19;MARMORE VERDE GUATEMALA                                                                                                 - DIAMETRO 24,5CM - BANCO BOTAO 190 - BORDA RETA;0,0;0,00;0,00;0,00;0,00;0,00;1,00;(0,00);0,00;1,00;-1,00;-1,00(-1,00);20;115,78;0,00;0,00;1,00;1,00;;28/08/2026;06/03/2026;VRG;S;1,00
3MARIMPAB40;MARMORE MARROM IMPERIAL- CONFORME MOLDE - MESA LATERAL ABA;0,0;0,00;0,00;0,00;1,00;0,00;0,00;(0,00);2,00;1,00;-1,00;1,00(1,00);20;1.350,73;0,00;0,00;1,00;1,00;;22/09/2026;28/09/2026;VRG;S;1,00
3MARIMPDS35;MARMORE MARROM IMPERIAL - DIAM 35CM - TAMPO DA MESA LATERAL DROPS                                                       - BORDA CHANFRADA;0,0;0,00;0,00;2,00;0,00;0,00;0,00;(0,00);1,00;1,00;-1,00;0,00(-2,00);20;427,15;0,00;0,02;1,00;1,00;;18/08/2026;18/08/2026;VRG;S;1,00
3MARIMPDS35AN;MARMORE MARROM IMPERIAL ANTICATO - DIAM 35CM - TAMPO DA MESA LATERAL DROPS                                              - BORDA CHANFRADA;0,0;0,00;1,00;1,00;0,00;0,00;0,00;(0,00);3,00;3,00;-3,00;0,00(-1,00);20;438,55;0,00;0,02;1,00;1,00;;11/08/2026;18/08/2026;VRG;S;3,00
3MARIMPDS42;MARMORE MARROM IMPERIAL - DIAM 42CM - TAMPO DA MESA CENTRO DROPS                                                        - BORDA CHANFRADA;1,0;0,00;0,00;1,00;0,00;0,00;0,00;(0,00);2,00;2,00;-2,00;0,00(-1,00);20;569,24;0,00;0,01;1,00;1,00;;21/08/2026;24/08/2026;VRG;S;2,00
3MARIMPDS42AN;MARMORE MARROM IMPERIAL ANTICATO - DIAM 42CM - TAMPO DA MESA CENTRO DROPS                                               - BORDA CHANFRADA;1,0;3,00;1,00;3,00;0,00;0,00;0,00;(0,00);2,00;2,00;-2,00;0,00(-3,00);20;583,27;0,00;0,08;1,00;1,00;;28/08/2026;28/08/2026;VRG;S;2,00
3MARIMPE295AN;MARMORE MARROM IMPERIAL ANTICATO-DIAM. 29.5CM- USINADO -MESA LATERAL BALANCO                                            - BORDA RETA;0,0;0,00;1,00;0,00;0,00;1,00;0,00;(0,00);1,00;2,00;-1,00;0,00(0,00);20;151,74;151,74;0,01;1,00;1,00;;13/04/2026;22/07/2026;VRG;S;2,00
3MARIMPECBIAN;MARMORE MARROM IMPERIAL ANTICATO - 95X42.5CM- CARRINHO DECORATIVO BIA                                                   - BORDA CHANFRADA;0,0;1,00;2,00;1,00;0,00;0,00;0,00;(0,00);2,00;2,00;-2,00;0,00(-1,00);20;1.134,09;0,00;0,04;1,00;1,00;;21/08/2026;24/08/2026;VRG;S;2,00
3MARMACDS35;MARMORE MACCHIATO - DIAM 35CM - TAMPO DA MESA LATERAL DROPS                                                             - BORDA CHANFRADA;0,0;0,00;0,00;0,00;0,00;0,00;0,00;(0,00);0,00;2,00;-2,00;-2,00(-2,00);20;381,54;0,00;0,00;1,00;1,00;;19/01/2026;20/01/2026;VRG;S;1,00
3MARMACDS35AN;MARMORE MACCHIATO ANTICATO - DIAM 35CM - TAMPO DA MESA LATERAL DROPS                                                    - BORDA CHANFRADA;1,0;0,00;0,00;0,00;0,00;0,00;0,00;(0,00);1,00;1,00;-1,00;0,00(0,00);20;438,55;0,00;0,00;1,00;1,00;;05/05/2026;05/05/2026;VRG;S;1,00
3MARMACH370AN;MARMORE MACCHIATO ANTICATO REDONDO DIAM:370MM CHANFRADO-MESA CENTRO EIXO;0,0;0,00;0,00;0,00;0,00;0,00;0,00;(0,00);0,00;1,00;-1,00;-1,00(-1,00);20;306,98;0,00;0,00;1,00;1,00;;20/04/2022;25/04/2022;VRG;S;1,00
3MARMACH570AN;TAMPO DE MARMORE MACCHIATO ANTICATO                                                                                     REDONDO DIAM:570MM CHANFRADO- MESA CENTRO EIXO;0,0;0,00;0,00;0,00;0,00;0,00;0,00;(0,00);0,00;1,00;-1,00;-1,00(-1,00);20;932,35;0,00;0,00;1,00;1,00;;09/05/2025;12/05/2025;VRG;S;1,00
3MARMACHBT16;MARMORE MACCHIATO                                                                                                       - DIAMETRO 24,5CM - BANCO BOTAO 160 - BORDA RETA;0,0;0,00;0,00;0,00;0,00;0,00;0,00;(0,00);1,00;2,00;-2,00;-1,00(-1,00);20;112,27;0,00;0,00;1,00;1,00;;25/11/2025;13/01/2026;VRG;S;1,00
3MARMARDS42AN;MARMORE NERO MARQUINA ANTICATO - DIAM 42CM - TAMPO DA MESA CENTRO DROPS                                                 - BORDA CHANFRADA;0,0;0,00;0,00;0,00;0,00;0,00;0,00;(0,00);3,00;3,00;-3,00;0,00(0,00);20;521,87;0,00;0,00;1,00;1,00;;07/08/2025;08/08/2025;VRG;S;3,00
3MARMARQCBIAN;TAMPO DE MARMORE NERO MARQUINA ANTICATO                                                                                 95X42.5CM- CARRINHO DECORATIVO BIA - BORDA CHANFRADA;0,0;0,00;0,00;0,00;0,00;0,00;0,00;(0,00);1,00;1,00;-1,00;0,00(0,00);20;999,89;0,00;0,00;1,00;1,00;;02/04/2026;06/04/2026;VRG;S;1,00
3MARORIO295;MARMORE OREO                                                                                                            - DIAM 29,5 CM - USINADO - MESA LATERAL BALANCO - BORDA RETA;0,0;0,00;0,00;2,00;0,00;0,00;0,00;(0,00);1,00;1,00;-1,00;0,00(-2,00);20;147,35;0,00;0,02;1,00;1,00;;11/08/2026;11/08/2026;VRG;S;1,00
3MARORIODS35;MARMORE OREO- DIAM 35CM - TAMPO DA MESA LATERAL DROPS                                                                   - BORDA CHANFRADA;0,0;0,00;0,00;3,00;2,00;0,00;0,00;(0,00);2,00;2,00;-2,00;0,00(-3,00);20;427,15;0,00;0,03;1,00;1,00;;11/09/2026;15/09/2026;VRG;S;2,00
3MARORIOMK10;MARMORE OREO                                                                                                            100X100 - BASE SOFA MARK - BORDA RETA;0,0;0,00;0,00;0,00;0,00;0,00;0,00;(0,00);1,00;1,00;-1,00;0,00(0,00);20;2.262,92;0,00;0,00;1,00;1,00;;02/04/2026;06/04/2026;VRG;S;1,00
3MARPORPL66;MARMORE NERO PORTORO - MEDIDA 66X55 CM - MESA POLIMORFA - BORDA MEIA CANA - CONFORME MOLDE;0,0;0,00;0,00;0,00;0,00;0,00;0,00;(0,00);1,00;1,00;-1,00;0,00(0,00);20;2.482,19;0,00;0,00;1,00;1,00;;01/01/1900;01/01/1900;VRG;S;1,00
3MARPORRBT16;MARMORE NERO PORTORO                                                                                                    - DIAMETRO 24,5CM - BANCO BOTAO 160 - BORDA RETA;0,0;0,00;0,00;0,00;0,00;0,00;0,00;(0,00);1,00;1,00;-1,00;0,00(0,00);20;2.482,19;0,00;0,00;1,00;1,00;;01/01/1900;01/01/1900;VRG;S;1,00
3MARTRAAB40AN;MARMORE TRAVERTINO NAVONA ANTICATO - CONFORME MOLDE - MESA LATERAL ABA;0,0;0,00;0,00;1,00;0,00;0,00;0,00;(0,00);1,00;1,00;-1,00;0,00(-1,00);20;1.446,34;0,00;0,01;1,00;1,00;;28/07/2026;03/08/2026;VRG;S;1,00
3MARTRADS35;MARMORE TRAVERTINO NAVONA - DIAM 35CM - TAMPO DA MESA LATERAL DROPS                                                     - BORDA CHANFRADA;1,0;0,00;2,00;0,00;0,00;0,00;0,00;(0,00);1,00;1,00;-1,00;0,00(0,00);20;427,15;0,00;0,02;1,00;1,00;;14/05/2026;28/07/2026;VRG;S;1,00
3MARTRADS35AN;MARMORE TRAVERTINO NAVONA ANTICATO - DIAM 35CM - TAMPO DA MESA LATERAL DROPS                                            - BORDA CHANFRADA;1,0;0,00;0,00;0,00;0,00;0,00;0,00;(0,00);1,00;2,00;-2,00;-1,00(-1,00);20;466,62;0,00;0,00;1,00;1,00;;18/05/2026;18/05/2026;VRG;S;2,00
3MARTRADS42AN;MARMORE TRAVERTINO NAVONA ANTICATO- DIAM 42CM - TAMPO DA MESA CENTRO DROPS                                              - BORDA CHANFRADA;1,0;0,00;0,00;0,00;0,00;0,00;0,00;(0,00);1,00;1,00;-1,00;0,00(0,00);20;623,62;0,00;0,00;1,00;1,00;;08/05/2026;08/05/2026;VRG;S;1,00
3MARTRAPL13;MARMORE TRAVERTINO NAVONA                                                                                               - MEDIDA 136,8X121,7 CM - MESA POLIMORFA - BORDA MEIA CANA COM FURO - CONFORME MOLDE;0,0;0,00;0,00;0,00;0,00;0,00;0,00;(0,00);1,00;1,00;-1,00;0,00(0,00);20;4.148,68;0,00;0,00;1,00;1,00;;12/02/2026;13/02/2026;VRG;S;1,00
3MARTRAVCBI;MARMORE TRAVERTINO NAVONA - 95X42.5CM - CARRINHO DECORATIVO BIA                                                         - BORDA CHANFRADA;0,0;0,00;1,00;1,00;0,00;0,00;0,00;(0,00);1,00;1,00;-1,00;0,00(-1,00);20;1.080,59;0,00;0,02;1,00;1,00;;11/08/2026;11/08/2026;VRG;S;1,00
3MMRDCARR11AN;MARMORE CARRARA ANTICATO - DIAM. 1100 MM - BORDA MEIA CANA;0,0;0,00;0,00;0,00;0,00;0,00;0,00;(0,00);1,00;1,00;-1,00;0,00(0,00);20;2.975,12;0,00;0,00;1,00;1,00;;10/04/2025;11/04/2025;VRG;S;1,00
3MMRDCARR80AN;MARMORE CARRARA ANTICATO - DIAM. 800 MM - BORDA MEIA CANA;0,0;0,00;0,00;0,00;0,00;0,00;0,00;(0,00);1,00;1,00;-1,00;0,00(0,00);20;1.675,26;0,00;0,00;1,00;1,00;;13/01/2025;13/01/2025;VRG;S;1,00
3MMRDGUAT11;MARMORE VERDE GUATEMALA - DIAM. 1100 MM - BORDA MEIA CANA;0,0;0,00;0,00;0,00;0,00;0,00;0,00;(0,00);1,00;1,00;-1,00;0,00(0,00);20;2.885,65;0,00;0,00;1,00;1,00;;19/01/2026;21/01/2026;VRG;S;1,00
3MMRDGUAT11AN;MARMORE VERDE GUATEMALA ANTICATO - DIAM. 1100 MM - BORDA MEIA CANA;0,0;0,00;0,00;0,00;0,00;0,00;0,00;(0,00);1,00;1,00;-1,00;0,00(0,00);20;2.975,12;0,00;0,00;1,00;1,00;;02/10/2025;13/04/2026;VRG;S;1,00
3MMRDTRAV11;MARMORE TRAVERTINO NAVONA - DIAM. 1100 MM - BORDA MEIA CANA;0,0;0,00;0,00;0,00;0,00;0,00;0,00;(0,00);1,00;1,00;-1,00;0,00(0,00);20;2.885,65;0,00;0,00;1,00;1,00;;20/01/2025;21/01/2025;VRG;S;1,00
3MMSP2CARR34;TAMPO MARMORE CARRARA                                                                                                   - MED 340 X 120 CM BIPARTIDO - CANTO COM RAIO DE 5 CM - BORDA RETA - MESA SERPENTINA;0,0;0,00;0,00;0,00;0,00;0,00;0,00;(0,00);1,00;1,00;-1,00;0,00(0,00);20;477,47;0,00;0,00;1,00;1,00;;;;VRG;S;1,00
3MMSP2TR161788;TAMPO MARMORE TRAVERTINO NAVONA                                                                                         - MED 280 X 110 CM BIPARTIDO - CANTO COM RAIO 04CM DA MESA MISS BORDA RETA - MESA MISS;0,0;0,00;0,00;0,00;0,00;0,00;0,00;(0,00);1,00;1,00;-1,00;0,00(0,00);20;7.472,89;0,00;0,00;1,00;1,00;;31/10/2025;03/11/2025;VRG;S;1,00
3MMSYIMPE15AN;MARMORE MARROM IMPERIAL ANTICATO - DIAM. 1500 MM - BORDA MEIA CANA                                                      - MESA SAVOY / SAVA;0,0;0,00;0,00;0,00;0,00;0,00;0,00;(0,00);1,00;1,00;-1,00;0,00(0,00);20;5.920,42;0,00;0,00;1,00;1,00;;07/08/2025;08/08/2025;VRG;S;1,00
3MMSYORIO11;MARMORE OREO - DIAM. 1100 MM - BORDA MEIA CANA                                                                          - MESA SAVOY / SAVA;0,0;0,00;0,00;0,00;0,00;0,00;0,00;(0,00);1,00;1,00;-1,00;0,00(0,00);20;0,00;0,00;0,00;1,00;1,00;;01/01/1900;01/01/1900;VRG;S;1,00
3MMSYORIO15;MARMORE OREO - DIAM. 1500 MM - BORDA MEIA CANA                                                                          - MESA SAVOY / SAVA;0,0;0,00;0,00;0,00;0,00;0,00;0,00;(0,00);1,00;1,00;-1,00;0,00(0,00);20;0,00;0,00;0,00;1,00;1,00;;01/01/1900;01/01/1900;VRG;S;1,00
3MONONEVD11;# MONO NEVOA                                                                                                            - TAMPO DIAM 110 CM - BORDA MEIA CANA;0,0;0,00;0,00;0,00;0,00;0,00;0,00;(0,00);0,00;1,00;-1,00;-1,00(-1,00);20;1.037,27;0,00;0,00;1,00;1,00;;02/07/2025;03/07/2025;VRG;S;1,00
3MTPARGUAT80;MARMORE VERDE GUATEMALA                                                                                                 - TAMPO BASE DE CENTRO ARO - DIAM 80 CM - BORDA MEIA CANA;0,0;0,00;0,00;0,00;0,00;0,00;0,00;(0,00);1,00;2,00;-2,00;-1,00(-1,00);20;1.622,63;0,00;0,00;1,00;1,00;;30/01/2026;02/02/2026;VRG;S;2,00
3MTPARIMPE80;MARMORE MARROM IMPERIAL                                                                                                 - TAMPO BASE DE CENTRO ARO - DIAM 80 CM - BORDA MEIA CANA;3,0;0,00;0,00;1,00;0,00;1,00;0,00;(0,00);1,00;1,00;0,00;1,00(0,00);20;1.784,90;1.784,90;0,01;1,00;1,00;;21/08/2026;17/09/2026;VRG;S;1,00
3MTPCVCORA17;MARMORE CORALITTO - BUFFET CURVO (MED 170 CM) - BORDA RETA                                                              - MEDIDA CONFORME MOLDE;0,0;0,00;0,00;0,00;0,00;0,00;0,00;(0,00);0,00;1,00;-1,00;-1,00(-1,00);20;0,00;0,00;0,00;1,00;1,00;;;;VRG;S;1,00
3MTPCVTRAV20AN;MARMORE TRAVERTINO NAVONA ANTICATO - BUFFET CURVO (MED 220 CM) - BORDA RETA                                             - MEDIDA CONFORME MOLDE;1,0;0,00;0,00;0,00;0,00;0,00;0,00;(0,00);0,00;1,00;-1,00;-1,00(-1,00);20;3.203,17;0,00;0,00;1,00;1,00;;05/05/2026;05/05/2026;VRG;S;1,00
3MTPECORIO26AN;OREO ANTICATO                                                                                                           - TAMPO DE MARMORE PARA BASE DE JANTAR SAVA ELIPTICA (MED 260 CM - ELIPTICO) - BORDA MEIA CANA - MEDIDA CONFORME MOLDE;0,0;0,00;0,00;0,00;0,00;0,00;0,00;(0,00);1,00;1,00;-1,00;0,00(0,00);20;0,00;0,00;0,00;1,00;1,00;;01/01/1900;01/01/1900;VRG;S;1,00
3MTPMMGUATD2AN;MARMORE VERDE GUATEMALA ANTICATO                                                                                        - TAMPO BASE DE JANTAR MAX - DIAM 160 CM - BORDA MEIA CANA;0,0;0,00;0,00;0,00;0,00;0,00;0,00;(0,00);1,00;1,00;-1,00;0,00(0,00);20;6.670,35;0,00;0,00;1,00;1,00;;10/07/2025;10/07/2025;VRG;S;1,00
3MTPPFORIO24;MARMORE ORION                                                                                                           - TAMPO BASE DE JANTAR POLIMORFA 243 CM - BORDA MEIA CANA - MEDIDA CONFORME MOLDE;2,0;0,00;0,00;0,00;0,00;0,00;0,00;(0,00);2,00;4,00;-4,00;-2,00(-2,00);20;8.323,67;0,00;0,00;1,00;1,00;;14/05/2026;15/05/2026;VRG;S;2,00
3MTPTICORAR6;MARMORE CORALITTO                                                                                                       - TAMPO BASE DE JANTAR TRIPLICE - MED 260X120 CM (RETANGULAR) - CANTO COM RAIO DE 10 CM - BORDA MEIA CANA;0,0;0,00;0,00;0,00;0,00;0,00;0,00;(0,00);0,00;1,00;-1,00;-1,00(-1,00);20;0,00;0,00;0,00;1,00;1,00;;;;VRG;S;1,00
3MTPTIGUAT24AN;MARMORE VERDE GUATEMALA ANTICATO                                                                                        - TAMPO BASE DE JANTAR TRIPLICE - MED 240X120 CM (ELIPTICO) - BORDA MEIA CANA - MEDIDA CONFORME MOLDE;0,0;0,00;0,00;0,00;0,00;0,00;0,00;(0,00);0,00;1,00;-1,00;-1,00(-1,00);20;8.604,35;0,00;0,00;1,00;1,00;;04/02/2025;04/02/2025;VRG;S;1,00
3MTPTIGUAT26AN;MARMORE VERDE GUATEMALA ANTICATO                                                                                        - TAMPO BASE DE JANTAR TRIPLICE - MED 260X120 CM (ELIPTICO) - BORDA MEIA CANA - MEDIDA CONFORME MOLDE;0,0;0,00;0,00;1,00;0,00;0,00;0,00;(0,00);0,00;1,00;-1,00;-1,00(-2,00);20;9.449,88;0,00;0,01;1,00;1,00;;18/08/2026;18/08/2026;VRG;S;1,00
3MTPTIIMPE22;MARMORE MARROM IMPERIAL                                                                                                 - TAMPO BASE DE JANTAR TRIPLICE - MED 220X120 CM (ELIPTICO) - BORDA MEIA CANA - MEDIDA CONFORME MOLDE;0,0;0,00;0,00;0,00;0,00;0,00;0,00;(0,00);2,00;2,00;-2,00;0,00(0,00);20;7.797,42;0,00;0,00;1,00;1,00;;22/04/2026;27/04/2026;VRG;S;1,00
3MTPTIMACH26;MARMORE MACCHIATO                                                                                                       - TAMPO BASE DE JANTAR TRIPLICE - MED 260X120 CM (ELIPTICO) - BORDA MEIA CANA - MEDIDA CONFORME MOLDE;0,0;0,00;0,00;0,00;0,00;0,00;0,00;(0,00);0,00;1,00;-1,00;-1,00(-1,00);20;0,00;0,00;0,00;1,00;1,00;;;;VRG;S;1,00
3MTPTIORI201545;MARMORE ORION                                                                                                           - TAMPO BASE DE JANTAR TRIPLICE -  ESPECIAL MED 260X135 CM (ELIPTICO) - BORDA MEIA CANA - MEDIDA CONFORME MOLDE - CONF. PROJETO;0,0;0,00;0,00;0,00;0,00;0,00;0,00;(0,00);1,00;1,00;-1,00;0,00(0,00);20;0,00;0,00;0,00;1,00;1,00;;01/01/1900;01/01/1900;VRG;S;1,00
3MTPTIPORR26;MARMORE NERO PORTORO                                                                                                    - TAMPO BASE DE JANTAR TRIPLICE - MED 260X120 CM (ELIPTICO) - BORDA MEIA CANA - MEDIDA CONFORME MOLDE;0,0;0,00;0,00;0,00;0,00;0,00;0,00;(0,00);1,00;1,00;-1,00;0,00(0,00);20;10.525,20;0,00;0,00;1,00;1,00;;19/01/2026;20/01/2026;VRG;S;1,00
3MTPTTCARR11;MARMORE CARRARA - (DIAM 107CM BORDA RETA - CONFORME MOLDE)                                                              - TAMPO MESA LATERAL TOTEM DIAM 110 CM;0,0;0,00;0,00;0,00;0,00;0,00;0,00;(0,00);1,00;1,00;-1,00;0,00(0,00);20;0,00;0,00;0,00;1,00;1,00;;01/01/1900;01/01/1900;VRG;S;1,00
3MTPTTCARR13;MARMORE CARRARA - (DIAM 127CM BORDA RETA - CONFORME MOLDE)                                                              - TAMPO MESA LATERAL TOTEM DIAM 130 CM;0,0;0,00;0,00;0,00;0,00;0,00;0,00;(0,00);1,00;1,00;-1,00;0,00(0,00);20;0,00;0,00;0,00;1,00;1,00;;01/01/1900;01/01/1900;VRG;S;1,00
3MTPTTCARR60;MARMORE CARRARA  - (DIAM 57 CM BORDA RETA - CONFORME MOLDE)                                                             - TAMPO MESA LATERAL TOTEM DIAM 60 CM;0,0;0,00;0,00;0,00;0,00;0,00;0,00;(0,00);1,00;1,00;-1,00;0,00(0,00);20;0,00;0,00;0,00;1,00;1,00;;01/01/1900;01/01/1900;VRG;S;1,00
3MTPTTCORA11AN;MARMORE CORALITTO ANTICATO - (DIAM 107CM BORDA RETA - CONFORME MOLDE)                                                   - TAMPO MESA LATERAL TOTEM DIAM 110 CM;0,0;0,00;0,00;0,00;0,00;0,00;0,00;(0,00);1,00;1,00;-1,00;0,00(0,00);20;0,00;0,00;0,00;1,00;1,00;;01/01/1900;01/01/1900;VRG;S;1,00
3MTPTTCORA13AN;MARMORE CORALITTO ANTICATO - (DIAM 127CM BORDA RETA - CONFORME MOLDE)                                                   - TAMPO MESA LATERAL TOTEM DIAM 130 CM;0,0;0,00;0,00;0,00;0,00;0,00;0,00;(0,00);1,00;1,00;-1,00;0,00(0,00);20;0,00;0,00;0,00;1,00;1,00;;01/01/1900;01/01/1900;VRG;S;1,00
3MTPTTCORA45;MARMORE CORALITTO  - (DIAM 42CM BORDA RETA - CONFORME MOLDE)                                                            - TAMPO MESA LATERAL TOTEM DIAM 45 CM;0,0;0,00;0,00;0,00;0,00;0,00;0,00;(0,00);1,00;1,00;-1,00;0,00(0,00);20;0,00;0,00;0,00;1,00;1,00;;01/01/1900;01/01/1900;VRG;S;1,00
3MTPTTGUAT45AN;MARMORE VERDE GUATEMALA ANTICATO - (DIAM 42CM BORDA RETA - CONFORME MOLDE)                                              - TAMPO MESA LATERAL TOTEM DIAM 45 CM;0,0;0,00;0,00;0,00;0,00;0,00;0,00;(0,00);1,00;1,00;-1,00;0,00(0,00);20;0,00;0,00;0,00;1,00;1,00;;01/01/1900;01/01/1900;VRG;S;1,00
3MTPTTGUAT60AN;MARMORE VERDE GUATEMALA ANTICATO - (DIAM 57 CM BORDA RETA - CONFORME MOLDE)                                             - TAMPO MESA LATERAL TOTEM DIAM 60 CM;0,0;0,00;0,00;0,00;0,00;0,00;0,00;(0,00);1,00;1,00;-1,00;0,00(0,00);20;0,00;0,00;0,00;1,00;1,00;;01/01/1900;01/01/1900;VRG;S;1,00
3MTPTTIMPE13;MARMORE MARROM IMPERIAL - (DIAM 127CM BORDA RETA - CONFORME MOLDE)                                                      - TAMPO MESA LATERAL TOTEM DIAM 130 CM;0,0;0,00;0,00;0,00;0,00;0,00;0,00;(0,00);1,00;1,00;-1,00;0,00(0,00);20;0,00;0,00;0,00;1,00;1,00;;01/01/1900;01/01/1900;VRG;S;1,00
3MTPTTORIO60;MARMORE OREO  - (DIAM 57 CM BORDA RETA - CONFORME MOLDE)                                                                - TAMPO MESA LATERAL TOTEM DIAM 60 CM;0,0;0,00;0,00;0,00;0,00;0,00;0,00;(0,00);1,00;1,00;-1,00;0,00(0,00);20;0,00;0,00;0,00;1,00;1,00;;01/01/1900;01/01/1900;VRG;S;1,00
3MTPTTTRAV45AN;MARMORE TRAVERTINO ANTICATO - (DIAM 42CM BORDA RETA - CONFORME MOLDE)                                                   - TAMPO MESA LATERAL TOTEM DIAM 45 CM;0,0;0,00;1,00;0,00;0,00;0,00;0,00;(0,00);2,00;3,00;-3,00;-1,00(-1,00);20;471,87;0,00;0,01;1,00;1,00;;28/07/2026;28/07/2026;VRG;S;2,00
3MTPTTTRAV60AN;MARMORE TRAVERTINO ANTICATO - (DIAM 57 CM BORDA RETA - CONFORME MOLDE)                                                  - TAMPO MESA LATERAL TOTEM DIAM 60 CM;0,0;0,00;1,00;0,00;0,00;0,00;0,00;(0,00);2,00;3,00;-3,00;-1,00(-1,00);20;867,45;0,00;0,01;1,00;1,00;;28/07/2026;28/07/2026;VRG;S;2,00
3MTPVOMARQ12;MARMORE NERO MARQUINA                                                                                                   - TAMPO BASE DE JANTAR VOGA - DIAM 120 CM - BORDA MEIA CANA;0,0;0,00;0,00;0,00;0,00;0,00;0,00;(0,00);1,00;1,00;-1,00;0,00(0,00);20;0,00;0,00;0,00;1,00;1,00;;;;VRG;S;1,00
3MTPVOO200898;MARMORE OREO                                                                                                            - TAMPO MINI CÔMODA FACE  - MED 40X45 CM - BORDA RETA - CONF. PROJETO;0,0;0,00;0,00;0,00;0,00;0,00;0,00;(0,00);1,00;1,00;-1,00;0,00(0,00);20;0,00;0,00;0,00;1,00;1,00;;01/01/1900;01/01/1900;VRG;S;1,00
3PEDMARTABA;PEDRA MARROM TABACO                                                                                                     71X40 - BORDA RAIO 10CM - TEMPO INFERIO MESA DE CENTRO DIQUE;0,0;0,00;0,00;0,00;0,00;0,00;0,00;(0,00);1,00;5,00;-5,00;-4,00(-4,00);20;0,00;0,00;0,00;1,00;1,00;;01/01/1900;01/01/1900;VRG;S;5,00
3PEDNATCINZ;PEDRA NATIVA CINZA                                                                                                      71X40 - BORDA RAIO 10CM - TEMPO INFERIO MESA DE CENTRO DIQUE;0,0;0,00;0,00;0,00;0,00;0,00;0,00;(0,00);2,00;3,00;-3,00;-1,00(-1,00);20;0,00;0,00;0,00;1,00;1,00;;01/01/1900;01/01/1900;VRG;S;3,00
3PEDRE14OREO;PEDRA OREO 141X71 - BORDA RAIO 7CM - TAMPO BASE DE CENTRO REDE;0,0;0,00;0,00;0,00;0,00;0,00;0,00;(0,00);3,00;3,00;-3,00;0,00(0,00);20;0,00;0,00;0,00;1,00;1,00;;01/01/1900;01/01/1900;VRG;S;3,00
3PEDRE74CALSILV;PEDRA CALACATA SILVER 71X71 - BORDA RAIO 7CM - TAMPO BASE LATERAL                                                       REDE;0,0;0,00;0,00;0,00;0,00;0,00;0,00;(0,00);1,00;1,00;-1,00;0,00(0,00);20;0,00;0,00;0,00;1,00;1,00;;01/01/1900;01/01/1900;VRG;S;1,00
3PEDRE74NATCINZ;PEDRA NATIVA CINZA 71X71 - BORDA RAIO 7CM - TAMPO BASE LATERAL REDE;0,0;0,00;0,00;0,00;0,00;0,00;0,00;(0,00);2,00;2,00;-2,00;0,00(0,00);20;0,00;0,00;0,00;1,00;1,00;;01/01/1900;01/01/1900;VRG;S;2,00
3CORARE6MM;CORDA NAUTICA - 06MM - COR AREIA -                                                                                      - 7261-1;1350,0;337,00;4.970,00;6.105,00;681,50;5.200,00;298,50;(400,00);0,00;435,00;4.765,00;4.765,00(-1.340,00);30;0,61;3.166,80;126,80;400,00;400,00;NAO SERA MAIS COMPRADA DESTE FORNECEDOR, COMPRA SOLICITADA POR MARCOS FLAVIO.;17/09/2026;29/09/2026;FIB;S;435,00
3CORARE9MM;!CORDA NAUTICA - 09MM - COR AREIA;6,0;2.160,00;70,00;1.598,00;0,00;1.913,00;21,03;(472,00);0,00;19,00;1.894,00;1.894,00(296,00);30;1,75;3.340,10;42,53;274,00;274,00;NAO SERA MAIS COMPRADA DESTE FORNECEDOR, COMPRA SOLICITADA POR MARCOS FLAVIO.;17/09/2026;25/08/2026;FIB;S;19,00
3CORAZM6MM;CORDA NAUTICA - 06MM - COR AZUL MARINHO -                                                                               - 7092-0 (720,0 MT);0,0;540,00;0,00;41,00;22,50;1.200,00;16,50;(400,00);0,00;385,00;815,00;815,00(774,00);30;0,59;706,80;6,46;400,00;400,00;NAO SERA MAIS COMPRADA DESTE FORNECEDOR, COMPRA SOLICITADA POR MARCOS FLAVIO.;07/11/2025;28/09/2026;FIB;S;225,00
3CORAZM9MM;CORDA NAUTICA - 09MM - COR AZUL MARINHO                                                                                 - 7094-6 (274,0 MT);0,0;150,00;0,00;0,00;0,00;105,00;124,00;(472,00);0,00;40,00;65,00;65,00(65,00);30;1,61;168,95;1,67;274,00;274,00;NAO SERA MAIS COMPRADA DESTE FORNECEDOR, COMPRA SOLICITADA POR MARCOS FLAVIO.;02/04/2026;29/06/2026;FIB;S;18,00
3CORCNZ6MM;CORDA NAUTICA - 06MM - COR CINZA -                                                                                      6982-3;90,0;0,00;0,00;0,00;22,50;1.600,00;22,50;(400,00);0,00;2,00;1.598,00;1.598,00(1.598,00);30;0,56;891,20;0,00;400,00;400,00;NAO SERA MAIS COMPRADA DESTE FORNECEDOR, COMPRA SOLICITADA POR MARCOS FLAVIO.;29/04/2026;28/09/2026;FIB;S;2,00
3CORCPRT10MM;CORDA NAUTICA - 10MM CHATA - COR PRATA                                                                                  - 7032-6 (570,0 MT);0,0;0,00;0,00;0,00;0,00;1.140,00;14,00;(472,00);0,00;36,00;1.104,00;1.104,00(1.104,00);30;0,80;913,14;0,00;570,00;570,00;NAO SERA MAIS COMPRADA DESTE FORNECEDOR, COMPRA SOLICITADA POR MARCOS FLAVIO.;05/06/2026;31/07/2026;FIB;S;36,00
3CORCPRT22MM;CORDA NAUTICA - 22MM CHATA - COR PRATA 7010-2;0,0;0,00;0,00;0,00;0,00;434,00;125,00;(472,00);0,00;184,00;250,00;250,00(250,00);20;2,37;1.026,84;0,00;217,00;217,00;NAO SERA MAIS COMPRADA DESTE FORNECEDOR, COMPRA SOLICITADA POR MARCOS FLAVIO.;30/03/2026;31/07/2026;FIB;S;184,00
3CORCRAM10MM;CORDA NAUTICA - 10MM CHATA - COR RAMI                                                                                   - 7031-8 (570,0 MT);0,0;0,00;236,00;168,00;76,00;570,00;322,00;(472,00);0,00;18,00;552,00;552,00(384,00);30;0,73;417,81;4,49;570,00;570,00;NAO SERA MAIS COMPRADA DESTE FORNECEDOR, COMPRA SOLICITADA POR MARCOS FLAVIO.;23/01/2025;16/09/2026;FIB;S;18,00
3CORCRAM22MM;CORDA NAUTICA - 22MM CHATA - COR RAMI                                                                                   - 7009-4 (217,0 MT);0,0;0,00;146,00;238,00;283,50;217,00;62,50;(472,00);0,00;92,00;125,00;125,00(-113,00);20;1,99;432,48;4,27;217,00;217,00;NAO SERA MAIS COMPRADA DESTE FORNECEDOR, COMPRA SOLICITADA POR MARCOS FLAVIO.;16/09/2026;28/09/2026;FIB;S;92,00
3CORMCMAE06MM;#CORDA NAUTICA - 06MM - COR MARROM ESCURO MESCLADO                                                                      - 7640-6;0,0;0,00;0,00;0,00;36,00;0,00;0,00;(472,00);0,00;41,00;-41,00;-41,00(-41,00);30;0,35;0,00;0,00;400,00;720,00;NAO SERA MAIS COMPRADA DESTE FORNECEDOR, COMPRA SOLICITADA POR MARCOS FLAVIO.;20/12/2021;03/09/2026;FIB;S;41,00
3COROCR6MM;***CORDA NAUTICA - 06MM - COR TERRACOTA -                                                                               OCRE (6MM) CÓD: 8233-9;0,0;0,00;420,00;0,03;642,50;400,00;157,50;(400,00);0,00;11,00;389,00;389,00(388,97);30;0,62;249,20;4,67;400,00;400,00;NAO SERA MAIS COMPRADA DESTE FORNECEDOR, COMPRA SOLICITADA POR MARCOS FLAVIO.;04/09/2026;28/09/2026;FIB;S;11,00
3CORPRT6MM;CORDA NAUTICA - 06MM - COR PRATA -                                                                                      - 7008-6 (720,0 MT);0,0;0,00;400,00;1,03;462,50;800,00;0,00;(400,00);0,00;1.050,00;-250,00;-250,00(-251,03);30;0,56;451,20;4,46;400,00;400,00;NAO SERA MAIS COMPRADA DESTE FORNECEDOR, COMPRA SOLICITADA POR MARCOS FLAVIO.;29/04/2026;28/09/2026;FIB;S;330,00
3CORPRT9MM;CORDA NAUTICA - 09MM - COR PRATA                                                                                        - 7006-0 (274,0 MT);0,0;136,00;895,00;0,00;0,00;1.641,00;56,00;(472,00);0,00;1.263,00;378,00;378,00(378,00);30;1,71;2.806,11;11,46;274,00;274,00;NAO SERA MAIS COMPRADA DESTE FORNECEDOR, COMPRA SOLICITADA POR MARCOS FLAVIO.;04/09/2026;14/07/2026;FIB;S;1.263,00
3CORPTA9MM;CORDA NAUTICA - 09MM - COR PRETO                                                                                        - 6985-6 (274,0 MT);0,0;0,00;0,00;0,00;23,25;1.641,00;184,75;(472,00);0,00;1.962,25;-321,25;-321,25(-321,25);30;1,62;2.664,98;0,00;274,00;274,00;NAO SERA MAIS COMPRADA DESTE FORNECEDOR, COMPRA SOLICITADA POR MARCOS FLAVIO.;17/09/2026;28/09/2026;FIB;S;1.682,25
3CORRAM6MM;!CORDA NAUTICA - 06MM - COR RAMI -;2751,0;1.910,00;41,00;1.800,00;822,50;3.200,00;266,50;(400,00);0,00;1.169,00;2.031,00;2.031,00(231,00);30;0,60;1.907,20;41,68;400,00;400,00;NAO SERA MAIS COMPRADA DESTE FORNECEDOR, COMPRA SOLICITADA POR MARCOS FLAVIO.;30/06/2026;28/09/2026;FIB;S;989,00
3CORRAM9MM;CORDA NAUTICA - 09MM - COR RAMI                                                                                         - 7005-2 (274,0 MT);287,996;678,00;11,25;183,75;520,00;795,00;165,00;(472,00);0,00;104,00;691,00;691,00(507,25);30;1,62;1.285,52;9,70;274,00;274,00;NAO SERA MAIS COMPRADA DESTE FORNECEDOR, COMPRA SOLICITADA POR MARCOS FLAVIO.;20/02/2026;23/09/2026;FIB;S;80,00
3CORVEM6MM;CORDA NAUTICA - 06MM - COR VERDE MUSGO -                                                                                - 6989-8 (720,0 MT);400,0;0,00;0,00;664,50;22,50;400,00;0,00;(400,00);800,00;720,00;-320,00;480,00(-184,50);30;0,53;213,20;7,38;400,00;400,00;NAO SERA MAIS COMPRADA DESTE FORNECEDOR, COMPRA SOLICITADA POR MARCOS FLAVIO.;16/09/2026;28/09/2026;FIB;S;720,00
3TELAVOLPRT;***TELA DE VOLEI PRETA 100% POLIESTER 1,50 MT DE LARGURA MERCADO LIVRE;0,0;0,00;45,00;0,00;55,00;20,00;90,00;(0,00);40,00;126,00;-106,00;-66,00(-66,00);30;6,23;124,66;0,50;10,00;0,00;NAO SERA MAIS COMPRADA DESTE FORNECEDOR, COMPRA SOLICITADA POR MARCOS FLAVIO.;16/09/2026;29/09/2026;FIB;N;126,00
3LNH0000001;LINHA N737 60 COR BRANCA 001 - CORRENTE OU LINHANYLN 60  COR BCA;33,0;53,00;25,00;37,00;33,00;69,00;0,00;(30,00);0,00;0,02;68,98;68,98(31,98);45;34,92;2.409,27;1,28;20,00;20,00;;28/09/2026;22/09/2026;LNH;N;0,02
3LNH0000004;!SETANYL ENCERADA N.04 (CORDONE) BRANCO;1,0;5,00;22,00;6,00;0,00;57,00;0,00;(30,00);0,00;17,71;39,29;39,29(33,29);45;61,90;3.528,24;0,37;40,00;1,00;;27/08/2026;03/08/2026;LNH;N;14,51
3LNH1000028;*** LINHA NYLON N 10 COR 8212 HAVANA LINHANYL;0,0;0,00;0,00;0,00;0,00;16,00;0,00;(10,00);0,00;0,06;15,94;15,94(15,94);45;60,75;972,06;0,00;8,00;8,00;;19/08/2026;16/03/2026;LNH;N;0,06
3LNH1000038;*** LINHA NYLON N 10 COR 38 GOLD LINHANYL;0,0;0,00;0,00;0,00;0,00;4,00;0,00;(10,00);0,00;0,01;3,99;3,99(3,99);45;21,82;87,29;0,00;10,00;1,00;ITEM DE BAIXO CONSUMO;01/12/2021;23/05/2019;LNH;N;0,01
3LNH1000BCA;*** LINHA NYLON N 10 COR BCA BRANCA LINHANYL;0,0;0,00;0,00;0,00;0,00;36,00;0,00;(10,00);0,00;0,00;36,00;36,00(36,00);45;15,59;561,38;0,00;8,00;8,00;ITEM DE BAIXO CONSUMO;01/12/2021;10/01/2020;LNH;N;0,00
3LNH1000PTO;*** LINHA NYLON N 10 COR PTO PRETO LINHANYL;0,0;0,00;0,00;2,00;0,00;20,00;0,00;(10,00);0,00;0,04;19,97;19,97(17,97);45;38,37;767,48;0,02;10,00;1,00;;20/12/2021;18/08/2026;LNH;N;0,02
3LNH1001480;*** LINHA NYLON N 10 COR 1480 MARINHO LINHANYL;0,0;0,00;0,00;0,00;0,00;16,00;0,00;(10,00);0,00;0,04;15,96;15,96(15,96);45;37,72;603,44;0,00;10,00;1,00;ITEM DE BAIXO CONSUMO;09/05/2022;08/12/2020;LNH;N;0,04
3LNH1001533;*** LINHA NYLON N 10 COR 1533 PLATINA LINHANYL;4,0;0,00;0,00;0,00;0,00;23,00;0,00;(2,00);0,00;0,05;22,95;22,95(22,95);45;65,78;1.512,89;0,00;8,00;8,00;ITEM DE BAIXO CONSUMO;10/08/2026;05/05/2026;LNH;N;0,04
3LNH1008003;*** LINHA NYLON N 10 COR 8003 PALHA LINHANYL;0,0;0,00;0,00;0,00;0,00;12,00;0,00;(10,00);0,00;0,06;11,94;11,94(11,94);45;40,85;490,21;0,00;10,00;1,00;ITEM DE BAIXO CONSUMO;01/12/2021;06/03/2026;LNH;N;0,03
3LNH1008768;*** LINHA NYLON N 10 COR 8768 AMENDOA LINHANYL;0,0;0,00;0,00;0,00;0,00;7,00;0,00;(10,00);0,00;0,06;6,94;6,94(6,94);45;49,30;345,10;0,00;8,00;1,00;ITEM DE BAIXO CONSUMO;17/02/2023;22/02/2024;LNH;N;0,06
3GIRFLANGE16;FLANGE GIRATORIA 16,75 CM BIGFER 0401039;34,0;47,00;31,00;24,00;31,00;49,00;2,00;(0,00);60,00;62,00;-13,00;47,00(23,00);26;36,54;1.790,36;1,13;30,00;30,00;;22/07/2026;25/09/2026;RDZ;S;58,00
3MECALUMPRATO;MECANISMO EM ALUMINIO PARA PRATO GIRATORIO;0,0;0,00;0,00;2,00;0,00;0,00;1,00;(0,00);12,00;3,00;-3,00;9,00(7,00);21;127,01;0,00;0,02;12,00;12,00;;10/12/2024;14/08/2026;RDZ;S;3,00
3RDZ0019000;RODIZIO PRETO RE38 1120 HG PINO;0,0;12,00;22,00;4,00;4,00;398,00;0,00;(100,00);0,00;12,00;386,00;386,00(382,00);31;1,63;649,54;0,42;300,00;100,00;;22/06/2026;02/09/2026;RDZ;S;12,00
3RDZPFIXTPE;!RODIZIO RODA PROTEGIDA T.P.E. - ALT 5 CM DV06.0002;235,0;785,00;457,00;530,00;585,00;0,00;478,00;(1.200,00);800,00;234,00;-234,00;566,00(36,00);37;3,23;0,00;19,69;400,00;200,00;CODIGO ANTIGO 3RDZPQFIXSF;22/09/2026;29/09/2026;RDZ;S;214,00
3RDZPQFUMSF;RODIZIO PEQUENO FUME SEM FREIO 50MM (HARDT);2,0;0,00;2,00;4,00;0,00;27,00;0,00;(6,00);0,00;13,00;14,00;14,00(10,00);21;4,66;125,74;0,07;100,00;20,00;FAT MINIMO HARDT 1400 REAIS;06/05/2025;10/08/2026;RDZ;S;13,00
3RDZPQTRACF;RODIZIO PEQUENO TRANSPARENTE COM FREIO 50MM (HARDT);17,0;16,00;38,00;18,00;22,00;85,00;22,00;(236,00);0,00;35,00;50,00;50,00(32,00);21;6,59;559,73;0,80;100,00;20,00;FAT MINIMO HARDT 1400 REAIS;30/07/2026;28/09/2026;RDZ;S;35,00
3RDZPQTRASF;RODIZIO PEQUENO TRANSPARENTE SEM FREIO 50MM (HARDT);3,0;18,00;32,00;29,00;22,00;83,00;16,00;(260,00);0,00;34,00;49,00;49,00(20,00);15;5,86;486,46;0,88;100,00;20,00;FAT MINIMO HARDT 1400 REAIS;05/08/2026;28/09/2026;RDZ;S;34,00
3RODPUMIPPASS;RODIZIO POLIURETANO DE MOLA INOX PARA PORTA DE PASSAGEM E FECHAMENTO                                                    -  38X10X10MM;22,0;46,00;40,00;32,00;65,00;88,00;38,00;(0,00);50,00;79,00;9,00;59,00(27,00);30;32,64;2.872,06;1,31;50,00;0,00;;25/09/2026;28/09/2026;RDZ;S;67,00
3COL0000002;!COLA JET WELT 3738;10,0;30,00;20,00;0,00;10,00;50,00;0,00;(10,00);0,00;14,23;35,77;35,77(35,77);60;102,20;5.109,75;0,56;10,00;10,00;;05/08/2026;24/09/2026;COL;N;10,26
3COL0000003;COLA  PVA EUROAMERICAN 585 AMARELA (ADECOLA);750,0;750,00;1.150,00;750,00;1.000,00;650,00;0,00;(1.400,00);500,00;234,99;415,01;915,01(165,01);30;10,84;7.045,35;29,44;500,00;50,00;FOI SUBSTITUIDA POR  3COLJW10310;16/09/2026;28/09/2026;COL;N;183,50
3COL0000011;COLA CONTATO AMHE/A COD.PROD.086894;2250,0;1.200,00;1.650,00;1.950,00;1.950,00;1.500,00;0,00;(1.800,00);1.500,00;534,66;965,34;2.465,34(515,34);40;21,57;32.359,50;53,33;150,00;150,00;Comprar junto com a nova cola 3COL0005600;22/09/2026;17/09/2026;COL;N;383,83
3COL0000030;COLA FASTBOND MR 30 - BALDE C/ 5 LITROS;80,0;60,00;25,00;0,00;0,00;0,00;0,00;(17,00);205,00;63,02;-63,02;141,98(141,98);60;117,54;0,00;0,94;5,00;5,00;;03/02/2026;15/07/2026;COL;N;54,41
3COL0000033;COLA FIXA ESPELHOS - PESILOX CEBRACE;19,0;16,00;16,00;0,00;14,00;25,00;0,00;(17,00);0,00;0,33;24,67;24,67(24,67);25;18,59;464,70;0,36;5,00;5,00;;09/06/2026;11/09/2026;COL;N;0,33
3COL0000610;ADESIVO SILICONE AKFIX 610;120,0;120,00;179,00;23,00;132,00;83,00;0,00;(252,00);72,00;2,23;80,77;152,77(129,77);30;41,67;3.458,78;3,58;36,00;36,00;;18/09/2026;29/09/2026;COL;N;2,23
3COL0005010;ADESIVO PUR MONOCOMPONENTE 1050 MINASA;220,0;334,00;338,00;375,00;357,00;430,00;0,00;(252,00);0,00;62,84;367,16;367,16(-7,84);30;44,85;19.285,07;11,63;36,00;36,00;;15/09/2026;29/09/2026;COL;N;50,20
3COL000TB50;COLA BRANCA 3021703 ADESIVO FRANK TB50 - GROSSL;200,0;125,00;225,00;175,00;200,00;0,00;0,00;(0,00);300,00;186,83;-186,83;113,17(-61,83);25;39,22;0,00;5,83;25,00;25,00;FOI SUBSTITUIDA POR 3COLJW10310;18/08/2026;17/09/2026;COL;N;151,63
3COL0095100;$ COLA GRANULADA HOT MELT TRANSPARENTE 95100 PLANATOL;25,0;25,00;50,00;75,00;0,00;100,00;0,00;(20,00);0,00;16,36;83,64;83,64(8,64);19;36,62;3.662,30;1,67;250,00;20,00;TERA REDUCAO DE CONSUMO;15/05/2026;24/08/2026;COL;N;15,96
3COL0TB2525;BRASCOVULT SPRAY 2525 TAMBOR DE 150 KG;150,0;300,00;150,00;300,00;300,00;150,00;0,00;(2,00);150,00;121,76;28,24;178,24(-121,76);21;15,44;2.315,25;8,33;150,00;150,00;;28/09/2026;28/09/2026;COL;N;86,76
3AMOST0220526;# PERFIL RODAPE INVERTIDO AIR COR PRETO BLACK 3M X 5CM X 2CM                                                            (PRAL3017) MOZAIK - AMOSTRA;0,0;1,00;3,98;0,00;0,00;3,00;7,02;(0,00);0,00;6,47;-3,47;-3,47(-3,47);21;151,69;455,06;0,06;1,00;0,00;;28/09/2026;29/07/2026;NEC;S;6,47
3CABFONTNANA;CABO FONTE- MEC.396/4311 M/LIFT PECA LP DRIVE-(2900561)-7720110001-POLT NANA;2,0;1,00;0,00;0,00;0,00;10,00;0,00;(8,00);0,00;10,00;0,00;0,00(0,00);24;24,04;240,40;0,01;1,00;1,00;;16/09/2026;15/06/2026;NEC;S;10,00
3CABTOMPONANA;CABO DE ENERGIA - LP DRIVE PECA - (2900739) - 7720230001;0,0;0,00;0,00;0,00;0,00;0,00;0,00;(8,00);10,00;10,00;-10,00;0,00(0,00);24;48,31;0,00;0,00;1,00;1,00;***Itens de acessórios LINE ? Não precisa comprar;18/03/2026;20/02/2026;NEC;S;10,00
3COMAPOLNAV2;COMANDO -;0,0;0,00;0,00;0,00;0,00;0,00;0,00;(8,00);1,00;1,00;-1,00;0,00(0,00);24;0,00;0,00;0,00;1,00;1,00;;01/01/1900;01/01/1900;NEC;S;1,00
3CRDTEL0045;TRILHO TELESCOPICO TT45 450MM Z COD. 0073.045450;30,0;5,00;6,00;3,00;12,00;28,00;0,00;(180,00);0,00;6,00;22,00;22,00(19,00);16;30,70;859,66;0,16;50,00;10,00;;21/05/2026;24/09/2026;NEC;S;6,00
3FEC000BIOMET;FECHADURA BIOMETRICA ZP182;0,0;2,00;1,00;4,00;2,00;5,00;1,00;(0,00);0,00;3,00;2,00;2,00(-2,00);25;636,38;3.181,92;0,08;6,00;6,00;FAT. MINIMO 1000 REAIS;31/08/2026;08/09/2026;NEC;S;3,00
3FONTPOLNANA;FONTE - TRANSFORMADOR DRIVE LP DRIVE - (2900723) - 7720020001 - POLT NANA;2,0;1,00;0,00;0,00;0,00;10,00;0,00;(8,00);0,00;10,00;0,00;0,00(0,00);24;119,13;1.191,30;0,01;1,00;1,00;;16/09/2026;15/06/2026;NEC;S;10,00
3LNHTER4053;*** LINHA TERNURA COR 4053 BEGE - CIRCULO;0,0;0,00;0,00;1,00;0,00;0,00;24,00;(0,00);0,00;20,00;-20,00;-20,00(-21,00);50;16,66;0,00;0,01;5,00;5,00;;01/06/2026;24/08/2026;NEC;S;20,00
3LUCABRETI1004Q;KIT CABIDEIRO COM LED QUENTE E SENSOR MOVIE_PONTEIRA ESCOVADA_LARG 1004;0,0;0,00;0,00;0,00;0,00;2,00;0,00;(0,00);0,00;2,00;0,00;0,00(0,00);21;278,89;557,78;0,00;1,00;1,00;FATURAMENTO MINIMO 800,00 -  PRAZO DE ENTREGA 25 DIAS;17/08/2026;01/01/1900;NEC;S;2,00
3LUCABRETI1070Q;KIT CABIDEIRO COM LED QUENTE E SENSOR MOVIE_PONTEIRA ESCOVADA_LARG 1070;0,0;0,00;0,00;0,00;0,00;3,00;0,00;(0,00);0,00;3,00;0,00;0,00(0,00);21;0,00;0,00;0,00;1,00;1,00;FATURAMENTO MINIMO 800,00 -  PRAZO DE ENTREGA 25 DIAS;09/09/2026;01/01/1900;NEC;S;3,00
3LUCABRETI1087Q;KIT CABIDEIRO COM LED QUENTE E SENSOR MOVIE_PONTEIRA ESCOVADA_LARG 1087;0,0;0,00;0,00;0,00;0,00;2,00;0,00;(0,00);0,00;2,00;0,00;0,00(0,00);21;0,00;0,00;0,00;1,00;1,00;FATURAMENTO MINIMO 800,00 -  PRAZO DE ENTREGA 25 DIAS;09/09/2026;01/01/1900;NEC;S;2,00
3LUCABRETI1126Q;KIT CABIDEIRO COM LED QUENTE E SENSOR MOVIE_PONTEIRA ESCOVADA_LARG 1126;0,0;0,00;0,00;0,00;0,00;2,00;0,00;(0,00);0,00;2,00;0,00;0,00(0,00);21;295,05;590,09;0,00;1,00;1,00;FATURAMENTO MINIMO 800,00 -  PRAZO DE ENTREGA 25 DIAS;17/08/2026;01/01/1900;NEC;S;2,00
3LUCABRETI1139Q;KIT CABIDEIRO COM LED QUENTE E SENSOR MOVIE_PONTEIRA ESCOVADA_LARG 1139;0,0;0,00;0,00;0,00;0,00;1,00;0,00;(0,00);0,00;1,00;0,00;0,00(0,00);21;0,00;0,00;0,00;1,00;1,00;FATURAMENTO MINIMO 800,00 -  PRAZO DE ENTREGA 25 DIAS;23/09/2026;01/01/1900;NEC;S;1,00
3LUCABRETI534Q;*** KIT CABIDEIRO COM LED QUENTE E SENSOR MOVE - 534 MM                                                                 - PONTEIRA ANODIZADO - ARTETÍLICA - ALUMINIO;0,0;0,00;0,00;0,00;0,00;0,00;1,00;(0,00);0,00;1,00;-1,00;-1,00(-1,00);21;216,62;0,00;0,00;1,00;1,00;FATURAMENTO MINIMO 800,00 -  PRAZO DE ENTREGA 25 DIAS;17/08/2026;24/03/2022;NEC;S;1,00
3LUCABRETI620Q;KIT CABIDEIRO COM LED QUENTE E SENSOR MOVIE_PONTEIRA ESCOVADA_LARG 620;0,0;0,00;0,00;0,00;0,00;1,00;0,00;(0,00);0,00;1,00;0,00;0,00(0,00);21;0,00;0,00;0,00;1,00;1,00;FATURAMENTO MINIMO 800,00 -  PRAZO DE ENTREGA 25 DIAS;23/09/2026;01/01/1900;NEC;S;1,00
3LUCABRETI811Q;KIT CABIDEIRO COM LED QUENTE E SENSOR MOVIE_PONTEIRA ESCOVADA_LARG 811;0,0;0,00;0,00;0,00;0,00;1,00;0,00;(0,00);0,00;1,00;0,00;0,00(0,00);21;0,00;0,00;0,00;1,00;1,00;FATURAMENTO MINIMO 800,00 -  PRAZO DE ENTREGA 25 DIAS;23/09/2026;01/01/1900;NEC;S;1,00
3LUCABRETI818Q;KIT CABIDEIRO COM LED QUENTE E SENSOR MOVIE_PONTEIRA ESCOVADA_LARG 818;0,0;0,00;0,00;0,00;0,00;2,00;0,00;(0,00);0,00;2,00;0,00;0,00(0,00);21;239,18;478,35;0,00;1,00;1,00;FATURAMENTO MINIMO 800,00 -  PRAZO DE ENTREGA 25 DIAS;21/09/2026;15/12/2021;NEC;S;2,00
3LUCABRETI903Q;KIT CABIDEIRO COM LED QUENTE E SENSOR MOVIE_PONTEIRA ESCOVADA_LARG 903;0,0;0,00;0,00;0,00;0,00;2,00;0,00;(0,00);0,00;2,00;0,00;0,00(0,00);21;0,00;0,00;0,00;1,00;1,00;FATURAMENTO MINIMO 800,00 -  PRAZO DE ENTREGA 25 DIAS;21/09/2026;01/01/1900;NEC;S;2,00
3LUCABRETI920Q;KIT CABIDEIRO COM LED QUENTE E SENSOR MOVIE_PONTEIRA ESCOVADA_LARG 920;0,0;0,00;0,00;0,00;0,00;1,00;0,00;(0,00);0,00;1,00;0,00;0,00(0,00);21;0,00;0,00;0,00;1,00;1,00;FATURAMENTO MINIMO 800,00 -  PRAZO DE ENTREGA 25 DIAS;23/09/2026;01/01/1900;NEC;S;1,00
3LUCABRETI956Q;KIT CABIDEIRO COM LED QUENTE E SENSOR MOVIE_PONTEIRA ESCOVADA_LARG 956;0,0;0,00;0,00;0,00;0,00;3,00;0,00;(0,00);0,00;3,00;0,00;0,00(0,00);21;0,00;0,00;0,00;1,00;1,00;FATURAMENTO MINIMO 800,00 -  PRAZO DE ENTREGA 25 DIAS;21/09/2026;01/01/1900;NEC;S;3,00
3LUCABRETI974Q;KIT CABIDEIRO COM LED QUENTE E SENSOR MOVIE_PONTEIRA ESCOVADA_LARG 974;0,0;0,00;0,00;0,00;0,00;1,00;0,00;(0,00);0,00;1,00;0,00;0,00(0,00);21;274,91;274,91;0,00;1,00;1,00;FATURAMENTO MINIMO 800,00 -  PRAZO DE ENTREGA 25 DIAS;17/08/2026;01/01/1900;NEC;S;1,00
3LUCABRETI975Q;KIT CABIDEIRO COM LED QUENTE E SENSOR MOVIE_PONTEIRA ESCOVADA_LARG 975;0,0;0,00;0,00;0,00;0,00;1,00;0,00;(0,00);0,00;1,00;0,00;0,00(0,00);21;0,00;0,00;0,00;1,00;1,00;FATURAMENTO MINIMO 800,00 -  PRAZO DE ENTREGA 25 DIAS;09/09/2026;01/01/1900;NEC;S;1,00
3LUCABRETI976Q;KIT CABIDEIRO COM LED QUENTE E SENSOR MOVIE_PONTEIRA ESCOVADA_LARG 976;0,0;0,00;0,00;0,00;0,00;2,00;0,00;(0,00);0,00;2,00;0,00;0,00(0,00);21;0,00;0,00;0,00;1,00;1,00;FATURAMENTO MINIMO 800,00 -  PRAZO DE ENTREGA 25 DIAS;21/09/2026;01/01/1900;NEC;S;2,00
3LUCABRETI984Q;KIT CABIDEIRO COM LED QUENTE E SENSOR MOVIE_PONTEIRA ESCOVADA_LARG 984;0,0;0,00;0,00;0,00;0,00;1,00;0,00;(0,00);0,00;1,00;0,00;0,00(0,00);21;0,00;0,00;0,00;1,00;1,00;FATURAMENTO MINIMO 800,00 -  PRAZO DE ENTREGA 25 DIAS;09/09/2026;01/01/1900;NEC;S;1,00
3MESAINOX000L;*** CHAPA CURVA INOX ESCOVADO - SOFA AMANA;2,0;1,00;0,00;1,00;1,00;4,00;0,00;(0,00);0,00;3,01;0,99;0,99(-0,01);25;1.157,06;4.628,24;0,02;1,00;0,00;BAIXO CONSUMO;25/09/2026;01/09/2026;NEC;S;3,01
3MESAINOX000R;*** CHAPA RETA INOX ESCOVADO - SOFA AMANA;0,0;1,00;0,00;2,00;0,00;3,00;0,00;(0,00);0,00;3,00;0,00;0,00(-2,00);25;707,85;2.123,55;0,03;1,00;1,00;BAIXO CONSUMO;25/09/2026;12/08/2026;NEC;S;3,00
3PUXAD700IE;*** PUX. ANELLO DUPLO  - INOX ESCOVADO/ESCOVADO/ESCOVADO ZP2022.90 ZEN                                                  - 600MM ENTRE OS FUROS (COMP. 700 MM);0,0;1,00;0,00;0,00;0,00;0,00;0,00;(0,00);1,00;1,00;-1,00;0,00(0,00);45;496,42;0,00;0,01;1,00;1,00;;12/06/2026;17/06/2026;NEC;S;1,00
3PUXSOPRA640BZ;***PUXADOR SOPRA 640MM BRONZE (ZP0136) ZEN;0,0;0,00;2,00;0,00;0,00;0,00;0,00;(0,00);24,00;24,00;-24,00;0,00(0,00);45;62,37;0,00;0,02;1,00;1,00;;01/07/2026;20/07/2026;NEC;S;24,00
3PUXSOPRA640GF;***PUXADOR SOPRA 640MM GRAFITO (ZP0136) ZEN;4,0;0,00;0,00;0,00;0,00;0,00;1,00;(0,00);0,00;1,00;-1,00;-1,00(-1,00);45;121,09;0,00;0,00;1,00;1,00;;16/09/2026;06/05/2026;NEC;S;1,00
3PXEU210AL;PERFIL PUXADOR EURO - ALUMINIO FOSCO - MEDIDA 210MM;0,0;0,00;0,00;0,00;0,00;1,00;0,00;(0,00);6,00;7,00;-6,00;0,00(0,00);21;0,00;0,00;0,00;1,00;1,00;FATURAMENTO MINIMO 800,00 -  PRAZO DE ENTREGA 25 DIAS;21/09/2026;01/01/1900;NEC;S;3,00
3PXEU296IN;PUXADOR EURO - MEDIDA 296MM - INOX;0,0;0,00;0,00;0,00;0,00;0,00;0,00;(0,00);2,00;2,00;-2,00;0,00(0,00);21;0,00;0,00;0,00;1,00;1,00;FATURAMENTO MINIMO 800,00 -  PRAZO DE ENTREGA 25 DIAS;01/01/1900;01/01/1900;NEC;S;2,00
3PXEU304IN;PUXADOR EURO - MEDIDA 304MM - INOX;0,0;0,00;0,00;0,00;0,00;0,00;0,00;(0,00);2,00;2,00;-2,00;0,00(0,00);21;0,00;0,00;0,00;1,00;1,00;FATURAMENTO MINIMO 800,00 -  PRAZO DE ENTREGA 25 DIAS;01/01/1900;01/01/1900;NEC;S;2,00
3PXEU327AL;PERFIL PUXADOR EURO - ALUMINIO FOSCO - MEDIDA 327MM;0,0;0,00;0,00;0,00;0,00;0,00;14,00;(0,00);12,00;20,00;-20,00;-8,00(-8,00);21;0,00;0,00;0,00;1,00;1,00;FATURAMENTO MINIMO 800,00 -  PRAZO DE ENTREGA 25 DIAS;21/09/2026;01/01/1900;NEC;S;20,00
3PXEU331AL;PERFIL PUXADOR EURO - ALUMINIO FOSCO - MEDIDA 331MM;0,0;0,00;0,00;0,00;0,00;0,00;6,00;(0,00);4,00;10,00;-10,00;-6,00(-6,00);21;50,99;0,00;0,00;1,00;1,00;FATURAMENTO MINIMO 800,00 -  PRAZO DE ENTREGA 25 DIAS;21/09/2026;23/05/2025;NEC;S;6,00
3PXEU396AL;PERFIL PUXADOR EURO - ALUMINIO FOSCO - MEDIDA 396MM;0,0;0,00;0,00;0,00;28,00;0,00;0,00;(0,00);24,00;12,00;-12,00;12,00(12,00);21;65,65;0,00;0,00;1,00;1,00;FATURAMENTO MINIMO 800,00 -  PRAZO DE ENTREGA 25 DIAS;21/09/2026;28/09/2026;NEC;S;12,00
3PXEU442IN;PUXADOR EURO - MEDIDA 442MM - INOX;0,0;0,00;0,00;0,00;0,00;0,00;0,00;(0,00);1,00;1,00;-1,00;0,00(0,00);21;0,00;0,00;0,00;1,00;1,00;FATURAMENTO MINIMO 800,00 -  PRAZO DE ENTREGA 25 DIAS;01/01/1900;01/01/1900;NEC;S;1,00
3PXEU487AL;PERFIL PUXADOR EURO - ALUMINIO FOSCO - MEDIDA 487MM;0,0;0,00;0,00;0,00;0,00;0,00;4,00;(0,00);24,00;28,00;-28,00;-4,00(-4,00);21;0,00;0,00;0,00;1,00;1,00;FATURAMENTO MINIMO 800,00 -  PRAZO DE ENTREGA 25 DIAS;21/09/2026;01/01/1900;NEC;S;12,00
3PXEU520AL;PERFIL PUXADOR EURO - ALUMINIO FOSCO - MEDIDA 520MM;0,0;0,00;0,00;0,00;0,00;0,00;2,00;(0,00);12,00;14,00;-14,00;-2,00(-2,00);21;0,00;0,00;0,00;1,00;1,00;FATURAMENTO MINIMO 800,00 -  PRAZO DE ENTREGA 25 DIAS;21/09/2026;01/01/1900;NEC;S;6,00
3PXEU536AL;PERFIL PUXADOR EURO - ALUMINIO FOSCO - MEDIDA 536MM;0,0;0,00;0,00;0,00;0,00;0,00;14,00;(0,00);12,00;20,00;-20,00;-8,00(-8,00);21;0,00;0,00;0,00;1,00;1,00;FATURAMENTO MINIMO 800,00 -  PRAZO DE ENTREGA 25 DIAS;21/09/2026;01/01/1900;NEC;S;20,00
3RIPA10MM0031;*** RIPADO MDP BP 9X18X2750 - BRANCO TEXTURIZADO - (FORN: BRANCO                                                        TEXTURIZADO);138,752;101,07;85,26;115,16;0,00;152,88;33,64;(0,00);0,00;38,10;114,78;114,78(-0,39);20;4,90;749,72;3,35;150,15;150,15;;21/09/2026;21/08/2026;NEC;S;38,10
3RIPA10MM0069;*** RIPADO MDP BP 9X18X2750 - ASPARGO - (FORN: VERTI MICRO );0,0;0,00;29,10;91,84;55,33;273,00;192,34;(0,00);0,00;350,19;-77,19;-77,19(-169,03);20;5,17;1.411,68;1,34;150,15;150,15;;28/09/2026;25/09/2026;NEC;S;334,44
3RIPA10MM0093;*** RIPADO MDP BP 9X18X2750 - LINHACA - (FORN: NOGAL ARTEZZANO GRANN );0,0;0,00;0,00;0,00;0,00;81,90;0,00;(0,00);0,00;69,51;12,39;12,39(12,39);20;4,73;387,39;0,00;150,15;150,15;;16/10/2025;07/01/2026;NEC;S;69,51
3FECHMAG27000;FECHADURA INVISIVEL MAGNETICA (27000) POINT;9,0;8,00;9,00;7,00;7,00;33,00;3,00;(1,00);0,00;28,00;5,00;5,00(-2,00);10;41,40;1.366,10;0,27;1,00;1,00;PEDIR COM 3PUXMAGN799;24/09/2026;28/09/2026;PUX;S;28,00
3PUX0005028;PUXADOR CROMADO CANTONEIRA 15MM;8,0;6,00;5,00;5,00;2,00;16,00;20,00;(4,00);0,00;12,00;4,00;4,00(-1,00);31;7,00;111,94;0,18;50,00;10,00;;26/11/2025;09/09/2026;PUX;S;12,00
3PUX0010741;PUXADOR PHOENIX 320MM CROMADO - FORN. ZEN (ZP1074);0,0;0,00;0,00;0,00;0,00;0,00;1,00;(0,00);3,00;3,00;-3,00;0,00(0,00);45;46,29;0,00;0,00;1,00;1,00;FAT MIN 200 REAIS;16/09/2024;15/04/2026;PUX;S;3,00
3PUXALLEN160GF;PUXADOR ALLEN GRANADO 160MM GRAFITO (ZP4295.00064) ZEN;13,0;28,00;1,00;10,00;4,00;56,00;0,00;(0,00);0,00;18,00;38,00;38,00(28,00);45;68,83;3.854,54;0,43;1,00;1,00;FAT MIN 200 REAIS;01/07/2026;09/09/2026;PUX;S;18,00
3PUXCRETA64DO;PUXADOR CRETA 64MM DOURADO MATTE (ZP3949) ZEN;11,0;15,00;2,00;7,00;0,00;45,00;0,00;(0,00);0,00;9,00;36,00;36,00(29,00);45;34,61;1.557,59;0,27;1,00;1,00;Itens baixados - estoque de merda NÃO COMPRAR;01/07/2026;09/09/2026;PUX;S;9,00
3PUXCRETA64GF;PUXADOR CRETA 64MM GRAFITO (ZP3949) ZEN;2,0;0,00;2,00;3,00;0,00;17,00;0,00;(0,00);0,00;1,00;16,00;16,00(13,00);45;33,26;565,40;0,06;1,00;1,00;FAT MIN 200 REAIS;22/09/2025;06/08/2026;PUX;S;1,00
3PUXCRETA64TN;PUXADOR CRETA 64MM TITANIUM (ZP3949) ZEN;0,0;4,00;2,00;9,00;17,00;15,00;0,00;(0,00);0,00;1,00;14,00;14,00(5,00);45;27,17;407,54;0,17;1,00;1,00;FAT MIN 200 REAIS;21/07/2026;24/09/2026;PUX;S;1,00
3PUXCUPCV;PUXADOR CUP PONTUAL COBRE VECCHIO (ZP5238) ZEN;0,0;12,00;12,00;19,00;19,00;38,00;0,00;(0,00);0,00;5,00;33,00;33,00(14,00);45;19,30;733,44;0,48;1,00;1,00;FAT MIN 200 REAIS;31/08/2026;24/09/2026;PUX;S;5,00
3PUXCUPGF;PUXADOR CUP PONTUAL GRAFITO (ZP5238) ZEN;9,0;22,00;3,00;12,00;4,00;41,00;0,00;(0,00);0,00;8,00;33,00;33,00(21,00);45;16,84;690,28;0,41;1,00;1,00;FAT MIN 200 REAIS;01/07/2026;22/09/2026;PUX;S;8,00
3PUXCUPNV;PUXADOR CUP PONTUAL NIQUEL VECCHIO (ZP5238) ZEN;8,0;17,00;11,00;30,00;10,00;54,00;2,00;(0,00);19,00;29,00;25,00;44,00(14,00);45;18,23;984,26;0,64;1,00;1,00;FAT MIN 200 REAIS;01/07/2026;11/09/2026;PUX;S;29,00
3PUXFUSIO128GF;PUXADOR FUSION - DIAM 128MM - GRAFITO (ZP1762) ZEN;0,0;4,00;1,00;3,00;0,00;16,00;3,00;(0,00);0,00;8,00;8,00;8,00(5,00);45;50,84;813,46;0,09;1,00;1,00;FAT MIN 200 REAIS;21/07/2026;06/08/2026;PUX;S;8,00
3PUXFUSIO352BZ;PUXADOR FUSION - DIAM 352MM - BRONZE (ZP1765) ZEN;0,0;5,00;24,00;3,00;38,00;37,00;1,00;(0,00);0,00;4,00;33,00;33,00(30,00);45;45,12;1.669,26;0,36;1,00;1,00;FAT MIN 200 REAIS;28/08/2026;23/09/2026;PUX;S;4,00
3PUXSHELL64DO;PUXADOR SHELL 64MM DOURADO MATTE (ZP4318) ZEN;22,0;10,00;5,00;27,00;20,00;44,00;0,00;(0,00);19,00;19,00;25,00;44,00(17,00);45;27,77;1.221,97;0,47;1,00;1,00;FAT MIN 200 REAIS;29/09/2026;29/09/2026;PUX;S;19,00
3CH018BP0068;***MDF BP AZUL SECRETO - 2750 X 1850 X 18 MM (FORN: AZUL SECRETO                                                        ESSENCIAL) -D;0,0;0,40;6,01;7,58;20,44;131,56;13,46;(0,00);0,00;19,75;111,81;111,81(104,23);30;62,95;8.282,23;0,16;5,06;0,00;;29/06/2026;29/09/2026;MIC;S;19,75
3CH018BP0089;*** MDP BP CERAMICA - 2750 X 1850 X 18 MM (FORN: BLUSH ESSENCIAL) - D;18,33;18,73;36,25;9,77;79,09;117,01;19,62;(0,00);0,00;31,61;85,39;85,39(75,63);30;45,72;5.349,47;0,72;5,06;5,06;;03/06/2026;29/09/2026;MIC;S;20,28
3CH018BP0090;*** MDP BP OCEANO - 2750X1850X18 MM (FORN: AZUL PROFUNDO ESSENCIAL) - D;36,559;40,13;50,79;5,57;49,34;65,34;35,27;(0,00);0,00;53,57;11,77;11,77(6,19);30;41,67;2.722,37;1,07;5,06;5,06;;03/07/2026;28/09/2026;MIC;S;52,88
3CH018BP0095;***MDF BP HIBISCO - 2750 X 1850 X 18 MM (FORN: HIBISCO) -D;14,947;1,73;0,37;2,25;0,65;122,11;0,12;(5,06);0,00;75,82;46,30;46,30(44,04);30;34,19;4.175,01;0,05;5,06;5,06;;29/05/2026;28/09/2026;MIC;S;0,10
3CH018BP0096;***MDF BP FLORESTA - 2750 X 1850 X 18 MM (FORN: VERDE FLORESTA ESSENCIAL) -D;0,0;0,44;0,90;1,56;9,46;10,32;15,93;(5,06);5,06;29,65;-19,33;-14,27(-15,83);30;34,19;352,81;0,03;5,06;5,06;;29/05/2026;29/09/2026;MIC;S;26,68
3CH018BPCORT;#MDF BP CORTEN METALLIC - 2750 X 1850 X 18 MM (FORN: CORTEN - METALLIC) -G;0,0;0,00;0,00;0,00;6,50;5,09;23,28;(182,16);0,00;23,27;-18,18;-18,18(-18,18);30;91,42;465,05;0,00;182,16;182,16;;28/09/2026;29/09/2026;MIC;S;23,27
3CH018BPMINT;#MDF MINT ESSENCIAL 18MM  - 2750 X 1850 X 18 MM - D;0,0;0,00;0,00;0,00;0,88;0,00;7,38;(182,16);0,00;7,37;-7,37;-7,37(-7,37);30;0,00;0,00;0,00;182,16;182,16;;10/09/2026;24/09/2026;MIC;S;7,37
3CH025BP0068;***MDP BP AZUL SECRETO - 2750 X 1850 X 25 MM (FORN: AZUL SECRETO                                                        ESSENCIAL)- D;0,0;0,00;0,00;5,28;2,22;116,38;1,64;(0,00);0,00;1,83;114,56;114,56(109,28);30;51,04;5.940,60;0,06;5,06;5,06;;03/07/2026;29/09/2026;MIC;S;1,83
3CH025BP0089;*** MDP BP CERAMICA - 2750 X 1850 X 25 MM (FORN: BLUSH ESSENCIAL) - D;25,279;9,29;27,39;0,02;9,74;182,15;2,65;(0,00);0,00;3,64;178,52;178,52(178,50);30;51,79;9.433,16;0,41;5,06;5,06;;04/08/2026;24/09/2026;MIC;S;2,65
3CH025BP0090;*** MDP BP OCEANO - 2750X1850X25 MM (FORN: AZUL PROFUNDO ESSENCIAL) - D;1,568;4,75;4,63;0,02;6,76;55,65;3,05;(0,00);0,00;6,36;49,29;49,29(49,27);30;47,04;2.617,82;0,10;5,06;5,06;;02/06/2026;28/09/2026;MIC;S;6,36
3CH025BPMINT;#MDF MINT ESSENCIAL 18MM  - 2750 X 1850 X 25 MM - D;0,0;0,00;0,00;0,00;0,00;0,00;15,81;(182,16);0,00;15,80;-15,80;-15,80(-15,80);30;0,00;0,00;0,00;182,16;182,16;;04/09/2026;24/09/2026;MIC;S;15,80
3CH06BP0068;***MDF BP AZUL SECRETO - 2750 X 1850 X 6 MM (FORN: AZUL SECRETO                                                         ESSENCIAL) - D;0,0;0,00;0,00;0,00;6,43;0,00;3,79;(0,00);5,06;5,38;-5,38;-0,32(-0,32);30;39,72;0,00;0,00;5,06;5,06;;04/09/2026;29/09/2026;MIC;S;5,38
3CH06BP0089;*** MDF BP CERAMICA - 2750 X 1850 X 6 MM (FORN: BLUSH ESSENCIAL) - D;28,514;5,75;12,62;1,10;22,05;166,66;2,99;(0,00);0,00;5,44;161,22;161,22(160,12);30;25,69;4.282,00;0,22;5,06;5,06;;09/06/2026;29/09/2026;MIC;S;2,98
3CH06BP0090;*** MDF BP OCEANO - 2750X 1850X 6MM (FORN: AZUL PROFUNDO ESSENCIAL) - D;9,589;2,22;8,45;1,18;12,67;146,66;10,55;(0,00);0,00;21,97;124,69;124,69(123,51);30;27,41;4.019,96;0,13;5,06;5,06;;18/06/2026;28/09/2026;MIC;S;18,33
3CH06BP0096;***MDF BP FLORESTA - 2750 X 1850 X 6 MM (FORN: VERDE FLORESTA ESSENCIAL) - D;0,0;0,00;0,00;0,00;0,36;25,44;0,07;(0,00);0,00;3,78;21,66;21,66(21,66);30;90,45;2.301,07;0,00;5,06;5,06;;29/05/2026;29/09/2026;MIC;S;1,12
3COCGG10CSCL35;*** CORREDICA GG10C SOFT CLOSING EXT. PARCIAL 25 KG 350MM COM TRAVA                                                     (GG10C350H + 0GGLD01) DTC;0,0;0,00;0,00;0,00;19,00;822,00;4,00;(1,00);0,00;104,00;718,00;718,00(718,00);21;22,03;18.104,55;0,00;10,00;1,00;DEIXOU DE USAR 3CRDKITV6INV35;14/08/2026;22/09/2026;CHI;S;96,00
3COCGG10CSCL40;*** CORREDICA GG10C SOFT CLOSING EXT. PARCIAL 25 KG 400MM COM TRAVA                                                     (GG10C400H + 0GGLD01) DTC;0,0;0,00;0,00;0,00;28,00;1.402,00;10,00;(1,00);0,00;122,00;1.280,00;1.280,00(1.280,00);21;24,39;34.187,77;0,00;10,00;1,00;DEIXOU DE USAR 3CRDKITV6INV40;14/08/2026;25/09/2026;CHI;S;113,00
3COCGG10CSCL45;*** CORREDICA GG10C SOFT CLOSING EXT. PARCIAL 25 KG 450MM COM TRAVA                                                     (GG10C450H + 0GGLD01) DTC;0,0;0,00;0,00;0,00;43,00;2.834,00;3,00;(1,00);0,00;369,00;2.465,00;2.465,00(2.465,00);21;25,39;71.958,09;0,00;10,00;1,00;DEIXOU DE USAR 3CRDKITV6INV45;14/08/2026;25/09/2026;CHI;S;362,00
3ETI000COLC;ETIQUETAS P/COLCHAS ALMOFADAS BORDADAS-PRATA LOGO GRAFIT/ NOVA LOGO                                                     CNPJ DA ETIQUETA - 064.422.892/0001-00;750,0;750,00;1.000,00;500,00;500,00;10.550,00;0,00;(1.439,00);0,00;476,00;10.074,00;10.074,00(9.574,00);40;0,18;1.920,10;25,00;6.000,00;1,00;;17/09/2026;29/09/2026;ETI;N;442,00
3ETI1050X50;# ETIQUETA PARA ATELIER DE ALMOFADAS 50X50                                                                              COMPOSICAO 100% POLIPROPILENO - ENCHIMENTO 100% POLIESTER MEDIDA 50 X 50 - BRASIL;0,0;0,00;1.000,00;0,00;0,00;5.000,00;0,00;(2,00);0,00;2,00;4.998,00;4.998,00(4.998,00);21;0,07;330,00;11,11;7.700,00;7.700,00;;10/07/2020;09/07/2026;ETI;N;2,00
3ETI1060X60;"ETIQUETA PARA ATELIER DE ALMOFADAS 60X60                                                                                COMPOICAO; 100% POLIPROPILENO - ENCHIMENTO 100% POLIESTER MEDIDA 60 X 60 - BRASIL";0,0;0,00;0,00;0,00;0,00;2.000,00;0,00;(2,00);0,00;127,00;1.873,00;1.873,00(1.873,00);21;0,07;132,00;0,00;7.700,00;7.700,00;ITEM DE BAIXO CONSUMO;21/08/2020;20/02/2026;ETI;N;126,00
3ETI1065X40;"# ETIQUETA PARA ATELIER DE ALMOFADAS 65X40                                                                              COMPOICAO; 100% POLIPROPILENO - ENCHIMENTO 100% POLIESTER MEDIDA 65 X 40 - BRASIL";0,0;0,00;0,00;0,00;0,00;7.700,00;0,00;(2,00);0,00;265,00;7.435,00;7.435,00(7.435,00);21;0,07;562,10;0,00;7.700,00;7.700,00;;28/06/2017;;ETI;N;233,00
3ETIQ100X80;ETIQUETA 100X80 COLA 30G ROLO DE 500 ETIQ. 20G PARA PAPELAO;68,0;76,00;70,00;86,00;90,00;60,00;0,00;(36,00);50,00;0,09;59,91;109,91(23,91);20;22,31;1.338,54;2,58;50,00;50,00;;17/09/2026;29/09/2026;ETI;N;0,09
3FOL0000009;FOLDER TRAVESSEIRO LATEX;0,0;0,00;0,00;0,00;0,00;365,00;25,00;(0,00);0,00;76,00;289,00;289,00(289,00);16;1,91;695,69;0,00;500,00;1,00;;06/03/2024;16/04/2026;ETI;S;75,00
3RIB0110X75;RIBBON DE CERA P/IMP TT245C 110X75 - CODIGO DE BARRAS LOGISTICA;20,0;43,00;54,00;30,00;44,00;37,00;0,00;(25,00);31,00;0,49;36,51;67,51(37,51);20;9,38;346,91;1,41;13,00;1,00;;07/08/2026;23/09/2026;ETI;N;0,45
3FELTECO194;!ECOFELTRO 850G/M2 - MEDIDA 2,00 X 1,50 - OBER;239,162;350,79;347,57;268,77;219,30;300,13;1.168,50;(0,00);0,00;307,26;-7,13;-7,13(-275,90);35;8,56;2.569,41;10,75;900,00;900,00;;02/09/2026;29/09/2026;FOR;S;219,77
3FOR0000030;!TNT 100% PP 30G 1,40M X 750M BRANCO;0,0;1.050,00;0,00;1.050,00;0,00;5.250,00;0,00;(3.150,00);0,00;236,50;5.013,50;5.013,50(3.963,50);42;0,45;2.383,50;23,33;7.000,00;1.050,00;;30/01/2026;04/08/2026;FOR;N;169,50
3FOR0000198;!FELTRO SINTETICO P/ COLCHAO 1,98 LARG. 3,5/4,5 ESP. 600/800 RES.;653,4;1.506,56;1.722,60;1.188,00;1.306,80;1.960,20;0,00;(1.500,00);712,80;1.883,92;76,28;789,08(-398,92);38;6,54;12.817,75;49,08;712,80;712,80;;16/09/2026;18/09/2026;FOR;N;1.362,37
3FOR000ANTI;!TELA ANTI DERRAPANTE - COR BEGE;50,0;30,00;12,00;12,00;0,00;78,00;0,00;(7,00);0,00;33,28;44,72;44,72(32,72);11;49,21;3.838,15;0,60;1,00;1,00;;22/06/2026;07/08/2026;FOR;N;23,48
3FOR065X095;FELTRO SINTETICO TERMOLIXADO 4/6 600/800 0,65X0,95;250,0;100,00;250,19;100,00;100,00;800,00;0,00;(518,00);0,00;34,00;766,00;766,00(666,00);38;3,54;2.833,60;5,00;800,00;800,00;;28/07/2026;17/09/2026;FOR;N;30,00
3FOR087X095;FELTRO SINTETICO TERMOLIXADO 4/6 600/800 0,87X0,95;200,0;50,09;50,00;100,11;100,00;850,00;0,00;(750,00);0,00;8,00;842,00;842,00(741,89);38;4,78;4.066,40;2,22;750,00;750,00;;22/06/2026;23/09/2026;FOR;N;4,00
3FOR099X064;FELTRO SINTETICO TERMOLIXADO 099 X 064;100,0;50,00;100,00;50,00;100,00;750,00;0,00;(22,00);0,00;8,00;742,00;742,00(692,00);38;4,56;3.422,25;2,22;800,00;800,00;;14/04/2026;28/09/2026;FOR;N;4,00
3FOR0MAD300;FELTRO SINTETICO MAD 300 (REF: 82.4997000);10295,0;7.685,00;15.900,00;15.370,00;15.312,00;0,00;0,00;(8.000,00);23.500,00;4.000,59;-4.000,59;19.499,41(4.129,41);38;3,85;0,00;432,83;500,00;500,00;;16/09/2026;28/09/2026;FOR;N;2.998,68
3FOR0P00060;!TNT 100% POLIPROPILENO 40G 0,60X500M - PRETO;0,0;600,00;600,00;600,00;600,00;2.700,00;0,00;(1.050,00);0,00;317,06;2.382,94;2.382,94(1.782,94);42;0,60;1.628,10;20,00;12.500,00;262,50;;01/09/2025;21/09/2026;FOR;N;212,10
3FORLUZ0040;TNT 100% POLIPROPILENO 40G 1,40X500M - BRANCO;11100,0;6.300,00;14.000,00;7.000,00;9.100,00;11.200,00;0,00;(3.482,00);14.000,00;3.479,76;7.720,25;21.720,25(14.720,25);43;0,80;8.926,40;303,33;14.000,00;3.500,00;;28/08/2026;29/09/2026;FOR;N;2.578,98
3TMPSC0003D;!TAMPO SOFA CAMA MARGAN TQ 284450-TQ 49 235 XW- TQ8A190 L639 0;32,68;193,28;63,76;97,32;115,88;140,00;70,22;(146,00);500,00;53,78;86,22;586,22(488,90);40;46,70;6.538,28;3,94;500,00;20,00;;11/06/2026;28/09/2026;FOR;S;47,30
3ESH1400X1300AF;ESPELHO SKY HOR. LARG. 1400MM ALT. 1300MM PERFIL ALUMINIO ESPELHO PRATA - ILUM.FRONT E LATERAL -  SEM ILUM TRAS - 4000K DIFUSOR BRANCO ON/OFF COM DESEMBACADOR (47519) - CONJUNTO COMPLETO COM TOMADA, CONVERSOR, DISTRIBUIDOR E ACIONAMENTO;0,0;0,00;0,00;0,00;0,00;1,00;0,00;(0,00);0,00;1,00;0,00;0,00(0,00);35;0,00;0,00;0,00;1,00;1,00;;29/09/2026;01/01/1900;VSN;S;1,00
3ESV1000X1700AF;ESPELHO SKY VER. LARG. 1000MM ALT. 1700MM PERFIL ALUMINIO ESPELHO PRATA - ILUM.FRONT E LATERAL -  SEM ILUM TRAS - 4000K DIFUSOR BRANCO ON/OFF COM DESEMBACADOR (47507) - CONJUNTO COMPLETO COM TOMADA, CONVERSOR, DISTRIBUIDOR E ACIONAMENTO;0,0;0,00;0,00;0,00;0,00;0,00;0,00;(0,00);1,00;1,00;-1,00;0,00(0,00);35;0,00;0,00;0,00;1,00;1,00;;01/01/1900;01/01/1900;VSN;S;1,00
3ESV500X1336AF;ESPELHO SKY VER. LARG. 500MM ALT. 1336MM PERFIL ALUMINIO ESPELHO PRATA - ILUM.FRONT E LATERAL -  SEM ILUM TRAS - 4000K DIFUSOR BRANCO ON/OFF COM DESEMBACADOR (47507) - CONJUNTO COMPLETO COM TOMADA, CONVERSOR, DISTRIBUIDOR E ACIONAMENTO;0,0;0,00;0,00;0,00;0,00;0,00;0,00;(0,00);0,00;2,00;-2,00;-2,00(-2,00);35;0,00;0,00;0,00;1,00;1,00;;01/01/1900;01/01/1900;VSN;S;2,00
3ESV750X1900AF;ESPELHO SKY VER. LARG. 750MM ALT. 1900MM PERFIL ALUMINIO ESPELHO PRATA - ILUM.FRONT E LATERAL -  SEM ILUM TRAS - 4000K DIFUSOR BRANCO ON/OFF COM DESEMBACADOR (47507) - CONJUNTO COMPLETO COM TOMADA, CONVERSOR, DISTRIBUIDOR E ACIONAMENTO;0,0;0,00;0,00;0,00;0,00;0,00;0,00;(0,00);1,00;1,00;-1,00;0,00(0,00);35;0,00;0,00;0,00;1,00;1,00;;01/01/1900;01/01/1900;VSN;S;1,00
3ESV950X1008AF;ESPELHO SKY VER. LARG. 950MM ALT. 1008MM PERFIL ALUMINIO ESPELHO PRATA - ILUM.FRONT E LATERAL -  SEM ILUM TRAS - 4000K DIFUSOR BRANCO ON/OFF COM DESEMBACADOR (47507) - CONJUNTO COMPLETO COM TOMADA, CONVERSOR, DISTRIBUIDOR E ACIONAMENTO;0,0;0,00;0,00;0,00;0,00;0,00;0,00;(0,00);1,00;1,00;-1,00;0,00(0,00);35;0,00;0,00;0,00;1,00;1,00;;01/01/1900;01/01/1900;VSN;S;1,00
3PCU1151CARBOF;PUXADOR CURVE - LARGURA 1151MM - PADRAO FOSCA CARBONO - FOSCA;0,0;0,00;0,00;0,00;0,00;0,00;0,00;(0,00);6,00;6,00;-6,00;0,00(0,00);35;0,00;0,00;0,00;1,00;1,00;;01/01/1900;01/01/1900;VSN;S;6,00
3PCU1156CARBOF;PUXADOR CURVE - LARGURA 1156MM - PADRAO FOSCA CARBONO - FOSCA;0,0;0,00;0,00;0,00;0,00;0,00;0,00;(0,00);1,00;1,00;-1,00;0,00(0,00);35;0,00;0,00;0,00;1,00;1,00;;01/01/1900;01/01/1900;VSN;S;1,00
3PCU2568STEEMF;PUXADOR CURVE - LARGURA 2568MM - METALIZADA FOSCA STEEL - METALIZADA FOSCA;0,0;0,00;0,00;0,00;0,00;4,00;0,00;(0,00);0,00;4,00;0,00;0,00(0,00);35;0,00;0,00;0,00;1,00;1,00;;04/09/2026;01/01/1900;VSN;S;4,00
3PCU2646CARBOF;PUXADOR CURVE - LARGURA 2646MM - PADRAO FOSCA CARBONO - FOSCA;0,0;0,00;0,00;0,00;0,00;0,00;0,00;(0,00);3,00;3,00;-3,00;0,00(0,00);35;0,00;0,00;0,00;1,00;1,00;;01/01/1900;01/01/1900;VSN;S;3,00
3PCU2696ASPARF;PUXADOR CURVE - LARGURA 2696MM - PADRAO FOSCA ASPARGO - FOSCA;0,0;0,00;0,00;0,00;0,00;0,00;0,00;(0,00);3,00;3,00;-3,00;0,00(0,00);35;0,00;0,00;0,00;1,00;1,00;;01/01/1900;01/01/1900;VSN;S;3,00
3PCU496MALTEF;PUXADOR CURVE - LARGURA 496MM - PADRAO FOSCA MALTE - FOSCA;0,0;0,00;0,00;0,00;0,00;0,00;0,00;(0,00);4,00;4,00;-4,00;0,00(0,00);35;0,00;0,00;0,00;1,00;1,00;;01/01/1900;01/01/1900;VSN;S;4,00
3PCU636CENTEF;PUXADOR CURVE - LARGURA 636MM - PADRAO FOSCA CENTEIO - FOSCA;0,0;0,00;0,00;0,00;0,00;0,00;0,00;(0,00);1,00;1,00;-1,00;0,00(0,00);35;0,00;0,00;0,00;1,00;1,00;;01/01/1900;01/01/1900;VSN;S;1,00
3PCU646MALTEF;PUXADOR CURVE - LARGURA 646MM - PADRAO FOSCA MALTE - FOSCA;0,0;0,00;0,00;0,00;0,00;0,00;0,00;(0,00);2,00;2,00;-2,00;0,00(0,00);35;0,00;0,00;0,00;1,00;1,00;;01/01/1900;01/01/1900;VSN;S;2,00
3PCU660QUINOF;PUXADOR CURVE - LARGURA 660MM - PADRAO FOSCA QUINOA - FOSCA;0,0;0,00;0,00;0,00;0,00;4,00;0,00;(0,00);0,00;4,00;0,00;0,00(0,00);35;165,58;662,31;0,00;1,00;1,00;;21/08/2026;01/01/1900;VSN;S;4,00
3PCU688CENTEF;PUXADOR CURVE - LARGURA 688MM - PADRAO FOSCA CENTEIO - FOSCA;0,0;0,00;0,00;0,00;0,00;0,00;0,00;(0,00);1,00;1,00;-1,00;0,00(0,00);35;0,00;0,00;0,00;1,00;1,00;;01/01/1900;01/01/1900;VSN;S;1,00
3PCU704CARBOF;PUXADOR CURVE - LARGURA 704MM - PADRAO FOSCA CARBONO - FOSCA;0,0;0,00;0,00;0,00;0,00;0,00;0,00;(0,00);1,00;1,00;-1,00;0,00(0,00);35;0,00;0,00;0,00;1,00;1,00;;01/01/1900;01/01/1900;VSN;S;1,00
3PCU718ASPARF;PUXADOR CURVE - LARGURA 718MM - PADRAO FOSCA ASPARGO - FOSCA;0,0;0,00;0,00;0,00;0,00;0,00;0,00;(0,00);1,00;1,00;-1,00;0,00(0,00);35;0,00;0,00;0,00;1,00;1,00;;01/01/1900;01/01/1900;VSN;S;1,00
3PCU726CENTEF;PUXADOR CURVE - LARGURA 726MM - PADRAO FOSCA CENTEIO - FOSCA;0,0;0,00;0,00;0,00;0,00;0,00;0,00;(0,00);3,00;3,00;-3,00;0,00(0,00);35;0,00;0,00;0,00;1,00;1,00;;01/01/1900;01/01/1900;VSN;S;3,00
3PCU776CARBOF;PUXADOR CURVE - LARGURA 776MM - PADRAO FOSCA CARBONO - FOSCA;0,0;0,00;0,00;0,00;0,00;0,00;0,00;(0,00);1,00;1,00;-1,00;0,00(0,00);35;0,00;0,00;0,00;1,00;1,00;;01/01/1900;01/01/1900;VSN;S;1,00
3PCU796MALTEF;PUXADOR CURVE - LARGURA 796MM - PADRAO FOSCA MALTE - FOSCA;0,0;0,00;0,00;0,00;0,00;0,00;0,00;(0,00);2,00;2,00;-2,00;0,00(0,00);35;0,00;0,00;0,00;1,00;1,00;;01/01/1900;01/01/1900;VSN;S;2,00
3PLD253QUINOF;PUXADOR LOTUS LATERAL - DIREITO  - LARGURA 253MM - PADRAO FOSCA QUINOA - FOSCA;0,0;0,00;0,00;0,00;0,00;0,00;0,00;(0,00);1,00;1,00;-1,00;0,00(0,00);35;0,00;0,00;0,00;1,00;1,00;;01/01/1900;01/01/1900;VSN;S;1,00
3PLD266QUINOF;PUXADOR LOTUS LATERAL - DIREITO  - LARGURA 266MM - PADRAO FOSCA QUINOA - FOSCA;0,0;0,00;0,00;0,00;0,00;0,00;0,00;(0,00);1,00;1,00;-1,00;0,00(0,00);35;0,00;0,00;0,00;1,00;1,00;;01/01/1900;01/01/1900;VSN;S;1,00
3PLD284STEEMF;PUXADOR LOTUS LATERAL - DIREITO  - LARGURA 284MM - METALIZADA FOSCA STEEL - METALIZADA FOSCA;0,0;0,00;0,00;0,00;0,00;0,00;0,00;(0,00);1,00;1,00;-1,00;0,00(0,00);35;0,00;0,00;0,00;1,00;1,00;;01/01/1900;01/01/1900;VSN;S;1,00
3PLD310QUINOF;PUXADOR LOTUS LATERAL - DIREITO  - LARGURA 310MM - PADRAO FOSCA QUINOA - FOSCA;0,0;0,00;0,00;0,00;0,00;0,00;0,00;(0,00);1,00;1,00;-1,00;0,00(0,00);35;0,00;0,00;0,00;1,00;1,00;;01/01/1900;01/01/1900;VSN;S;1,00
3PLD336R9002F;PUXADOR LOTUS LATERAL - DIREITO  - LARGURA 336MM - PADRAO FOSCA RAL 9002 - FOSCA (PORCELANA);0,0;0,00;0,00;0,00;0,00;0,00;0,00;(0,00);1,00;1,00;-1,00;0,00(0,00);35;0,00;0,00;0,00;1,00;1,00;;01/01/1900;01/01/1900;VSN;S;1,00
3PLD436R9002F;PUXADOR LOTUS LATERAL - DIREITO  - LARGURA 436MM - PADRAO FOSCA RAL 9002 - FOSCA (PORCELANA);0,0;0,00;0,00;0,00;0,00;0,00;0,00;(0,00);1,00;1,00;-1,00;0,00(0,00);35;0,00;0,00;0,00;1,00;1,00;;01/01/1900;01/01/1900;VSN;S;1,00
3PLD456QUINMF;PUXADOR LOTUS LATERAL - DIREITO  - LARGURA 456MM - METALIZADA FOSCA QUINOA - METALIZADA FOSCA;0,0;0,00;0,00;0,00;0,00;0,00;0,00;(0,00);2,00;2,00;-2,00;0,00(0,00);35;0,00;0,00;0,00;1,00;1,00;;01/01/1900;01/01/1900;VSN;S;2,00
3PLD473QUINMF;PUXADOR LOTUS LATERAL - DIREITO  - LARGURA 473MM - METALIZADA FOSCA QUINOA - METALIZADA FOSCA;0,0;0,00;0,00;0,00;0,00;0,00;0,00;(0,00);1,00;1,00;-1,00;0,00(0,00);35;0,00;0,00;0,00;1,00;1,00;;01/01/1900;01/01/1900;VSN;S;1,00
3PLD636SK101F;PUXADOR LOTUS LATERAL - DIREITO  - LARGURA 636MM - PADRAO FOSCA K101 - FOSCA (AVELA);0,0;0,00;0,00;0,00;0,00;1,00;0,00;(0,00);0,00;1,00;0,00;0,00(0,00);35;0,00;0,00;0,00;1,00;1,00;;21/09/2026;01/01/1900;VSN;S;1,00
3PLE284STEEMF;PUXADOR LOTUS LATERAL - ESQUERDO  - LARGURA 284MM - METALIZADA FOSCA STEEL - METALIZADA FOSCA;0,0;0,00;0,00;0,00;0,00;0,00;0,00;(0,00);1,00;1,00;-1,00;0,00(0,00);35;0,00;0,00;0,00;1,00;1,00;;01/01/1900;01/01/1900;VSN;S;1,00
3PLE456QUINMF;PUXADOR LOTUS LATERAL - ESQUERDO  - LARGURA 456MM - METALIZADA FOSCA QUINOA - METALIZADA FOSCA;0,0;0,00;0,00;0,00;0,00;0,00;0,00;(0,00);2,00;2,00;-2,00;0,00(0,00);35;0,00;0,00;0,00;1,00;1,00;;01/01/1900;01/01/1900;VSN;S;2,00
3PLE473QUINMF;PUXADOR LOTUS LATERAL - ESQUERDO  - LARGURA 473MM - METALIZADA FOSCA QUINOA - METALIZADA FOSCA;0,0;0,00;0,00;0,00;0,00;0,00;0,00;(0,00);1,00;1,00;-1,00;0,00(0,00);35;0,00;0,00;0,00;1,00;1,00;;01/01/1900;01/01/1900;VSN;S;1,00
3PLL1356QUINOF;PUXADOR LOTUS LINEAR - LARGURA 1356MM - PADRAO FOSCA QUINOA - FOSCA;0,0;0,00;0,00;0,00;0,00;1,00;0,00;(0,00);0,00;1,00;0,00;0,00(0,00);35;0,00;0,00;0,00;1,00;1,00;;21/09/2026;01/01/1900;VSN;S;1,00
3PLL1356SK101F;PUXADOR LOTUS LINEAR - LARGURA 1356MM - PADRAO FOSCA K101 - FOSCA (AVELA);0,0;0,00;0,00;0,00;0,00;1,00;0,00;(0,00);0,00;1,00;0,00;0,00(0,00);35;0,00;0,00;0,00;1,00;1,00;;21/09/2026;01/01/1900;VSN;S;1,00
3PLL13660DUNAF;PUXADOR LOTUS LINEAR - LARGURA 1366MM - METALIZADA FOSCA DUNA - METALIZADA FOSCA;0,0;0,00;0,00;0,00;0,00;0,00;0,00;(0,00);1,00;1,00;-1,00;0,00(0,00);35;0,00;0,00;0,00;1,00;1,00;;01/01/1900;01/01/1900;VSN;S;1,00
3PLL15360DUNAF;PUXADOR LOTUS LINEAR - LARGURA 1536MM - METALIZADA FOSCA DUNA - METALIZADA FOSCA;0,0;0,00;0,00;0,00;0,00;0,00;0,00;(0,00);2,00;2,00;-2,00;0,00(0,00);35;0,00;0,00;0,00;1,00;1,00;;01/01/1900;01/01/1900;VSN;S;2,00
3PLL1556QUINOF;PUXADOR LOTUS LINEAR - LARGURA 1556MM - PADRAO FOSCA QUINOA - FOSCA;0,0;0,00;0,00;0,00;0,00;1,00;0,00;(0,00);0,00;1,00;0,00;0,00(0,00);35;0,00;0,00;0,00;1,00;1,00;;21/09/2026;01/01/1900;VSN;S;1,00
3PLL1556SK101F;PUXADOR LOTUS LINEAR - LARGURA 1556MM - PADRAO FOSCA K101 - FOSCA (AVELA);0,0;0,00;0,00;0,00;0,00;1,00;0,00;(0,00);0,00;1,00;0,00;0,00(0,00);35;0,00;0,00;0,00;1,00;1,00;;21/09/2026;01/01/1900;VSN;S;1,00
3PLL20960DUNAF;PUXADOR LOTUS LINEAR - LARGURA 2096MM - METALIZADA FOSCA DUNA - METALIZADA FOSCA;0,0;0,00;0,00;0,00;0,00;0,00;0,00;(0,00);3,00;3,00;-3,00;0,00(0,00);35;0,00;0,00;0,00;1,00;1,00;;01/01/1900;01/01/1900;VSN;S;3,00
3PLL21460DUNAF;PUXADOR LOTUS LINEAR - LARGURA 2146MM - METALIZADA FOSCA DUNA - METALIZADA FOSCA;0,0;0,00;0,00;0,00;0,00;0,00;0,00;(0,00);1,00;1,00;-1,00;0,00(0,00);35;0,00;0,00;0,00;1,00;1,00;;01/01/1900;01/01/1900;VSN;S;1,00
3PLL2316R9002F;PUXADOR LOTUS LINEAR - LARGURA 2316MM - PADRAO FOSCA RAL 9002 - FOSCA (PORCELANA);0,0;0,00;0,00;1,00;0,00;0,00;0,00;(0,00);1,00;1,00;-1,00;0,00(-1,00);35;582,08;0,00;0,01;1,00;1,00;;13/08/2026;24/08/2026;VSN;S;1,00
3PLL2446QUINOF;PUXADOR LOTUS LINEAR - LARGURA 2446MM - PADRAO FOSCA QUINOA - FOSCA;0,0;0,00;0,00;0,00;0,00;5,00;0,00;(0,00);0,00;5,00;0,00;0,00(0,00);35;0,00;0,00;0,00;1,00;1,00;;21/09/2026;01/01/1900;VSN;S;5,00
3PLL2496QUINMF;PUXADOR LOTUS LINEAR - LARGURA 2496MM - METALIZADA FOSCA QUINOA - METALIZADA FOSCA;0,0;0,00;0,00;0,00;0,00;0,00;0,00;(0,00);1,00;1,00;-1,00;0,00(0,00);35;0,00;0,00;0,00;1,00;1,00;;01/01/1900;01/01/1900;VSN;S;1,00
3PLL2696CARBOF;PUXADOR LOTUS LINEAR - LARGURA 2696MM - FOSCA CARBONO - FOSCA;0,0;0,00;0,00;0,00;0,00;7,00;0,00;(0,00);0,00;7,00;0,00;0,00(0,00);35;0,00;0,00;0,00;1,00;1,00;;21/09/2026;01/01/1900;VSN;S;7,00
3PLL2696CROMMF;PUXADOR LOTUS LINEAR_MEDIDA 2696MM_LACA\METALIZADA FOSCA CROMO - METALIZADA FOSCA;0,0;0,00;0,00;0,00;6,00;7,00;0,00;(0,00);0,00;7,00;0,00;0,00(0,00);35;0,00;0,00;0,00;1,00;1,00;;21/09/2026;28/09/2026;VSN;S;7,00
3PLL514SS101F;PUXADOR LOTUS LINEAR - LARGURA 514MM - PADRAO FOSCA S101 - FOSCA (SEPIA E OAK);0,0;0,00;0,00;0,00;0,00;1,00;0,00;(0,00);0,00;1,00;0,00;0,00(0,00);35;131,26;131,26;0,00;1,00;1,00;;19/08/2026;01/01/1900;VSN;S;1,00
3PLL666SK101F;PUXADOR LOTUS LINEAR - LARGURA 666MM - PADRAO FOSCA K101 - FOSCA (AVELA);0,0;0,00;0,00;0,00;0,00;2,00;0,00;(0,00);0,00;2,00;0,00;0,00(0,00);35;0,00;0,00;0,00;1,00;1,00;;21/09/2026;01/01/1900;VSN;S;2,00
3PLL904SK101F;PUXADOR LOTUS LINEAR - LARGURA 904MM - PADRAO FOSCA K101 - FOSCA (AVELA);0,0;0,00;0,00;0,00;0,00;1,00;0,00;(0,00);0,00;1,00;0,00;0,00(0,00);35;0,00;0,00;0,00;1,00;1,00;;21/09/2026;01/01/1900;VSN;S;1,00
3PTCU74HOO7X1;ESPECIAL PORTA BATER CURVE SEM PUXADOR - USADA COMO DIVISORIA - DIVISORIA A 1970 DA BASE - LARGURA DE 460 - ALTURA 2920 - PERFIL LACA FOSCA PRETO - PLACA TRANSLUCIDO REFLETENTE INCOLOR - SEM FURACAO - CONFORME PROJETO;0,0;0,00;0,00;0,00;0,00;0,00;0,00;(0,00);1,00;1,00;-1,00;0,00(0,00);35;0,00;0,00;0,00;1,00;1,00;;01/01/1900;01/01/1900;VSN;S;1,00
3PTCU74HOO7X2;ESPECIAL - PORTA BATER CURVE CENTRALIZADO LATERAL - DIVISORIA DA PORTA A 1970 DA BASE - DIREITA - LARGURA DE 503 - ALTURA 2920 - PERFIL LACA FOSCA PRETO - PLACA TRANSLUCIDO REFLETENTE INCOLOR - FURACAO PAGINA 172 - CONFORME PROJETO;0,0;0,00;0,00;0,00;0,00;0,00;0,00;(0,00);1,00;1,00;-1,00;0,00(0,00);35;0,00;0,00;0,00;1,00;1,00;;01/01/1900;01/01/1900;VSN;S;1,00
3PTCU74HOO7X3;ESPECIAL - PORTA BATER CURVE CENTRALIZADO LATERAL - DIREITA - DIVISORIA DA PORTA A 1970 DA BASE - LARGURA DE 503 - ALTURA 2920 - PERFIL LACA FOSCA PRETO - PLACA TRANSLUCIDO REFLETENTE INCOLOR - FURACAO PAGINA 172 - CONFORME PROJETO;0,0;0,00;0,00;0,00;0,00;0,00;0,00;(0,00);1,00;1,00;-1,00;0,00(0,00);35;0,00;0,00;0,00;1,00;1,00;;01/01/1900;01/01/1900;VSN;S;1,00
3PTCU74HOO7X4;ESPECIAL - PORTA BATER CURVE CENTRALIZADO LATERAL - DIREITA - DIVISORIA DA PORTA A 1970 DA BASE - LARGURA DE 548 - ALTURA 2920 - PERFIL LACA FOSCA PRETO - PLACA TRANSLUCIDO REFLETENTE INCOLOR - FURACAO PAGINA 172 - CONFORME PROJETO;0,0;0,00;0,00;0,00;0,00;0,00;0,00;(0,00);1,00;1,00;-1,00;0,00(0,00);35;0,00;0,00;0,00;1,00;1,00;;01/01/1900;01/01/1900;VSN;S;1,00
3PTCU74HOO7X5;ESPECIAL - PORTA BATER CURVE CENTRALIZADO LATERAL - ESQUERDA - DIVISORIA DA PORTA A 1970 DA BASE - LARGURA DE 503 - ALTURA 2920 - PERFIL LACA FOSCA PRETO - PLACA TRANSLUCIDO REFLETENTE INCOLOR - FURACAO PAGINA 172 - CONFORME PROJETO;0,0;0,00;0,00;0,00;0,00;0,00;0,00;(0,00);1,00;1,00;-1,00;0,00(0,00);35;0,00;0,00;0,00;1,00;1,00;;01/01/1900;01/01/1900;VSN;S;1,00
3PTCU74HOO7X6;ESPECIAL - PORTA BATER CURVE CENTRALIZADO LATERAL - ESQUERDA - DIVISORIA DA PORTA A 1970 DA BASE - LARGURA DE 503 - ALTURA 2920 - PERFIL LACA FOSCA PRETO - PLACA TRANSLUCIDO REFLETENTE INCOLOR - FURACAO PAGINA 172 - CONFORME PROJETO;0,0;0,00;0,00;0,00;0,00;0,00;0,00;(0,00);1,00;1,00;-1,00;0,00(0,00);35;0,00;0,00;0,00;1,00;1,00;;01/01/1900;01/01/1900;VSN;S;1,00
3PTCU74HOO7X7;ESPECIAL - PORTA BATER CURVE CENTRALIZADO LATERAL - ESQUERDA - DIVISORIA DA PORTA A 1970 DA BASE - LARGURA DE 503 - ALTURA 2920 - PERFIL LACA FOSCA PRETO - PLACA TRANSLUCIDO REFLETENTE INCOLOR - FURACAO PAGINA 172 - CONFORME PROJETO;0,0;0,00;0,00;0,00;0,00;0,00;0,00;(0,00);1,00;1,00;-1,00;0,00(0,00);35;0,00;0,00;0,00;1,00;1,00;;01/01/1900;01/01/1900;VSN;S;1,00
3PTCU74HOO7X8;ESPECIAL - PORTA BATER CURVE CENTRALIZADO LATERAL - ESQUERDA - DIVISORIA DA PORTA A 1970 DA BASE - LARGURA DE 548 - ALTURA 2920 - PERFIL LACA FOSCA PRETO - PLACA TRANSLUCIDO REFLETENTE INCOLOR - FURACAO PAGINA 172 - CONFORME PROJETO;0,0;0,00;0,00;0,00;0,00;0,00;0,00;(0,00);1,00;1,00;-1,00;0,00(0,00);35;0,00;0,00;0,00;1,00;1,00;;01/01/1900;01/01/1900;VSN;S;1,00
3PTCUBIAPNHZ1;PORTA BATER CURVE_DIREITA_LARGURA 471.5_ALTURA 2519_PERFIL  LACA\METALIZADA FOSCA CACAU - METALIZADA FOSCA_PLACA ESPELHOPRATA  _COM PUXADOR_FURACAO PAGINA 172;0,0;0,00;0,00;0,00;0,00;0,00;0,00;(0,00);1,00;1,00;-1,00;0,00(0,00);35;0,00;0,00;0,00;1,00;1,00;;01/01/1900;01/01/1900;VSN;S;1,00
3PTCUBIAPNHZ2;PORTA BATER CURVE_DIREITA_LARGURA 473_ALTURA 2519_PERFIL  LACA\METALIZADA FOSCA CACAU - METALIZADA FOSCA_PLACA ESPELHO PRATA  _COM PUXADOR_FURACAO PAGINA 172;0,0;0,00;0,00;0,00;0,00;0,00;0,00;(0,00);1,00;1,00;-1,00;0,00(0,00);35;0,00;0,00;0,00;1,00;1,00;;01/01/1900;01/01/1900;VSN;S;1,00
3PTCUBIAPNHZ3;PORTA BATER CURVE_ESQUERDA_LARGURA 471.5_ALTURA 2519_PERFIL  LACA\METALIZADA FOSCA CACAU - METALIZADA FOSCA_PLACA ESPELHO PRATA  _COM PUXADOR_FURACAO PAGINA 172;0,0;0,00;0,00;0,00;0,00;0,00;0,00;(0,00);1,00;1,00;-1,00;0,00(0,00);35;0,00;0,00;0,00;1,00;1,00;;01/01/1900;01/01/1900;VSN;S;1,00
3PTCUCQ4TRWG1;PORTA BATER CURVE CENTRALIZADO LATERAL - DIREITA - LARGURA DE 471 - ALTURA 2696 - PERFIL LACA FOSCA S101 (SEPIA E OAK) -PLACA TRANSLUCIDO REFLETENTE INCOLOR - FURACAO PAGINA 172;0,0;0,00;0,00;0,00;0,00;0,00;0,00;(0,00);1,00;1,00;-1,00;0,00(0,00);35;0,00;0,00;0,00;1,00;1,00;;01/01/1900;01/01/1900;VSN;S;1,00
3PTCUCQ4TRWG2;PORTA BATER CURVE CENTRALIZADO LATERAL - DIREITA - LARGURA DE 471 - ALTURA 2696 - PERFIL LACA FOSCA S101 (SEPIA E OAK) -PLACA TRANSLUCIDO REFLETENTE INCOLOR - FURACAO PAGINA 172;0,0;0,00;0,00;0,00;0,00;0,00;0,00;(0,00);1,00;1,00;-1,00;0,00(0,00);35;0,00;0,00;0,00;1,00;1,00;;01/01/1900;01/01/1900;VSN;S;1,00
3PTCUCQ4TRWG3;PORTA BATER CURVE CENTRALIZADO LATERAL - DIREITA - LARGURA DE 471 - ALTURA 2696 - PERFIL LACA FOSCA S101 (SEPIA E OAK) -PLACA TRANSLUCIDO REFLETENTE INCOLOR - FURACAO PAGINA 172;0,0;0,00;0,00;0,00;0,00;0,00;0,00;(0,00);1,00;1,00;-1,00;0,00(0,00);35;0,00;0,00;0,00;1,00;1,00;;01/01/1900;01/01/1900;VSN;S;1,00
3PTCUCQ4TRWG4;PORTA BATER CURVE CENTRALIZADO LATERAL - ESQUERDA - LARGURA DE 395 - ALTURA 2696 - PERFIL LACA FOSCA S101 (SEPIA E OAK) - PLACA TRANSLUCIDO REFLETENTE INCOLOR - FURACAO PAGINA 172;0,0;0,00;0,00;0,00;0,00;0,00;0,00;(0,00);1,00;1,00;-1,00;0,00(0,00);35;0,00;0,00;0,00;1,00;1,00;;01/01/1900;01/01/1900;VSN;S;1,00
3PTCUCQ4TRWG5;PORTA BATER CURVE CENTRALIZADO LATERAL - ESQUERDA - LARGURA DE 471 - ALTURA 2696 - PERFIL LACA FOSCA S101 (SEPIA E OAK) - PLACA TRANSLUCIDO REFLETENTE INCOLOR - FURACAO PAGINA 172;0,0;0,00;0,00;0,00;0,00;0,00;0,00;(0,00);1,00;1,00;-1,00;0,00(0,00);35;0,00;0,00;0,00;1,00;1,00;;01/01/1900;01/01/1900;VSN;S;1,00
3PTCUCQ4TRWG6;PORTA BATER CURVE CENTRALIZADO LATERAL - ESQUERDA - LARGURA DE 471 - ALTURA 2696 - PERFIL LACA FOSCA S101 (SEPIA E OAK) - PLACA TRANSLUCIDO REFLETENTE INCOLOR - FURACAO PAGINA 172;0,0;0,00;0,00;0,00;0,00;0,00;0,00;(0,00);1,00;1,00;-1,00;0,00(0,00);35;0,00;0,00;0,00;1,00;1,00;;01/01/1900;01/01/1900;VSN;S;1,00
3PTCUCQ4TRWG7;PORTA BATER CURVE CENTRALIZADO LATERAL - ESQUERDA - LARGURA DE 471 - ALTURA 2696 - PERFIL LACA FOSCA S101 (SEPIA E OAK) - PLACA TRANSLUCIDO REFLETENTE INCOLOR - FURACAO PAGINA 172;0,0;0,00;0,00;0,00;0,00;0,00;0,00;(0,00);1,00;1,00;-1,00;0,00(0,00);35;0,00;0,00;0,00;1,00;1,00;;01/01/1900;01/01/1900;VSN;S;1,00
3PTCUGK60WFF1;FRENTE GAVETA CURVE CENTRALIZADO SUPERIOR - LARGURA 339 - ALTURA 416 - PERFIL LACA FOSCA CINZA COBALTO - PLACA ESPELHO PRATA - SOFT CLOSING ALTA - FURACAO PAGINA 81;0,0;0,00;0,00;0,00;0,00;0,00;0,00;(0,00);0,00;1,00;-1,00;-1,00(-1,00);35;0,00;0,00;0,00;1,00;1,00;;01/01/1900;01/01/1900;VSN;S;1,00
3PTCUGK60WFF2;FRENTE GAVETA CURVE CENTRALIZADO SUPERIOR - LARGURA 339 - ALTURA 426 - PERFIL LACA FOSCA CINZA COBALTO - PLACA ESPELHO PRATA - SOFT CLOSING ALTA - FURACAO PAGINA 81;0,0;0,00;0,00;0,00;0,00;0,00;0,00;(0,00);0,00;1,00;-1,00;-1,00(-1,00);35;0,00;0,00;0,00;1,00;1,00;;01/01/1900;01/01/1900;VSN;S;1,00
3PTCUGK60WFF3;FRENTE GAVETA CURVE CENTRALIZADO SUPERIOR - LARGURA 838 - ALTURA 416 - PERFIL LACA FOSCA CINZA COBALTO - PLACA ESPELHO PRATA - SOFT CLOSING ALTA - FURACAO PAGINA 81;0,0;0,00;0,00;0,00;0,00;0,00;0,00;(0,00);0,00;1,00;-1,00;-1,00(-1,00);35;0,00;0,00;0,00;1,00;1,00;;01/01/1900;01/01/1900;VSN;S;1,00
3PTCUGK60WFF4;FRENTE GAVETA CURVE CENTRALIZADO SUPERIOR - LARGURA 838 - ALTURA 426 - PERFIL LACA FOSCA CINZA COBALTO - PLACA ESPELHO PRATA - SOFT CLOSING ALTA - FURACAO PAGINA 81;0,0;0,00;0,00;0,00;0,00;0,00;0,00;(0,00);0,00;1,00;-1,00;-1,00(-1,00);35;0,00;0,00;0,00;1,00;1,00;;01/01/1900;01/01/1900;VSN;S;1,00
3PTES18FSE3U1;FRENTE GAVETA PROVENCE 45 - C/PUXADOR CRETA SUPERIOR - LARGURA DE 246 - ALTURA 726 - QUINOA - FOSCA - TELESCOPICA ALTA +FURACAO PAGINA 182;0,0;0,00;0,00;0,00;0,00;0,00;0,00;(0,00);1,00;1,00;-1,00;0,00(0,00);35;0,00;0,00;0,00;1,00;1,00;;01/01/1900;01/01/1900;VSN;S;1,00
3PTES18FSE3U2;FRENTE GAVETA PROVENCE 45 - C/PUXADOR CRETA SUPERIOR - LARGURA DE 774 - ALTURA 361 - QUINOA - FOSCA - BLUM ALTA - TANDEMBOX - FURACAO PAGINA 92  + FURACAO PAGINA 182;0,0;0,00;0,00;0,00;0,00;0,00;0,00;(0,00);1,00;1,00;-1,00;0,00(0,00);35;0,00;0,00;0,00;1,00;1,00;;01/01/1900;01/01/1900;VSN;S;1,00
3PTES18FSE3U3;FRENTE GAVETA PROVENCE 45 - C/PUXADOR CRETA SUPERIOR - LARGURA DE 774 - ALTURA 361 - QUINOA - FOSCA - BLUM ALTA - TANDEMBOX - FURACAO PAGINA 92  + FURACAO PAGINA 182;0,0;0,00;0,00;0,00;0,00;0,00;0,00;(0,00);1,00;1,00;-1,00;0,00(0,00);35;0,00;0,00;0,00;1,00;1,00;;01/01/1900;01/01/1900;VSN;S;1,00
3PTES18FSE3U4;FRENTE GAVETA PROVENCE 45 - C/PUXADOR CRETA SUPERIOR - LARGURA DE 796 - ALTURA 361 - QUINOA - FOSCA - BLUM ALTA - TANDEMBOX - FURACAO PAGINA 92  + FURACAO PAGINA 182;0,0;0,00;0,00;0,00;0,00;0,00;0,00;(0,00);1,00;1,00;-1,00;0,00(0,00);35;0,00;0,00;0,00;1,00;1,00;;01/01/1900;01/01/1900;VSN;S;1,00
3PTES18FSE3U5;FRENTE GAVETA PROVENCE 45 - C/PUXADOR CRETA SUPERIOR - LARGURA DE 796 - ALTURA 361 - QUINOA - FOSCA - BLUM ALTA - TANDEMBOX - FURACAO PAGINA 92  + FURACAO PAGINA 182;0,0;0,00;0,00;0,00;0,00;0,00;0,00;(0,00);1,00;1,00;-1,00;0,00(0,00);35;0,00;0,00;0,00;1,00;1,00;;01/01/1900;01/01/1900;VSN;S;1,00
3PTES18FSE3U6;FRENTE GAVETA PROVENCE 45 - C/PUXADOR CRETA SUPERIOR - LARGURA DE 796 - ALTURA 361 - QUINOA - FOSCA - BLUM ALTA - TANDEMBOX - FURACAO PAGINA 92  + FURACAO PAGINA 182;0,0;0,00;0,00;0,00;0,00;0,00;0,00;(0,00);1,00;1,00;-1,00;0,00(0,00);35;0,00;0,00;0,00;1,00;1,00;;01/01/1900;01/01/1900;VSN;S;1,00
3PTES18FSE3U7;FRENTE GAVETA PROVENCE 45 - C/PUXADOR CRETA SUPERIOR - LARGURA DE 796 - ALTURA 361 - QUINOA - FOSCA - BLUM ALTA - TANDEMBOX - FURACAO PAGINA 92  + FURACAO PAGINA 182;0,0;0,00;0,00;0,00;0,00;0,00;0,00;(0,00);1,00;1,00;-1,00;0,00(0,00);35;0,00;0,00;0,00;1,00;1,00;;01/01/1900;01/01/1900;VSN;S;1,00
3PTES3YIWU6M1;FRENTE GAVETA PROVENCE 45 - C/PUXADOR CUP SUPERIOR - LARGURA DE 822 - ALTURA 236 - DAKAR - FOSCA - SOFT CLOSING ALTA - FURACAO PAGINA 81 + FURACAO PAGINA 182;0,0;0,00;0,00;0,00;0,00;0,00;0,00;(0,00);1,00;1,00;-1,00;0,00(0,00);35;0,00;0,00;0,00;1,00;1,00;;01/01/1900;01/01/1900;VSN;S;1,00
3PTES3YIWU6M2;FRENTE GAVETA PROVENCE 45 - C/PUXADOR CUP SUPERIOR - LARGURA DE 822 - ALTURA 236 - DAKAR - FOSCA - SOFT CLOSING ALTA - FURACAO PAGINA 81 + FURACAO PAGINA 182;0,0;0,00;0,00;0,00;0,00;0,00;0,00;(0,00);1,00;1,00;-1,00;0,00(0,00);35;0,00;0,00;0,00;1,00;1,00;;01/01/1900;01/01/1900;VSN;S;1,00
3PTES3YIWU6M3;FRENTE GAVETA PROVENCE 45 - C/PUXADOR CUP SUPERIOR - LARGURA DE 822 - ALTURA 236 - DAKAR - FOSCA - SOFT CLOSING ALTA - FURACAO PAGINA 81 + FURACAO PAGINA 182;0,0;0,00;0,00;0,00;0,00;0,00;0,00;(0,00);1,00;1,00;-1,00;0,00(0,00);35;0,00;0,00;0,00;1,00;1,00;;01/01/1900;01/01/1900;VSN;S;1,00
3PTES3YIWU6M4;FRENTE GAVETA PROVENCE 45 - C/PUXADOR CUP SUPERIOR - LARGURA DE 822 - ALTURA 236 - DAKAR - FOSCA - SOFT CLOSING ALTA - FURACAO PAGINA 81 + FURACAO PAGINA 182;0,0;0,00;0,00;0,00;0,00;0,00;0,00;(0,00);1,00;1,00;-1,00;0,00(0,00);35;0,00;0,00;0,00;1,00;1,00;;01/01/1900;01/01/1900;VSN;S;1,00
3PTES3YIWU6M5;PAINEL REVESTIMENTO PROVENCE 45_LARGURA 1088MM X ALTURA 1300MM_ACABAMENTO LACA DAKAR - FOSCA_PAGINA DE FURACAO 207;0,0;0,00;0,00;0,00;0,00;0,00;0,00;(0,00);1,00;1,00;-1,00;0,00(0,00);35;0,00;0,00;0,00;1,00;1,00;;01/01/1900;01/01/1900;VSN;S;1,00
3PTES3YIWU6M6;PAINEL REVESTIMENTO PROVENCE 45_LARGURA 1090MM X ALTURA 1300MM_ACABAMENTO LACA DAKAR - FOSCA_PAGINA DE FURACAO 207;0,0;0,00;0,00;0,00;0,00;0,00;0,00;(0,00);1,00;1,00;-1,00;0,00(0,00);35;0,00;0,00;0,00;1,00;1,00;;01/01/1900;01/01/1900;VSN;S;1,00
3PTES3YIWU6M7;PAINEL REVESTIMENTO PROVENCE 45_LARGURA 1090MM X ALTURA 1300MM_ACABAMENTO LACA DAKAR - FOSCA_PAGINA DE FURACAO 207;0,0;0,00;0,00;0,00;0,00;0,00;0,00;(0,00);1,00;1,00;-1,00;0,00(0,00);35;0,00;0,00;0,00;1,00;1,00;;01/01/1900;01/01/1900;VSN;S;1,00
3PTES3YIWU6M8;PAINEL REVESTIMENTO PROVENCE 45_LARGURA 1090MM X ALTURA 1300MM_ACABAMENTO LACA DAKAR - FOSCA_PAGINA DE FURACAO 207;0,0;0,00;0,00;0,00;0,00;0,00;0,00;(0,00);1,00;1,00;-1,00;0,00(0,00);35;0,00;0,00;0,00;1,00;1,00;;01/01/1900;01/01/1900;VSN;S;1,00
3PTES3YIWU6M9;PAINEL REVESTIMENTO PROVENCE 45_LARGURA 1090MM X ALTURA 1300MM_ACABAMENTO LACA DAKAR - FOSCA_PAGINA DE FURACAO 207;0,0;0,00;0,00;0,00;0,00;0,00;0,00;(0,00);1,00;1,00;-1,00;0,00(0,00);35;0,00;0,00;0,00;1,00;1,00;;01/01/1900;01/01/1900;VSN;S;1,00
3PTES8B1MWG01;PORTA BATER PROVENCE 45 - DIREITA - LARGURA DE 495 - ALTURA 816 - COALA - FOSCA - S/PUXADOR -  - FURACAO PAGINA 150;0,0;0,00;0,00;0,00;0,00;0,00;0,00;(0,00);1,00;1,00;-1,00;0,00(0,00);35;0,00;0,00;0,00;1,00;1,00;;01/01/1900;01/01/1900;VSN;S;1,00
3PTES8B1MWG02;PORTA BATER PROVENCE 45 - ESQUERDA - LARGURA DE 495 - ALTURA 816 - COALA - FOSCA - S/PUXADOR -  - FURACAO PAGINA 160;0,0;0,00;0,00;0,00;0,00;0,00;0,00;(0,00);1,00;1,00;-1,00;0,00(0,00);35;0,00;0,00;0,00;1,00;1,00;;01/01/1900;01/01/1900;VSN;S;1,00
3PTESTAGFW7Q1;FRENTE GAVETA PROVENCE 45 - C/PUXADOR SHELL SUPERIOR - LARGURA DE 246 - ALTURA 756 - GRUPO Y\Y168 FOSCA -  + FURACAO PAGINA 182;0,0;0,00;0,00;0,00;0,00;0,00;0,00;(0,00);1,00;1,00;-1,00;0,00(0,00);35;0,00;0,00;0,00;1,00;1,00;;01/01/1900;01/01/1900;VSN;S;1,00
3PTESUDXG3Q91;FRENTE GAVETA PROVENCE 45 - C/PUXADOR CUP SUPERIOR - LARGURA DE 596 - ALTURA 217 - OCEANO - FOSCA - SOFT CLOSING BAIXA -FURACAO PAGINA 80 + FURACAO PAGINA 182;0,0;0,00;0,00;0,00;0,00;0,00;0,00;(0,00);1,00;1,00;-1,00;0,00(0,00);35;0,00;0,00;0,00;1,00;1,00;;01/01/1900;01/01/1900;VSN;S;1,00
3PTESUDXG3Q92;FRENTE GAVETA PROVENCE 45 - C/PUXADOR CUP SUPERIOR - LARGURA DE 596 - ALTURA 217 - OCEANO - FOSCA - SOFT CLOSING BAIXA -FURACAO PAGINA 80 + FURACAO PAGINA 182;0,0;0,00;0,00;0,00;0,00;0,00;0,00;(0,00);1,00;1,00;-1,00;0,00(0,00);35;0,00;0,00;0,00;1,00;1,00;;01/01/1900;01/01/1900;VSN;S;1,00
3PTESUDXG3Q93;FRENTE GAVETA PROVENCE 45 - C/PUXADOR CUP SUPERIOR - LARGURA DE 596 - ALTURA 221 - OCEANO - FOSCA - SOFT CLOSING BAIXA -FURACAO PAGINA 80 + FURACAO PAGINA 182;0,0;0,00;0,00;0,00;0,00;0,00;0,00;(0,00);1,00;1,00;-1,00;0,00(0,00);35;0,00;0,00;0,00;1,00;1,00;;01/01/1900;01/01/1900;VSN;S;1,00
3PTESUDXG3Q94;PORTA BATER PROVENCE 45 - DIREITA - LARGURA DE 460 - ALTURA 659 - OCEANO - FOSCA - C/PUXADOR CUP -  - FURACAO PAGINA 150+ FURACAO PAG. 180;0,0;0,00;0,00;0,00;0,00;0,00;0,00;(0,00);1,00;1,00;-1,00;0,00(0,00);35;0,00;0,00;0,00;1,00;1,00;;01/01/1900;01/01/1900;VSN;S;1,00
3PTESUDXG3Q95;PORTA BATER PROVENCE 45 - ESQUERDA - LARGURA DE 460 - ALTURA 659 - OCEANO - FOSCA - C/PUXADOR CUP -  - FURACAO PAGINA 160 + FURACAO PAG. 180;0,0;0,00;0,00;0,00;0,00;0,00;0,00;(0,00);1,00;1,00;-1,00;0,00(0,00);35;0,00;0,00;0,00;1,00;1,00;;01/01/1900;01/01/1900;VSN;S;1,00
3PTESVB5IRFQ1;FRENTE GAVETA PROVENCE 45 - C/PUXADOR CUP SUPERIOR - LARGURA DE 597.5 - ALTURA 223 - QUINOA - FOSCA - SOFT CLOSING BAIXA- FURACAO PAGINA 80 + FURACAO PAGINA 182;0,0;0,00;0,00;0,00;0,00;0,00;0,00;(0,00);1,00;1,00;-1,00;0,00(0,00);35;0,00;0,00;0,00;1,00;1,00;;01/01/1900;01/01/1900;VSN;S;1,00
3PTESVB5IRFQ10;PORTA BATER PROVENCE 45 - ESQUERDA - LARGURA DE 598 - ALTURA 656 - QUINOA - FOSCA - C/PUXADOR CUP -  - FURACAO PAGINA 160 + FURACAO PAG. 180;0,0;0,00;0,00;0,00;0,00;0,00;0,00;(0,00);1,00;1,00;-1,00;0,00(0,00);35;0,00;0,00;0,00;1,00;1,00;;01/01/1900;01/01/1900;VSN;S;1,00
3PTESVB5IRFQ11;PORTA BATER PROVENCE 45 - ESQUERDA - LARGURA DE 598 - ALTURA 656 - QUINOA - FOSCA - C/PUXADOR CUP -  - FURACAO PAGINA 160 + FURACAO PAG. 180;0,0;0,00;0,00;0,00;0,00;0,00;0,00;(0,00);1,00;1,00;-1,00;0,00(0,00);35;0,00;0,00;0,00;1,00;1,00;;01/01/1900;01/01/1900;VSN;S;1,00
3PTESVB5IRFQ12;PORTA BATER PROVENCE 45 - ESQUERDA - LARGURA DE 598 - ALTURA 676 - QUINOA - FOSCA - C/PUXADOR CUP -  - FURACAO PAGINA 160 + FURACAO PAG. 180;0,0;0,00;0,00;0,00;0,00;0,00;0,00;(0,00);1,00;1,00;-1,00;0,00(0,00);35;0,00;0,00;0,00;1,00;1,00;;01/01/1900;01/01/1900;VSN;S;1,00
3PTESVB5IRFQ2;FRENTE GAVETA PROVENCE 45 - C/PUXADOR CUP SUPERIOR - LARGURA DE 597.5 - ALTURA 223 - QUINOA - FOSCA - SOFT CLOSING BAIXA- FURACAO PAGINA 80 + FURACAO PAGINA 182;0,0;0,00;0,00;0,00;0,00;0,00;0,00;(0,00);1,00;1,00;-1,00;0,00(0,00);35;0,00;0,00;0,00;1,00;1,00;;01/01/1900;01/01/1900;VSN;S;1,00
3PTESVB5IRFQ3;FRENTE GAVETA PROVENCE 45 - C/PUXADOR CUP SUPERIOR - LARGURA DE 597.5 - ALTURA 223 - QUINOA - FOSCA - SOFT CLOSING BAIXA- FURACAO PAGINA 80 + FURACAO PAGINA 182;0,0;0,00;0,00;0,00;0,00;0,00;0,00;(0,00);1,00;1,00;-1,00;0,00(0,00);35;0,00;0,00;0,00;1,00;1,00;;01/01/1900;01/01/1900;VSN;S;1,00
3PTESVB5IRFQ4;FRENTE GAVETA PROVENCE 45 - C/PUXADOR CUP SUPERIOR - LARGURA DE 597.5 - ALTURA 223 - QUINOA - FOSCA - SOFT CLOSING BAIXA- FURACAO PAGINA 80 + FURACAO PAGINA 182;0,0;0,00;0,00;0,00;0,00;0,00;0,00;(0,00);1,00;1,00;-1,00;0,00(0,00);35;0,00;0,00;0,00;1,00;1,00;;01/01/1900;01/01/1900;VSN;S;1,00
3PTESVB5IRFQ5;FRENTE GAVETA PROVENCE 45 - C/PUXADOR CUP SUPERIOR - LARGURA DE 597.5 - ALTURA 223 - QUINOA - FOSCA - SOFT CLOSING BAIXA- FURACAO PAGINA 80 + FURACAO PAGINA 182;0,0;0,00;0,00;0,00;0,00;0,00;0,00;(0,00);1,00;1,00;-1,00;0,00(0,00);35;0,00;0,00;0,00;1,00;1,00;;01/01/1900;01/01/1900;VSN;S;1,00
3PTESVB5IRFQ6;FRENTE GAVETA PROVENCE 45 - C/PUXADOR CUP SUPERIOR - LARGURA DE 597.5 - ALTURA 223 - QUINOA - FOSCA - SOFT CLOSING BAIXA- FURACAO PAGINA 80 + FURACAO PAGINA 182;0,0;0,00;0,00;0,00;0,00;0,00;0,00;(0,00);1,00;1,00;-1,00;0,00(0,00);35;0,00;0,00;0,00;1,00;1,00;;01/01/1900;01/01/1900;VSN;S;1,00
3PTESVB5IRFQ7;PORTA BATER PROVENCE 45 - DIREITA - LARGURA DE 598 - ALTURA 656 - QUINOA - FOSCA - C/PUXADOR CUP -  - FURACAO PAGINA 150+ FURACAO PAG. 180;0,0;0,00;0,00;0,00;0,00;0,00;0,00;(0,00);1,00;1,00;-1,00;0,00(0,00);35;0,00;0,00;0,00;1,00;1,00;;01/01/1900;01/01/1900;VSN;S;1,00
3PTESVB5IRFQ8;PORTA BATER PROVENCE 45 - DIREITA - LARGURA DE 598 - ALTURA 656 - QUINOA - FOSCA - C/PUXADOR CUP -  - FURACAO PAGINA 150+ FURACAO PAG. 180;0,0;0,00;0,00;0,00;0,00;0,00;0,00;(0,00);1,00;1,00;-1,00;0,00(0,00);35;0,00;0,00;0,00;1,00;1,00;;01/01/1900;01/01/1900;VSN;S;1,00
3PTESVB5IRFQ9;PORTA BATER PROVENCE 45 - DIREITA - LARGURA DE 598 - ALTURA 676 - QUINOA - FOSCA - C/PUXADOR CUP -  - FURACAO PAGINA 150+ FURACAO PAG. 180;0,0;0,00;0,00;0,00;0,00;0,00;0,00;(0,00);1,00;1,00;-1,00;0,00(0,00);35;0,00;0,00;0,00;1,00;1,00;;01/01/1900;01/01/1900;VSN;S;1,00
3PTLO2LCWQ9J1;PORTA BATER LOTUS LINEAR_DIREITA_LARGURA 508.5_ALTURA 2394_PERFIL  LACA\PADRAO FOSCA CENTEIO - FOSCA_PLACA ESPELHO PRATA_COM PUXADOR_FURACAO PAGINA 172;0,0;0,00;0,00;0,00;0,00;0,00;0,00;(0,00);1,00;1,00;-1,00;0,00(0,00);35;0,00;0,00;0,00;1,00;1,00;;01/01/1900;01/01/1900;VSN;S;1,00
3PTLO2LCWQ9J2;PORTA BATER LOTUS LINEAR_ESQUERDA_LARGURA 508.5_ALTURA 2394_PERFIL  LACA\PADRAO FOSCA CENTEIO - FOSCA_PLACA ESPELHO PRATA  _COM PUXADOR_FURACAO PAGINA 172;0,0;0,00;0,00;0,00;0,00;0,00;0,00;(0,00);1,00;1,00;-1,00;0,00(0,00);35;0,00;0,00;0,00;1,00;1,00;;01/01/1900;01/01/1900;VSN;S;1,00
3PTLO4O4AS891;PORTA BATER LOTUS C/PUXADOR VERTICAL - DIREITA - LARGURA DE 632 - ALTURA 1266 - PERFIL LACA FOSCA QUINOA - PLACA TRANSLUCIDO INCOLOR LOW IRON - FURACAO PAGINA 170;0,0;0,00;0,00;0,00;0,00;0,00;0,00;(0,00);1,00;1,00;-1,00;0,00(0,00);35;0,00;0,00;0,00;1,00;1,00;;01/01/1900;01/01/1900;VSN;S;1,00
3PTLOCU2ELNG1;PORTA BATER LOTUS C/PUXADOR VERTICAL - DIREITA - LARGURA DE 516 - ALTURA 2526 - PERFIL LACA FOSCA CAFE - PLACA TRANSLUCIDO REFLETENTE INCOLOR - FURACAO PAGINA 172;0,0;0,00;0,00;0,00;0,00;0,00;0,00;(0,00);1,00;1,00;-1,00;0,00(0,00);35;0,00;0,00;0,00;1,00;1,00;;01/01/1900;01/01/1900;VSN;S;1,00
3PTLOCU2ELNG2;PORTA BATER LOTUS C/PUXADOR VERTICAL - ESQUERDA - LARGURA DE 516 - ALTURA 2526 - PERFIL LACA FOSCA CAFE - PLACA TRANSLUCIDO REFLETENTE INCOLOR - FURACAO PAGINA 172;0,0;0,00;0,00;0,00;0,00;0,00;0,00;(0,00);1,00;1,00;-1,00;0,00(0,00);35;0,00;0,00;0,00;1,00;1,00;;01/01/1900;01/01/1900;VSN;S;1,00
3PTLOFD6Y13R1;PORTA BATER LOTUS C/PUXADOR VERTICAL - DIREITA - LARGURA DE 528 - ALTURA 2346 - PERFIL LACA FOSCA QUINOA - PLACA TRANSLUCIDO REFLETENTE INCOLOR - FURACAO PAGINA 172;0,0;0,00;0,00;0,00;0,00;0,00;0,00;(0,00);1,00;1,00;-1,00;0,00(0,00);35;0,00;0,00;0,00;1,00;1,00;;01/01/1900;01/01/1900;VSN;S;1,00
3PTLOFD6Y13R2;PORTA BATER LOTUS C/PUXADOR VERTICAL - ESQUERDA - LARGURA DE 528 - ALTURA 2346 - PERFIL LACA FOSCA QUINOA - PLACA TRANSLUCIDO REFLETENTE INCOLOR - FURACAO PAGINA 172;0,0;0,00;0,00;0,00;0,00;0,00;0,00;(0,00);1,00;1,00;-1,00;0,00(0,00);35;0,00;0,00;0,00;1,00;1,00;;01/01/1900;01/01/1900;VSN;S;1,00
3PTLOG3E2W8T1;PORTA BATER LOTUS C/PUXADOR VERTICAL - DIREITA - LARGURA DE 584 - ALTURA 2386 - PERFIL LACA FOSCA Y030 (AMARANTO) - PLACA TRANSLUCIDO REFLETENTE BRONZE - FURACAO PAGINA 172;0,0;0,00;0,00;0,00;0,00;0,00;0,00;(0,00);1,00;1,00;-1,00;0,00(0,00);35;0,00;0,00;0,00;1,00;1,00;;01/01/1900;01/01/1900;VSN;S;1,00
3PTLOG3E2W8T2;PORTA BATER LOTUS C/PUXADOR VERTICAL - DIREITA - LARGURA DE 596 - ALTURA 1526 - PERFIL LACA FOSCA Y030 (AMARANTO) - PLACA TRANSLUCIDO REFLETENTE BRONZE - FURACAO PAGINA 171;0,0;0,00;0,00;0,00;0,00;0,00;0,00;(0,00);1,00;1,00;-1,00;0,00(0,00);35;0,00;0,00;0,00;1,00;1,00;;01/01/1900;01/01/1900;VSN;S;1,00
3PTLOG3E2W8T3;PORTA BATER LOTUS C/PUXADOR VERTICAL - ESQUERDA - LARGURA DE 584 - ALTURA 2386 - PERFIL LACA FOSCA Y030 (AMARANTO) - PLACA TRANSLUCIDO REFLETENTE BRONZE - FURACAO PAGINA 172;0,0;0,00;0,00;0,00;0,00;0,00;0,00;(0,00);1,00;1,00;-1,00;0,00(0,00);35;0,00;0,00;0,00;1,00;1,00;;01/01/1900;01/01/1900;VSN;S;1,00
3PTLOG3E2W8T4;PORTA BATER LOTUS C/PUXADOR VERTICAL - ESQUERDA - LARGURA DE 596 - ALTURA 1526 - PERFIL LACA FOSCA Y030 (AMARANTO) - PLACA TRANSLUCIDO REFLETENTE BRONZE - FURACAO PAGINA 171;0,0;0,00;0,00;0,00;0,00;0,00;0,00;(0,00);1,00;1,00;-1,00;0,00(0,00);35;0,00;0,00;0,00;1,00;1,00;;01/01/1900;01/01/1900;VSN;S;1,00
3PTLOGGNUIQK1;PORTA BATER LOTUS LINEAR_DIREITA_LARGURA 580_ALTURA 2409_PERFIL  LACA\PADRAO FOSCA DAKAR - FOSCA_PLACA ESPELHO PRATA  _COM PUXADOR_FURACAO PAGINA 172;0,0;0,00;0,00;0,00;0,00;0,00;0,00;(0,00);1,00;1,00;-1,00;0,00(0,00);35;0,00;0,00;0,00;1,00;1,00;;01/01/1900;01/01/1900;VSN;S;1,00
3PTLOGGNUIQK2;PORTA BATER LOTUS LINEAR_ESQUERDA_LARGURA 580_ALTURA 2409_PERFIL  LACA\PADRAO FOSCA DAKAR - FOSCA_PLACA ESPELHO PRATA  _COM PUXADOR_FURACAO PAGINA 172;0,0;0,00;0,00;0,00;0,00;0,00;0,00;(0,00);1,00;1,00;-1,00;0,00(0,00);35;0,00;0,00;0,00;1,00;1,00;;01/01/1900;01/01/1900;VSN;S;1,00
3PTLOIRIBHUD5;PORTA BATER LOTUS LINEAR_ESQUERDA_LARGURA 536.5_ALTURA 2594_PERFIL  LACA\PADRAO FOSCA CARBONO - FOSCA_PLACA REFLETENTE GRIGGIO C/ MASCARA  _COM PUXADOR_FURACAO PAGINA 172;0,0;0,00;0,00;1,00;0,00;0,00;0,00;(0,00);1,00;1,00;-1,00;0,00(-1,00);35;1.881,42;0,00;0,01;1,00;1,00;;22/07/2026;06/08/2026;VSN;S;1,00
3PTLOKTRP4VX1;PORTA BATER LOTUS C/PUXADOR VERTICAL - DIREITA - LARGURA DE 351 - ALTURA 2246 - PERFIL LACA METALIZADA DUNA - PLACA TRANSLUCIDO REFLETENTE BRONZE - FURACAO PAGINA 172;0,0;0,00;0,00;0,00;0,00;0,00;0,00;(0,00);1,00;1,00;-1,00;0,00(0,00);35;0,00;0,00;0,00;1,00;1,00;;01/01/1900;01/01/1900;VSN;S;1,00
3PTLOKTRP4VX2;PORTA BATER LOTUS C/PUXADOR VERTICAL - ESQUERDA - LARGURA DE 351 - ALTURA 2246 - PERFIL LACA METALIZADA DUNA - PLACA TRANSLUCIDO REFLETENTE BRONZE - FURACAO PAGINA 172;0,0;0,00;0,00;0,00;0,00;0,00;0,00;(0,00);1,00;1,00;-1,00;0,00(0,00);35;0,00;0,00;0,00;1,00;1,00;;01/01/1900;01/01/1900;VSN;S;1,00
3PTLOL9P179Q1;PORTA BATER LOTUS C/PUXADOR VERTICAL - DIREITA - LARGURA DE 496 - ALTURA 2046 - PERFIL LACA METALIZADA DUNA - PLACA TRANSLUCIDO REFLETENTE BRONZE - FURACAO PAGINA 171;0,0;0,00;0,00;0,00;0,00;0,00;0,00;(0,00);1,00;1,00;-1,00;0,00(0,00);35;0,00;0,00;0,00;1,00;1,00;;01/01/1900;01/01/1900;VSN;S;1,00
3PTLOTPAXTUS1;PORTA BATER LOTUS C/PUXADOR VERTICAL - DIREITA - LARGURA DE 421 - ALTURA 1856 - PERFIL LACA FOSCA QUINOA - PLACA TRANSLUCIDO REFLETENTE INCOLOR - FURACAO PAGINA 171;0,0;0,00;0,00;0,00;0,00;0,00;0,00;(0,00);1,00;1,00;-1,00;0,00(0,00);35;0,00;0,00;0,00;1,00;1,00;;01/01/1900;01/01/1900;VSN;S;1,00
3PTLOTPAXTUS2;PORTA BATER LOTUS C/PUXADOR VERTICAL - DIREITA - LARGURA DE 564 - ALTURA 2636 - PERFIL LACA FOSCA QUINOA - PLACA TRANSLUCIDO REFLETENTE INCOLOR - FURACAO PAGINA 172;0,0;0,00;0,00;0,00;0,00;0,00;0,00;(0,00);1,00;1,00;-1,00;0,00(0,00);35;0,00;0,00;0,00;1,00;1,00;;01/01/1900;01/01/1900;VSN;S;1,00
3PTLOTPAXTUS3;PORTA BATER LOTUS C/PUXADOR VERTICAL - DIREITA - LARGURA DE 564 - ALTURA 2636 - PERFIL LACA FOSCA QUINOA - PLACA TRANSLUCIDO REFLETENTE INCOLOR - FURACAO PAGINA 172;0,0;0,00;0,00;0,00;0,00;0,00;0,00;(0,00);1,00;1,00;-1,00;0,00(0,00);35;0,00;0,00;0,00;1,00;1,00;;01/01/1900;01/01/1900;VSN;S;1,00
3PTLOTPAXTUS4;PORTA BATER LOTUS C/PUXADOR VERTICAL - ESQUERDA - LARGURA DE 564 - ALTURA 2636 - PERFIL LACA FOSCA QUINOA - PLACA TRANSLUCIDO REFLETENTE INCOLOR - FURACAO PAGINA 172;0,0;0,00;0,00;0,00;0,00;0,00;0,00;(0,00);1,00;1,00;-1,00;0,00(0,00);35;0,00;0,00;0,00;1,00;1,00;;01/01/1900;01/01/1900;VSN;S;1,00
3PTLOTPAXTUS5;PORTA BATER LOTUS C/PUXADOR VERTICAL - ESQUERDA - LARGURA DE 564 - ALTURA 2636 - PERFIL LACA FOSCA QUINOA - PLACA TRANSLUCIDO REFLETENTE INCOLOR - FURACAO PAGINA 172;0,0;0,00;0,00;0,00;0,00;0,00;0,00;(0,00);1,00;1,00;-1,00;0,00(0,00);35;0,00;0,00;0,00;1,00;1,00;;01/01/1900;01/01/1900;VSN;S;1,00
3PTSO0P1WJ1Y1;PORTA BATER SOTILE_150MM CURVO A 1025MM DA BASE ATE O CENTRO_DIREITA_LARGURA 353.75_ALTURA 2650_PERFIL  LACA\METALIZADA FOSCA DUNA - METALIZADA FOSCA_PLACA REFLETENTE BRONZE C/ MASCARA  _COM PUXADOR_FURACAO PAGINA 172;0,0;0,00;0,00;0,00;0,00;0,00;0,00;(0,00);1,00;1,00;-1,00;0,00(0,00);35;0,00;0,00;0,00;1,00;1,00;;01/01/1900;01/01/1900;VSN;S;1,00
3PTSO0P1WJ1Y10;PORTA BATER SOTILE_150MM CURVO A 1025MM DA BASE ATE O CENTRO_ESQUERDA_LARGURA 365.25_ALTURA 2650_PERFIL  LACA\METALIZADAFOSCA DUNA - METALIZADA FOSCA_PLACA REFLETENTE BRONZE C/ MASCARA  _COM PUXADOR_FURACAO PAGINA 172;0,0;0,00;0,00;0,00;0,00;0,00;0,00;(0,00);1,00;1,00;-1,00;0,00(0,00);35;0,00;0,00;0,00;1,00;1,00;;01/01/1900;01/01/1900;VSN;S;1,00
3PTSO0P1WJ1Y11;PORTA BATER SOTILE_150MM CURVO A 1025MM DA BASE ATE O CENTRO_ESQUERDA_LARGURA 385_ALTURA 2650_PERFIL  LACA\METALIZADA FOSCA DUNA - METALIZADA FOSCA_PLACA REFLETENTE BRONZE C/ MASCARA  _SEM PUXADOR_FURACAO PAGINA 172;0,0;0,00;0,00;0,00;0,00;0,00;0,00;(0,00);1,00;1,00;-1,00;0,00(0,00);35;0,00;0,00;0,00;1,00;1,00;;01/01/1900;01/01/1900;VSN;S;1,00
3PTSO0P1WJ1Y12;PORTA BATER SOTILE_150MM CURVO A 1025MM DA BASE ATE O CENTRO_ESQUERDA_LARGURA 433_ALTURA 2650_PERFIL  LACA\METALIZADA FOSCA DUNA - METALIZADA FOSCA_PLACA REFLETENTE BRONZE C/ MASCARA  _COM PUXADOR_FURACAO PAGINA 172;0,0;0,00;0,00;0,00;0,00;0,00;0,00;(0,00);1,00;1,00;-1,00;0,00(0,00);35;0,00;0,00;0,00;1,00;1,00;;01/01/1900;01/01/1900;VSN;S;1,00
3PTSO0P1WJ1Y13;PORTA BATER SOTILE_150MM CURVO A 1025MM DA BASE ATE O CENTRO_ESQUERDA_LARGURA 458_ALTURA 2650_PERFIL  LACA\METALIZADA FOSCA DUNA - METALIZADA FOSCA_PLACA REFLETENTE BRONZE C/ MASCARA  _COM PUXADOR_FURACAO PAGINA 172;0,0;0,00;0,00;0,00;0,00;0,00;0,00;(0,00);1,00;1,00;-1,00;0,00(0,00);35;0,00;0,00;0,00;1,00;1,00;;01/01/1900;01/01/1900;VSN;S;1,00
3PTSO0P1WJ1Y2;PORTA BATER SOTILE_150MM CURVO A 1025MM DA BASE ATE O CENTRO_DIREITA_LARGURA 353.75_ALTURA 2650_PERFIL  LACA\METALIZADA FOSCA DUNA - METALIZADA FOSCA_PLACA REFLETENTE BRONZE C/ MASCARA  _COM PUXADOR_FURACAO PAGINA 172;0,0;0,00;0,00;0,00;0,00;0,00;0,00;(0,00);1,00;1,00;-1,00;0,00(0,00);35;0,00;0,00;0,00;1,00;1,00;;01/01/1900;01/01/1900;VSN;S;1,00
3PTSO0P1WJ1Y3;PORTA BATER SOTILE_150MM CURVO A 1025MM DA BASE ATE O CENTRO_DIREITA_LARGURA 356_ALTURA 2650_PERFIL  LACA\METALIZADA FOSCA DUNA - METALIZADA FOSCA_PLACA REFLETENTE BRONZE C/ MASCARA  _COM PUXADOR_FURACAO PAGINA 172;0,0;0,00;0,00;0,00;0,00;0,00;0,00;(0,00);1,00;1,00;-1,00;0,00(0,00);35;0,00;0,00;0,00;1,00;1,00;;01/01/1900;01/01/1900;VSN;S;1,00
3PTSO0P1WJ1Y4;PORTA BATER SOTILE_150MM CURVO A 1025MM DA BASE ATE O CENTRO_DIREITA_LARGURA 365.25_ALTURA 2650_PERFIL  LACA\METALIZADA FOSCA DUNA - METALIZADA FOSCA_PLACA REFLETENTE BRONZE C/ MASCARA  _COM PUXADOR_FURACAO PAGINA 172;0,0;0,00;0,00;0,00;0,00;0,00;0,00;(0,00);1,00;1,00;-1,00;0,00(0,00);35;0,00;0,00;0,00;1,00;1,00;;01/01/1900;01/01/1900;VSN;S;1,00
3PTSO0P1WJ1Y5;PORTA BATER SOTILE_150MM CURVO A 1025MM DA BASE ATE O CENTRO_DIREITA_LARGURA 388.5_ALTURA 2650_PERFIL  LACA\METALIZADA FOSCA DUNA - METALIZADA FOSCA_PLACA REFLETENTE BRONZE C/ MASCARA  _SEM PUXADOR_FURACAO PAGINA 172;0,0;0,00;0,00;0,00;0,00;0,00;0,00;(0,00);1,00;1,00;-1,00;0,00(0,00);35;0,00;0,00;0,00;1,00;1,00;;01/01/1900;01/01/1900;VSN;S;1,00
3PTSO0P1WJ1Y6;PORTA BATER SOTILE_150MM CURVO A 1025MM DA BASE ATE O CENTRO_DIREITA_LARGURA 392_ALTURA 2650_PERFIL  LACA\METALIZADA FOSCA DUNA - METALIZADA FOSCA_PLACA REFLETENTE BRONZE C/ MASCARA  _SEM PUXADOR_FURACAO PAGINA 172;0,0;0,00;0,00;0,00;0,00;0,00;0,00;(0,00);1,00;1,00;-1,00;0,00(0,00);35;0,00;0,00;0,00;1,00;1,00;;01/01/1900;01/01/1900;VSN;S;1,00
3PTSO0P1WJ1Y7;PORTA BATER SOTILE_150MM CURVO A 1025MM DA BASE ATE O CENTRO_ESQUERDA_LARGURA 350.5_ALTURA 2650_PERFIL  LACA\METALIZADA FOSCA DUNA - METALIZADA FOSCA_PLACA REFLETENTE BRONZE C/ MASCARA  _COM PUXADOR_FURACAO PAGINA 172;0,0;0,00;0,00;0,00;0,00;0,00;0,00;(0,00);1,00;1,00;-1,00;0,00(0,00);35;0,00;0,00;0,00;1,00;1,00;;01/01/1900;01/01/1900;VSN;S;1,00
3PTSO0P1WJ1Y8;PORTA BATER SOTILE_150MM CURVO A 1025MM DA BASE ATE O CENTRO_ESQUERDA_LARGURA 353.75_ALTURA 2650_PERFIL  LACA\METALIZADAFOSCA DUNA - METALIZADA FOSCA_PLACA REFLETENTE BRONZE C/ MASCARA  _COM PUXADOR_FURACAO PAGINA 172;0,0;0,00;0,00;0,00;0,00;0,00;0,00;(0,00);1,00;1,00;-1,00;0,00(0,00);35;0,00;0,00;0,00;1,00;1,00;;01/01/1900;01/01/1900;VSN;S;1,00
3PTSO0P1WJ1Y9;PORTA BATER SOTILE_150MM CURVO A 1025MM DA BASE ATE O CENTRO_ESQUERDA_LARGURA 353.75_ALTURA 2650_PERFIL  LACA\METALIZADAFOSCA DUNA - METALIZADA FOSCA_PLACA REFLETENTE BRONZE C/ MASCARA  _COM PUXADOR_FURACAO PAGINA 172;0,0;0,00;0,00;0,00;0,00;0,00;0,00;(0,00);1,00;1,00;-1,00;0,00(0,00);35;0,00;0,00;0,00;1,00;1,00;;01/01/1900;01/01/1900;VSN;S;1,00
3PTSO5BMLJWA1;FRENTE GAVETA C/PUXADOR SOTILLES RETO 150MM SUPERIOR CENTRAL - LARGURA 900 - ALTURA 286 - PERFIL LACA FOSCA CARBONO -PLACA ESPELHO FUME - SOFT CLOSING ALTA - FURACAO PAGINA 81;0,0;0,00;0,00;0,00;0,00;0,00;0,00;(0,00);1,00;1,00;-1,00;0,00(0,00);35;0,00;0,00;0,00;1,00;1,00;;01/01/1900;01/01/1900;VSN;S;1,00
3PTSO5BMLJWA2;FRENTE GAVETA C/PUXADOR SOTILLES RETO 150MM SUPERIOR CENTRAL - LARGURA 900 - ALTURA 286 - PERFIL LACA FOSCA CARBONO -PLACA ESPELHO FUME - SOFT CLOSING ALTA - FURACAO PAGINA 81;0,0;0,00;0,00;0,00;0,00;0,00;0,00;(0,00);1,00;1,00;-1,00;0,00(0,00);35;0,00;0,00;0,00;1,00;1,00;;01/01/1900;01/01/1900;VSN;S;1,00
3PTSO5BMLJWA3;FRENTE GAVETA C/PUXADOR SOTILLES RETO 150MM SUPERIOR CENTRAL - LARGURA 900 - ALTURA 286 - PERFIL LACA FOSCA CARBONO -PLACA ESPELHO FUME - SOFT CLOSING ALTA - FURACAO PAGINA 81;0,0;0,00;0,00;0,00;0,00;0,00;0,00;(0,00);1,00;1,00;-1,00;0,00(0,00);35;0,00;0,00;0,00;1,00;1,00;;01/01/1900;01/01/1900;VSN;S;1,00
3PTSO5BMLJWA4;FRENTE GAVETA C/PUXADOR SOTILLES RETO 150MM SUPERIOR CENTRAL - LARGURA 900 - ALTURA 286 - PERFIL LACA FOSCA CARBONO -PLACA ESPELHO FUME - SOFT CLOSING ALTA - FURACAO PAGINA 81;0,0;0,00;0,00;0,00;0,00;0,00;0,00;(0,00);1,00;1,00;-1,00;0,00(0,00);35;0,00;0,00;0,00;1,00;1,00;;01/01/1900;01/01/1900;VSN;S;1,00
3PTSO934U7F71;PORTA BATER C/ PUXADOR LATERAL SOTILLES 150MM INCLINADO A 1025MM DA BASE ATE O CENTRO - DIREITA - LARGURA 452 - ALTURA 2696 - PERFIL LACA FOSCA QUINOA - PLACA TRANSLUCIDO REFLETENTE INCOLOR - FURACAO PAGINA 172;0,0;0,00;0,00;0,00;0,00;0,00;0,00;(0,00);1,00;1,00;-1,00;0,00(0,00);35;0,00;0,00;0,00;1,00;1,00;;01/01/1900;01/01/1900;VSN;S;1,00
3PTSO934U7F72;PORTA BATER C/ PUXADOR LATERAL SOTILLES 150MM INCLINADO A 1025MM DA BASE ATE O CENTRO - DIREITA - LARGURA 591 - ALTURA 2696 - PERFIL LACA FOSCA QUINOA - PLACA TRANSLUCIDO REFLETENTE INCOLOR - FURACAO PAGINA 172;0,0;0,00;0,00;0,00;0,00;0,00;0,00;(0,00);1,00;1,00;-1,00;0,00(0,00);35;0,00;0,00;0,00;1,00;1,00;;01/01/1900;01/01/1900;VSN;S;1,00
3PTSO934U7F73;PORTA BATER C/ PUXADOR LATERAL SOTILLES 150MM INCLINADO A 1025MM DA BASE ATE O CENTRO - DIREITA - LARGURA 591 - ALTURA 2696 - PERFIL LACA FOSCA QUINOA - PLACA TRANSLUCIDO REFLETENTE INCOLOR - FURACAO PAGINA 172;0,0;0,00;0,00;0,00;0,00;0,00;0,00;(0,00);1,00;1,00;-1,00;0,00(0,00);35;0,00;0,00;0,00;1,00;1,00;;01/01/1900;01/01/1900;VSN;S;1,00
3PTSO934U7F74;PORTA BATER C/ PUXADOR LATERAL SOTILLES 150MM INCLINADO A 1025MM DA BASE ATE O CENTRO - DIREITA - LARGURA 591 - ALTURA 2696 - PERFIL LACA FOSCA QUINOA - PLACA TRANSLUCIDO REFLETENTE INCOLOR - FURACAO PAGINA 172;0,0;0,00;0,00;0,00;0,00;0,00;0,00;(0,00);1,00;1,00;-1,00;0,00(0,00);35;0,00;0,00;0,00;1,00;1,00;;01/01/1900;01/01/1900;VSN;S;1,00
3PTSO934U7F75;PORTA BATER C/ PUXADOR LATERAL SOTILLES 150MM INCLINADO A 1025MM DA BASE ATE O CENTRO - ESQUERDA - LARGURA 452 - ALTURA 2696 - PERFIL LACA FOSCA QUINOA - PLACA TRANSLUCIDO REFLETENTE INCOLOR - FURACAO PAGINA 172;0,0;0,00;0,00;0,00;0,00;0,00;0,00;(0,00);1,00;1,00;-1,00;0,00(0,00);35;0,00;0,00;0,00;1,00;1,00;;01/01/1900;01/01/1900;VSN;S;1,00
3PTSO934U7F76;PORTA BATER C/ PUXADOR LATERAL SOTILLES 150MM INCLINADO A 1025MM DA BASE ATE O CENTRO - ESQUERDA - LARGURA 591 - ALTURA 2696 - PERFIL LACA FOSCA QUINOA - PLACA TRANSLUCIDO REFLETENTE INCOLOR - FURACAO PAGINA 172;0,0;0,00;0,00;0,00;0,00;0,00;0,00;(0,00);1,00;1,00;-1,00;0,00(0,00);35;0,00;0,00;0,00;1,00;1,00;;01/01/1900;01/01/1900;VSN;S;1,00
3PTSO934U7F77;PORTA BATER C/ PUXADOR LATERAL SOTILLES 150MM INCLINADO A 1025MM DA BASE ATE O CENTRO - ESQUERDA - LARGURA 591 - ALTURA 2696 - PERFIL LACA FOSCA QUINOA - PLACA TRANSLUCIDO REFLETENTE INCOLOR - FURACAO PAGINA 172;0,0;0,00;0,00;0,00;0,00;0,00;0,00;(0,00);1,00;1,00;-1,00;0,00(0,00);35;0,00;0,00;0,00;1,00;1,00;;01/01/1900;01/01/1900;VSN;S;1,00
3PTSO934U7F78;PORTA BATER C/ PUXADOR LATERAL SOTILLES 150MM INCLINADO A 1025MM DA BASE ATE O CENTRO - ESQUERDA - LARGURA 591 - ALTURA 2696 - PERFIL LACA FOSCA QUINOA - PLACA TRANSLUCIDO REFLETENTE INCOLOR - FURACAO PAGINA 172;0,0;0,00;0,00;0,00;0,00;0,00;0,00;(0,00);1,00;1,00;-1,00;0,00(0,00);35;0,00;0,00;0,00;1,00;1,00;;01/01/1900;01/01/1900;VSN;S;1,00
3PTSOEWO0NP51;PORTA BATER C/ PUXADOR LATERAL SOTILLES 150MM INCLINADO A 1025MM DA BASE ATE O CENTRO - DIREITA - LARGURA 421 - ALTURA 1936 - PERFIL LACA FOSCA K101 (AVELA) - PLACA TRANSLUCIDO REFLETENTE INCOLOR - FURACAO PAGINA 171;0,0;0,00;0,00;0,00;0,00;0,00;0,00;(0,00);1,00;1,00;-1,00;0,00(0,00);35;0,00;0,00;0,00;1,00;1,00;;01/01/1900;01/01/1900;VSN;S;1,00
3PTSOEWO0NP52;PORTA BATER C/ PUXADOR LATERAL SOTILLES 150MM INCLINADO A 1025MM DA BASE ATE O CENTRO - DIREITA - LARGURA 421 - ALTURA 1936 - PERFIL LACA FOSCA K101 (AVELA) - PLACA TRANSLUCIDO REFLETENTE INCOLOR - FURACAO PAGINA 171;0,0;0,00;0,00;0,00;0,00;0,00;0,00;(0,00);1,00;1,00;-1,00;0,00(0,00);35;0,00;0,00;0,00;1,00;1,00;;01/01/1900;01/01/1900;VSN;S;1,00
3PTSOEWO0NP53;PORTA BATER C/ PUXADOR LATERAL SOTILLES 150MM INCLINADO A 1025MM DA BASE ATE O CENTRO - ESQUERDA - LARGURA 421 - ALTURA 1936 - PERFIL LACA FOSCA K101 (AVELA) - PLACA TRANSLUCIDO REFLETENTE INCOLOR - FURACAO PAGINA 171;0,0;0,00;0,00;0,00;0,00;0,00;0,00;(0,00);1,00;1,00;-1,00;0,00(0,00);35;0,00;0,00;0,00;1,00;1,00;;01/01/1900;01/01/1900;VSN;S;1,00
3PTSOEWO0NP54;PORTA BATER C/ PUXADOR LATERAL SOTILLES 150MM INCLINADO A 1025MM DA BASE ATE O CENTRO - ESQUERDA - LARGURA 421 - ALTURA 1936 - PERFIL LACA FOSCA K101 (AVELA) - PLACA TRANSLUCIDO REFLETENTE INCOLOR - FURACAO PAGINA 171;0,0;0,00;0,00;0,00;0,00;0,00;0,00;(0,00);1,00;1,00;-1,00;0,00(0,00);35;0,00;0,00;0,00;1,00;1,00;;01/01/1900;01/01/1900;VSN;S;1,00
3PTSOG8DOJA41;PORTA BATER C/ PUXADOR LATERAL SOTILLES 150MM INCLINADO A 1025MM DA BASE ATE O CENTRO - DIREITA - LARGURA 604 - ALTURA 2126 - PERFIL LACA FOSCA RAL 7006 - PLACA TRANSLUCIDO INCOLOR LOW IRON - FURACAO PAGINA 172;0,0;0,00;0,00;0,00;0,00;0,00;0,00;(0,00);1,00;1,00;-1,00;0,00(0,00);35;0,00;0,00;0,00;1,00;1,00;;01/01/1900;01/01/1900;VSN;S;1,00
3PTSOG8DOJA42;PORTA BATER C/ PUXADOR LATERAL SOTILLES 150MM INCLINADO A 1025MM DA BASE ATE O CENTRO - DIREITA - LARGURA 614 - ALTURA 2126 - PERFIL LACA FOSCA RAL 7006 - PLACA TRANSLUCIDO INCOLOR LOW IRON - FURACAO PAGINA 172;0,0;0,00;0,00;0,00;0,00;0,00;0,00;(0,00);1,00;1,00;-1,00;0,00(0,00);35;0,00;0,00;0,00;1,00;1,00;;01/01/1900;01/01/1900;VSN;S;1,00
3PTSOG8DOJA43;PORTA BATER C/ PUXADOR LATERAL SOTILLES 150MM INCLINADO A 1025MM DA BASE ATE O CENTRO - ESQUERDA - LARGURA 604 - ALTURA 2126 - PERFIL LACA FOSCA RAL 7006 - PLACA TRANSLUCIDO INCOLOR LOW IRON - FURACAO PAGINA 172;0,0;0,00;0,00;0,00;0,00;0,00;0,00;(0,00);1,00;1,00;-1,00;0,00(0,00);35;0,00;0,00;0,00;1,00;1,00;;01/01/1900;01/01/1900;VSN;S;1,00
3PTSOG8DOJA44;PORTA BATER C/ PUXADOR LATERAL SOTILLES 150MM INCLINADO A 1025MM DA BASE ATE O CENTRO - ESQUERDA - LARGURA 614 - ALTURA 2126 - PERFIL LACA FOSCA RAL 7006 - PLACA TRANSLUCIDO INCOLOR LOW IRON - FURACAO PAGINA 172;0,0;0,00;0,00;0,00;0,00;0,00;0,00;(0,00);1,00;1,00;-1,00;0,00(0,00);35;0,00;0,00;0,00;1,00;1,00;;01/01/1900;01/01/1900;VSN;S;1,00
3PTSOI77OPKD3;PORTA BATER C/PUXADOR SOTILLES RETO 150MM SUPERIOR CENTRAL - DIREITA - LARGURA 566 - ALTURA 696 - PERFIL LACA FOSCA RAL 9002 (PORCELANA) - PLACA TRANSLUCIDO REFLETENTE INCOLOR - FURACAO PAGINA 150;0,0;0,00;1,00;0,00;0,00;0,00;0,00;(0,00);1,00;1,00;-1,00;0,00(0,00);35;437,04;0,00;0,01;1,00;1,00;;23/06/2026;09/07/2026;VSN;S;1,00
3PTSOI77OPKD5;PORTA BATER C/PUXADOR SOTILLES RETO 150MM SUPERIOR CENTRAL - ESQUERDA - LARGURA 566 - ALTURA 696 - PERFIL LACA FOSCA RAL9002 (PORCELANA) - PLACA TRANSLUCIDO REFLETENTE INCOLOR - FURACAO PAGINA 160;0,0;0,00;1,00;0,00;0,00;0,00;0,00;(0,00);1,00;1,00;-1,00;0,00(0,00);35;437,04;0,00;0,01;1,00;1,00;;23/06/2026;09/07/2026;VSN;S;1,00
3PTSOKCKAF4C1;PORTA BATER C/ PUXADOR LATERAL SOTILLES 150MM INCLINADO A 1025MM DA BASE ATE O CENTRO - DIREITA - LARGURA 486 - ALTURA 1496 - PERFIL LACA FOSCA COALA - PLACA TRANSLUCIDO REFLETENTE BRONZE - FURACAO PAGINA 170;0,0;0,00;0,00;0,00;0,00;0,00;0,00;(0,00);1,00;1,00;-1,00;0,00(0,00);35;0,00;0,00;0,00;1,00;1,00;;01/01/1900;01/01/1900;VSN;S;1,00
3PTSOKCKAF4C2;PORTA BATER C/ PUXADOR LATERAL SOTILLES 150MM INCLINADO A 1025MM DA BASE ATE O CENTRO - ESQUERDA - LARGURA 486 - ALTURA 1496 - PERFIL LACA FOSCA COALA - PLACA TRANSLUCIDO REFLETENTE BRONZE - FURACAO PAGINA 170;0,0;0,00;0,00;0,00;0,00;0,00;0,00;(0,00);1,00;1,00;-1,00;0,00(0,00);35;0,00;0,00;0,00;1,00;1,00;;01/01/1900;01/01/1900;VSN;S;1,00
3PTSOKE9PIUK1;PORTA BATER C/ PUXADOR LATERAL SOTILLES 150MM INCLINADO A 1025MM DA BASE ATE O CENTRO - DIREITA - LARGURA 546 - ALTURA 2046 - PERFIL LACA METALIZADA STEEL - PLACA TRANSLUCIDO REFLETENTE BRONZE - FURACAO PAGINA 171;0,0;0,00;0,00;0,00;0,00;0,00;0,00;(0,00);1,00;1,00;-1,00;0,00(0,00);35;0,00;0,00;0,00;1,00;1,00;;01/01/1900;01/01/1900;VSN;S;1,00
3PTSOKE9PIUK2;PORTA BATER C/ PUXADOR LATERAL SOTILLES 150MM INCLINADO A 1025MM DA BASE ATE O CENTRO - ESQUERDA - LARGURA 546 - ALTURA 2046 - PERFIL LACA METALIZADA STEEL - PLACA TRANSLUCIDO REFLETENTE BRONZE - FURACAO PAGINA 171;0,0;0,00;0,00;0,00;0,00;0,00;0,00;(0,00);1,00;1,00;-1,00;0,00(0,00);35;0,00;0,00;0,00;1,00;1,00;;01/01/1900;01/01/1900;VSN;S;1,00
3PTSONPNQHXU1;PORTA BATER C/ PUXADOR LATERAL SOTILLES 150MM INCLINADO A 1025MM DA BASE ATE O CENTRO - DIREITA - LARGURA 596 - ALTURA 2366 - PERFIL LACA FOSCA QUINOA - PLACA TRANSLUCIDO INCOLOR LOW IRON - FURACAO PAGINA 172;0,0;0,00;0,00;0,00;0,00;0,00;0,00;(0,00);1,00;1,00;-1,00;0,00(0,00);35;0,00;0,00;0,00;1,00;1,00;;01/01/1900;01/01/1900;VSN;S;1,00
3PTSONPNQHXU2;PORTA BATER C/ PUXADOR LATERAL SOTILLES 150MM INCLINADO A 1025MM DA BASE ATE O CENTRO - ESQUERDA - LARGURA 596 - ALTURA 2366 - PERFIL LACA FOSCA QUINOA - PLACA TRANSLUCIDO INCOLOR LOW IRON - FURACAO PAGINA 172;0,0;0,00;0,00;0,00;0,00;0,00;0,00;(0,00);1,00;1,00;-1,00;0,00(0,00);35;0,00;0,00;0,00;1,00;1,00;;01/01/1900;01/01/1900;VSN;S;1,00
3PTSOORPHU1D1;PORTA BATER SOTILE_150MM CURVO A 1025MM DA BASE ATE O CENTRO_DIREITA_LARGURA 436.5_ALTURA 2485_PERFIL  LACA\PADRAO FOSCAROSA CHA - FOSCA_PLACA ESPELHO BRONZE  _COM PUXADOR_FURACAO PAGINA 172;0,0;0,00;0,00;0,00;0,00;0,00;0,00;(0,00);1,00;1,00;-1,00;0,00(0,00);35;0,00;0,00;0,00;1,00;1,00;;01/01/1900;01/01/1900;VSN;S;1,00
3PTSOORPHU1D2;PORTA BATER SOTILE_150MM CURVO A 1025MM DA BASE ATE O CENTRO_DIREITA_LARGURA 438_ALTURA 2485_PERFIL  LACA\PADRAO FOSCA ROSA CHA - FOSCA_PLACA ESPELHO BRONZE  _COM PUXADOR_FURACAO PAGINA 172;0,0;0,00;0,00;0,00;0,00;0,00;0,00;(0,00);1,00;1,00;-1,00;0,00(0,00);35;0,00;0,00;0,00;1,00;1,00;;01/01/1900;01/01/1900;VSN;S;1,00
3PTSOORPHU1D3;PORTA BATER SOTILE_150MM CURVO A 1025MM DA BASE ATE O CENTRO_ESQUERDA_LARGURA 436.5_ALTURA 2485_PERFIL  LACA\PADRAO FOSCA ROSA CHA - FOSCA_PLACA ESPELHO BRONZE  _COM PUXADOR_FURACAO PAGINA 172;0,0;0,00;0,00;0,00;0,00;0,00;0,00;(0,00);1,00;1,00;-1,00;0,00(0,00);35;0,00;0,00;0,00;1,00;1,00;;01/01/1900;01/01/1900;VSN;S;1,00
3PTSOORPHU1D4;PORTA BATER SOTILE_150MM CURVO A 1025MM DA BASE ATE O CENTRO_ESQUERDA_LARGURA 438_ALTURA 2485_PERFIL  LACA\PADRAO FOSCA ROSA CHA - FOSCA_PLACA ESPELHO BRONZE  _COM PUXADOR_FURACAO PAGINA 172;0,0;0,00;0,00;0,00;0,00;0,00;0,00;(0,00);1,00;1,00;-1,00;0,00(0,00);35;0,00;0,00;0,00;1,00;1,00;;01/01/1900;01/01/1900;VSN;S;1,00
3PTSORD5HSEJ1;PORTA BATER C/ PUXADOR LATERAL SOTILLES 150MM INCLINADO A 460MM DA BASE ATE O CENTRO - DIREITA - LARGURA 538 - ALTURA 2136 - PERFIL LACA FOSCA J101 (ARABICA) - PLACA TRANSLUCIDO REFLETENTE INCOLOR - FURACAO PAGINA 172;0,0;0,00;0,00;0,00;0,00;0,00;0,00;(0,00);1,00;1,00;-1,00;0,00(0,00);35;0,00;0,00;0,00;1,00;1,00;;01/01/1900;01/01/1900;VSN;S;1,00
3PTSORD5HSEJ2;PORTA BATER C/ PUXADOR LATERAL SOTILLES 150MM INCLINADO A 460MM DA BASE ATE O CENTRO - DIREITA - LARGURA 538 - ALTURA 2136 - PERFIL LACA FOSCA J101 (ARABICA) - PLACA TRANSLUCIDO REFLETENTE INCOLOR - FURACAO PAGINA 172;0,0;0,00;0,00;0,00;0,00;0,00;0,00;(0,00);1,00;1,00;-1,00;0,00(0,00);35;0,00;0,00;0,00;1,00;1,00;;01/01/1900;01/01/1900;VSN;S;1,00
3PTSORD5HSEJ3;PORTA BATER C/ PUXADOR LATERAL SOTILLES 150MM INCLINADO A 460MM DA BASE ATE O CENTRO - DIREITA - LARGURA 539 - ALTURA 2136 - PERFIL LACA FOSCA J101 (ARABICA) - PLACA TRANSLUCIDO REFLETENTE INCOLOR - FURACAO PAGINA 172;0,0;0,00;0,00;0,00;0,00;0,00;0,00;(0,00);1,00;1,00;-1,00;0,00(0,00);35;0,00;0,00;0,00;1,00;1,00;;01/01/1900;01/01/1900;VSN;S;1,00
3PTSORD5HSEJ4;PORTA BATER C/ PUXADOR LATERAL SOTILLES 150MM INCLINADO A 460MM DA BASE ATE O CENTRO - ESQUERDA - LARGURA 538 - ALTURA 2136 - PERFIL LACA FOSCA J101 (ARABICA) - PLACA TRANSLUCIDO REFLETENTE INCOLOR - FURACAO PAGINA 172;0,0;0,00;0,00;0,00;0,00;0,00;0,00;(0,00);1,00;1,00;-1,00;0,00(0,00);35;0,00;0,00;0,00;1,00;1,00;;01/01/1900;01/01/1900;VSN;S;1,00
3PTSORD5HSEJ5;PORTA BATER C/ PUXADOR LATERAL SOTILLES 150MM INCLINADO A 460MM DA BASE ATE O CENTRO - ESQUERDA - LARGURA 538 - ALTURA 2136 - PERFIL LACA FOSCA J101 (ARABICA) - PLACA TRANSLUCIDO REFLETENTE INCOLOR - FURACAO PAGINA 172;0,0;0,00;0,00;0,00;0,00;0,00;0,00;(0,00);1,00;1,00;-1,00;0,00(0,00);35;0,00;0,00;0,00;1,00;1,00;;01/01/1900;01/01/1900;VSN;S;1,00
3PTSORD5HSEJ6;PORTA BATER C/ PUXADOR LATERAL SOTILLES 150MM INCLINADO A 460MM DA BASE ATE O CENTRO - ESQUERDA - LARGURA 539 - ALTURA 2136 - PERFIL LACA FOSCA J101 (ARABICA) - PLACA TRANSLUCIDO REFLETENTE INCOLOR - FURACAO PAGINA 172;0,0;0,00;0,00;0,00;0,00;0,00;0,00;(0,00);1,00;1,00;-1,00;0,00(0,00);35;0,00;0,00;0,00;1,00;1,00;;01/01/1900;01/01/1900;VSN;S;1,00
3PTSOSUN53QL1;PORTA BATER C/ PUXADOR LATERAL SOTILLES 150MM INCLINADO A 1025MM DA BASE ATE O CENTRO - ESQUERDA - LARGURA 496 - ALTURA 2506 - PERFIL LACA METALIZADA HUST - PLACA TRANSLUCIDO REFLETENTE BRONZE - FURACAO PAGINA 172;0,0;0,00;0,00;0,00;0,00;0,00;0,00;(0,00);1,00;1,00;-1,00;0,00(0,00);35;0,00;0,00;0,00;1,00;1,00;;01/01/1900;01/01/1900;VSN;S;1,00
3PTSOW8WNN541;PORTA BATER C/ PUXADOR LATERAL SOTILLES 150MM INCLINADO A 1025MM DA BASE ATE O CENTRO - DIREITA - LARGURA 381 - ALTURA 2016 - PERFIL LACA FOSCA K101 (AVELA) - PLACA TRANSLUCIDO REFLETENTE BRONZE - FURACAO PAGINA 171;0,0;0,00;0,00;0,00;0,00;0,00;0,00;(0,00);1,00;1,00;-1,00;0,00(0,00);35;0,00;0,00;0,00;1,00;1,00;;01/01/1900;01/01/1900;VSN;S;1,00
3PTSOW8WNN542;PORTA BATER C/ PUXADOR LATERAL SOTILLES 150MM INCLINADO A 1025MM DA BASE ATE O CENTRO - ESQUERDA - LARGURA 381 - ALTURA 2016 - PERFIL LACA FOSCA K101 (AVELA) - PLACA TRANSLUCIDO REFLETENTE BRONZE - FURACAO PAGINA 171;0,0;0,00;0,00;0,00;0,00;0,00;0,00;(0,00);1,00;1,00;-1,00;0,00(0,00);35;0,00;0,00;0,00;1,00;1,00;;01/01/1900;01/01/1900;VSN;S;1,00
3PTSOX8IHC2G1;PORTA BATER C/ PUXADOR LATERAL SOTILLES 150MM INCLINADO A 1025MM DA BASE ATE O CENTRO - DIREITA - LARGURA 515 - ALTURA 2156 - PERFIL LACA METALIZADA STEEL - PLACA TRANSLUCIDO REFLETENTE BRONZE - FURACAO PAGINA 172;0,0;0,00;0,00;0,00;0,00;0,00;0,00;(0,00);1,00;1,00;-1,00;0,00(0,00);35;0,00;0,00;0,00;1,00;1,00;;01/01/1900;01/01/1900;VSN;S;1,00
3PTSOX8IHC2G2;PORTA BATER C/ PUXADOR LATERAL SOTILLES 150MM INCLINADO A 1025MM DA BASE ATE O CENTRO - ESQUERDA - LARGURA 515 - ALTURA 2156 - PERFIL LACA METALIZADA STEEL - PLACA TRANSLUCIDO REFLETENTE BRONZE - FURACAO PAGINA 172;0,0;0,00;0,00;0,00;0,00;0,00;0,00;(0,00);1,00;1,00;-1,00;0,00(0,00);35;0,00;0,00;0,00;1,00;1,00;;01/01/1900;01/01/1900;VSN;S;1,00
3PTSOZ2PVJMH1;FRENTE INFERIOR BASCULA C/PUXADOR SOTILLES RETO 150MM SUPERIOR CENTRAL - LARGURA 972 - ALTURA 449 - PERFIL LACA METALIZADA STEEL - PLACA TRANSLUCIDO REFLETENTE BRONZE - SISTEMA HF - FURACAO PAGINA 2;0,0;0,00;0,00;0,00;0,00;0,00;0,00;(0,00);1,00;1,00;-1,00;0,00(0,00);35;0,00;0,00;0,00;1,00;1,00;;01/01/1900;01/01/1900;VSN;S;1,00
3PTSOZ2PVJMH2;FRENTE SUPERIOR BASCULA SOTILLES S/PUXADOR - LARGURA 972 - ALTURA 449 - PERFIL LACA METALIZADA STEEL - PLACA TRANSLUCIDOREFLETENTE BRONZE - SISTEMA HF - FURACAO PAGINA 11;0,0;0,00;0,00;0,00;0,00;0,00;0,00;(0,00);1,00;1,00;-1,00;0,00(0,00);35;0,00;0,00;0,00;1,00;1,00;;01/01/1900;01/01/1900;VSN;S;1,00
3PTVEA77Y0Z71;PORTA BATER PROVENCE 45?_DIREITA_LARGURA 446.5_ALTURA 2579_QUINOA - FOSCA _PUXADOR CUP _FURACAO PAGINA 172 + FURACAO PAGINA 181;0,0;0,00;0,00;0,00;0,00;0,00;0,00;(0,00);1,00;1,00;-1,00;0,00(0,00);35;0,00;0,00;0,00;1,00;1,00;;01/01/1900;01/01/1900;VSN;S;1,00
3PTVEA77Y0Z72;PORTA BATER PROVENCE 45?_DIREITA_LARGURA 446.5_ALTURA 2579_QUINOA - FOSCA _PUXADOR CUP _FURACAO PAGINA 172 + FURACAO PAGINA 181;0,0;0,00;0,00;0,00;0,00;0,00;0,00;(0,00);1,00;1,00;-1,00;0,00(0,00);35;0,00;0,00;0,00;1,00;1,00;;01/01/1900;01/01/1900;VSN;S;1,00
3PTVEA77Y0Z73;PORTA BATER PROVENCE 45?_ESQUERDA_LARGURA 446.5_ALTURA 2579_QUINOA - FOSCA _PUXADOR CUP _FURACAO PAGINA 172 + FURACAO PAGINA 181;0,0;0,00;0,00;0,00;0,00;0,00;0,00;(0,00);1,00;1,00;-1,00;0,00(0,00);35;0,00;0,00;0,00;1,00;1,00;;01/01/1900;01/01/1900;VSN;S;1,00
3PTVEA77Y0Z74;PORTA BATER PROVENCE 45?_ESQUERDA_LARGURA 446.5_ALTURA 2579_QUINOA - FOSCA _PUXADOR CUP _FURACAO PAGINA 172 + FURACAO PAGINA 181;0,0;0,00;0,00;0,00;0,00;0,00;0,00;(0,00);1,00;1,00;-1,00;0,00(0,00);35;0,00;0,00;0,00;1,00;1,00;;01/01/1900;01/01/1900;VSN;S;1,00
3PTVEFD25Y1J1;ESPECIAL - PORTA BATER PROVENCE RETA_LARGURA 547_ALTURA 2460_QUINOA - FOSCA _SEM FURACAO;0,0;0,00;0,00;0,00;0,00;0,00;0,00;(0,00);1,00;1,00;-1,00;0,00(0,00);35;0,00;0,00;0,00;1,00;1,00;;01/01/1900;01/01/1900;VSN;S;1,00
3PTVEFD25Y1J2;ESPECIAL - PORTA BATER PROVENCE RETA_LARGURA 550_ALTURA 2460_QUINOA - FOSCA _SEM FURACAO;0,0;0,00;0,00;0,00;0,00;0,00;0,00;(0,00);1,00;1,00;-1,00;0,00(0,00);35;0,00;0,00;0,00;1,00;1,00;;01/01/1900;01/01/1900;VSN;S;1,00
3PTWY7MAUQ9Y1;PORTA DE PASSAGEM SUSPENSA_COM RODIZIO_CORRER WAY_LARGURA DE 750_ALTURA 2353_PERFIL ANODIZADO FOSCO _PLACA INTERNA VIDROEXTRA CLEAR INCOLOR _PLACA EXTERNA VIDRO EXTRA CLEAR INCOLOR;0,0;0,00;0,00;0,00;0,00;1,00;0,00;(0,00);0,00;1,00;0,00;0,00(0,00);35;0,00;0,00;0,00;1,00;1,00;;11/09/2026;01/01/1900;VSN;S;1,00
3PTWY7MAUQ9Y2;PORTA DE PASSAGEM SUSPENSA_COM RODIZIO_CORRER WAY_LARGURA DE 750_ALTURA 2353_PERFIL ANODIZADO FOSCO _PLACA INTERNA VIDROEXTRA CLEAR INCOLOR _PLACA EXTERNA VIDRO EXTRA CLEAR INCOLOR;0,0;0,00;0,00;0,00;0,00;1,00;0,00;(0,00);0,00;1,00;0,00;0,00(0,00);35;0,00;0,00;0,00;1,00;1,00;;11/09/2026;01/01/1900;VSN;S;1,00
3PTWY9G9A1AIX;PORTA DE PASSAGEM SUSPENSA_ESPECIAL SEM RODIZIO -                                                                       SERÁ USADA FIXA_CORRER WAY_LARGURA DE 620_ALTURA 2320 - COM DIVISORIA à 900MM DO CHãO - PERFIL LACA\PADRAO FOSCA RAL 9002 - FOSCA (PORCELANA)_PLACA INTERNA VIDROS\TEXTURIZADOS CANELADO _PLACA EXTERNA VIDROS\TEXTURIZADOS CANELADO;0,0;0,00;0,00;0,00;0,00;0,00;0,00;(0,00);1,00;1,00;-1,00;0,00(0,00);35;0,00;0,00;0,00;1,00;1,00;;01/01/1900;01/01/1900;VSN;S;1,00
3PTWYEBTW4B31;PORTA DE PASSAGEM SUSPENSA_COM RODIZIO_CORRER WAY_LARGURA DE 900_ALTURA 2443_PERFIL LACA\METALIZADA FOSCA STEEL - METALIZADA FOSCA_PLACA INTERNA REFLETENTE BRONZE C/ MASCARA _PLACA EXTERNA REFLETENTE BRONZE C/ MASCARA;0,0;0,00;0,00;0,00;0,00;0,00;0,00;(0,00);1,00;1,00;-1,00;0,00(0,00);35;0,00;0,00;0,00;1,00;1,00;;01/01/1900;01/01/1900;VSN;S;1,00
3PTWYEWO0NP51;PORTA DE PASSAGEM SUSPENSA_COM RODIZIO_CORRER WAY_LARGURA DE 800_ALTURA 2484_PERFIL LACA\PADRAO FOSCA QUINOA - FOSCA_PLACA INTERNA VIDRO EXTRA CLEAR LACA\PADRAO QUINOA_PLACA EXTERNA VIDRO EXTRA CLEAR LACA\PADRAO QUINOA;0,0;0,00;0,00;0,00;0,00;0,00;0,00;(0,00);1,00;1,00;-1,00;0,00(0,00);35;0,00;0,00;0,00;1,00;1,00;;01/01/1900;01/01/1900;VSN;S;1,00
3PTWYJDYBY5Q1;SISTEMA PARTIZIONE - DIVISORIA + PORTA CORRER - EDUARDO LEME CIENTE - ORCAMENTO 42009;0,0;0,00;0,00;0,00;0,00;0,00;0,00;(0,00);1,00;1,00;-1,00;0,00(0,00);35;0,00;0,00;0,00;1,00;1,00;;01/01/1900;01/01/1900;VSN;S;1,00
3PTWYJDYBY5Q2;SISTEMA PARTIZIONE - DIVISORIA + PORTA CORRER - EDUARDO LEME CIENTE - ORCAMENTO 42009;0,0;0,00;0,00;0,00;0,00;0,00;0,00;(0,00);1,00;1,00;-1,00;0,00(0,00);35;0,00;0,00;0,00;1,00;1,00;;01/01/1900;01/01/1900;VSN;S;1,00
3PTWYJDYBY5Q3;PORTA FLORENCA COM TRAVESSAS HORIZONTAIS - DIVISORIA + PORTA CORRER - EDUARDO LEME CIENTE - ORCAMENTO 42009;0,0;0,00;0,00;0,00;0,00;0,00;0,00;(0,00);1,00;1,00;-1,00;0,00(0,00);35;0,00;0,00;0,00;1,00;1,00;;01/01/1900;01/01/1900;VSN;S;1,00
3PTWYR4UIZD31;PORTA DE PASSAGEM SUSPENSA_COM RODIZIO_CORRER WAY_LARGURA DE 800_ALTURA 2238_PERFIL LACA\METALIZADA FOSCA HUST - METALIZADA FOSCA_PLACA INTERNA REFLETENTE BRONZE C/ MASCARA _PLACA EXTERNA REFLETENTE BRONZE C/ MASCARA;0,0;0,00;0,00;0,00;0,00;0,00;0,00;(0,00);1,00;1,00;-1,00;0,00(0,00);35;0,00;0,00;0,00;1,00;1,00;;01/01/1900;01/01/1900;VSN;S;1,00
3PTWYSJ47CP51;PORTA DE PASSAGEM SUSPENSA_COM RODIZIO_CORRER WAY_LARGURA DE 540_ALTURA 2283_PERFIL LACA\PADRAO FOSCA QUINOA - FOSCA_PLACA INTERNA VIDRO EXTRA CLEAR INCOLOR _PLACA EXTERNA VIDRO EXTRA CLEAR INCOLOR;0,0;0,00;0,00;0,00;0,00;0,00;0,00;(0,00);1,00;1,00;-1,00;0,00(0,00);35;0,00;0,00;0,00;1,00;1,00;;01/01/1900;01/01/1900;VSN;S;1,00
3PTWYSJ47CP52;PORTA DE PASSAGEM SUSPENSA_COM RODIZIO_CORRER WAY_LARGURA DE 540_ALTURA 2283_PERFIL LACA\PADRAO FOSCA QUINOA - FOSCA_PLACA INTERNA VIDRO EXTRA CLEAR INCOLOR _PLACA EXTERNA VIDRO EXTRA CLEAR INCOLOR;0,0;0,00;0,00;0,00;0,00;0,00;0,00;(0,00);1,00;1,00;-1,00;0,00(0,00);35;0,00;0,00;0,00;1,00;1,00;;01/01/1900;01/01/1900;VSN;S;1,00
3PTWYSJ47CP53;PORTA DE PASSAGEM SUSPENSA_COM RODIZIO_CORRER WAY_LARGURA DE 700_ALTURA 2283_PERFIL LACA\PADRAO FOSCA QUINOA - FOSCA_PLACA INTERNA VIDRO EXTRA CLEAR INCOLOR _PLACA EXTERNA VIDRO EXTRA CLEAR INCOLOR;0,0;0,00;0,00;0,00;0,00;0,00;0,00;(0,00);1,00;1,00;-1,00;0,00(0,00);35;0,00;0,00;0,00;1,00;1,00;;01/01/1900;01/01/1900;VSN;S;1,00
3PTWYSJ47CP54;PORTA DE PASSAGEM SUSPENSA_COM RODIZIO_CORRER WAY_LARGURA DE 700_ALTURA 2283_PERFIL LACA\PADRAO FOSCA QUINOA - FOSCA_PLACA INTERNA VIDRO EXTRA CLEAR INCOLOR _PLACA EXTERNA VIDRO EXTRA CLEAR INCOLOR;0,0;0,00;0,00;0,00;0,00;0,00;0,00;(0,00);1,00;1,00;-1,00;0,00(0,00);35;0,00;0,00;0,00;1,00;1,00;;01/01/1900;01/01/1900;VSN;S;1,00
3SGMH1C384350P;MODULO HORIZONTAL SIGN/BOSSA 01 COMPARTIMENTO - 384 X 350 X 150 MM - ACABAMENTO PRETO  - METAL DESIGN;0,0;0,00;0,00;0,00;0,00;0,00;2,00;(0,00);0,00;2,00;-2,00;-2,00(-2,00);35;0,00;0,00;0,00;1,00;1,00;;28/09/2026;01/01/1900;VSN;S;2,00
3SIGNPRT290PR;PRATELEIRA SIGN/BOSSA - 290 MM - ACABAMENTO PRETO  - METAL DESIGN;0,0;0,00;0,00;0,00;0,00;1,00;0,00;(0,00);0,00;1,00;0,00;0,00(0,00);35;122,57;122,57;0,00;1,00;1,00;;11/09/2026;12/06/2025;VSN;S;1,00
3SIGNPRT300BR;PRATELEIRA SIGN/BOSSA - 300 MM - ACABAMENTO BRANCO  - METAL DESIGN;0,0;0,00;0,00;0,00;0,00;2,00;0,00;(0,00);0,00;2,00;0,00;0,00(0,00);35;0,00;0,00;0,00;1,00;1,00;;28/09/2026;01/01/1900;VSN;S;2,00
3SKY1063X402QD;PRATELEIRA SKY SEM VIDRO - LARGURA 1063 MM - PROFUNDIDADE 402 MM - PERFIL DOURADO - ILUMINACAO FRONTAL 3000K;0,0;0,00;0,00;0,00;0,00;0,00;0,00;(0,00);5,00;5,00;-5,00;0,00(0,00);35;0,00;0,00;0,00;1,00;1,00;;01/01/1900;01/01/1900;VSN;S;5,00
3SKY1098X432QP;PRATELEIRA SKY SEM VIDRO - LARGURA 1098 MM - PROFUNDIDADE 432 MM - PERFIL PERLATO - ILUMINACAO FRONTAL 3000K;0,0;0,00;0,00;0,00;0,00;0,00;0,00;(0,00);8,00;8,00;-8,00;0,00(0,00);35;0,00;0,00;0,00;1,00;1,00;;01/01/1900;01/01/1900;VSN;S;8,00
3SKY388X582QP;PRATELEIRA SKY SEM VIDRO - LARGURA 388 MM - PROFUNDIDADE 582 MM - PERFIL PERLATO - ILUMINACAO FRONTAL 3000K;0,0;0,00;0,00;0,00;0,00;0,00;0,00;(0,00);4,00;4,00;-4,00;0,00(0,00);35;0,00;0,00;0,00;1,00;1,00;;01/01/1900;01/01/1900;VSN;S;4,00
3SKY522X402QD;PRATELEIRA SKY SEM VIDRO - LARGURA 522 MM - PROFUNDIDADE 402 MM - PERFIL DOURADO - ILUMINACAO FRONTAL 3000K;0,0;0,00;0,00;0,00;0,00;0,00;0,00;(0,00);10,00;10,00;-10,00;0,00(0,00);35;0,00;0,00;0,00;1,00;1,00;;01/01/1900;01/01/1900;VSN;S;10,00
3SKY613X402QD;PRATELEIRA SKY SEM VIDRO - LARGURA 613 MM - PROFUNDIDADE 402 MM - PERFIL DOURADO - ILUMINACAO FRONTAL 3000K;0,0;0,00;0,00;0,00;0,00;9,00;0,00;(0,00);0,00;9,00;0,00;0,00(0,00);35;0,00;0,00;0,00;1,00;1,00;;11/09/2026;01/01/1900;VSN;S;9,00
3SKY716X432QP;PRATELEIRA SKY SEM VIDRO - LARGURA 716 MM - PROFUNDIDADE 432 MM - PERFIL PERLATO - ILUMINACAO FRONTAL 3000K;0,0;0,00;0,00;1,00;0,00;0,00;0,00;(0,00);4,00;4,00;-4,00;0,00(-1,00);35;382,67;0,00;0,01;1,00;1,00;;10/07/2026;11/08/2026;VSN;S;4,00
3SKY963X340QG;PRATELEIRA SKY SEM VIDRO - LARGURA 963 MM - PROFUNDIDADE 340 MM - PERFIL GRAFITE - ILUMINACAO FRONTAL 3000K;0,0;0,00;0,00;0,00;0,00;2,00;0,00;(0,00);0,00;2,00;0,00;0,00(0,00);35;365,68;731,36;0,00;1,00;1,00;;10/08/2026;01/01/1900;VSN;S;2,00
3SKY963X492QI;PRATELEIRA SKY SEM VIDRO - LARGURA 963 MM - PROFUNDIDADE 492 MM - PERFIL INOX - ILUMINACAO FRONTAL 3000K;0,0;0,00;0,00;0,00;0,00;5,00;0,00;(0,00);0,00;5,00;0,00;0,00(0,00);35;0,00;0,00;0,00;1,00;1,00;;02/09/2026;01/01/1900;VSN;S;5,00
3SOL277A1500Q;PAINEL SOLARIS L5-20 SOBREPOSTO INTERNO 24V 16,9W/M 3000K SEM CONVERSOR FIX.VELCRO PERFIL ALUMINIO SOB MEDIDA (37277) METAL DESIGN - LARGURA 277MM ALTURA 1500MM;0,0;0,00;0,00;0,00;0,00;1,00;0,00;(0,00);0,00;1,00;0,00;0,00(0,00);35;0,00;0,00;0,00;1,00;1,00;;28/09/2026;01/01/1900;VSN;S;1,00
3SOL361A2360Q;PAINEL SOLARIS L5-20 SOBREPOSTO INTERNO 24V 16,9W/M 3000K SEM CONVERSOR FIX.VELCRO PERFIL ALUMINIO SOB MEDIDA (37277) METAL DESIGN - LARGURA 361MM ALTURA 2360MM;0,0;0,00;0,00;0,00;0,00;0,00;0,00;(0,00);1,00;1,00;-1,00;0,00(0,00);35;0,00;0,00;0,00;1,00;1,00;;01/01/1900;01/01/1900;VSN;S;1,00
3SOL361A303Q;PAINEL SOLARIS L5-20 SOBREPOSTO INTERNO 24V 16,9W/M 3000K SEM CONVERSOR FIX.VELCRO PERFIL ALUMINIO SOB MEDIDA (37277) METAL DESIGN - LARGURA 361MM ALTURA 303MM;0,0;0,00;0,00;0,00;0,00;0,00;0,00;(0,00);1,00;1,00;-1,00;0,00(0,00);35;0,00;0,00;0,00;1,00;1,00;;01/01/1900;01/01/1900;VSN;S;1,00
3SOL404A482Q;PAINEL SOLARIS L5-20 SOBREPOSTO INTERNO 24V 16,9W/M 3000K SEM CONVERSOR FIX.VELCRO PERFIL ALUMINIO SOB MEDIDA (37277) METAL DESIGN - LARGURA 404MM ALTURA 482MM;0,0;0,00;0,00;0,00;0,00;2,00;0,00;(0,00);0,00;2,00;0,00;0,00(0,00);35;0,00;0,00;0,00;1,00;1,00;;29/09/2026;01/01/1900;VSN;S;2,00
3SOL404A639Q;PAINEL SOLARIS L5-20 SOBREPOSTO INTERNO 24V 16,9W/M 3000K SEM CONVERSOR FIX.VELCRO PERFIL ALUMINIO SOB MEDIDA (37277) METAL DESIGN - LARGURA 404MM ALTURA 639MM;0,0;0,00;0,00;0,00;0,00;2,00;0,00;(0,00);0,00;2,00;0,00;0,00(0,00);35;0,00;0,00;0,00;1,00;1,00;;29/09/2026;01/01/1900;VSN;S;2,00
3SOL470A1500Q;PAINEL SOLARIS L5-20 SOBREPOSTO INTERNO 24V 16,9W/M 3000K SEM CONVERSOR FIX.VELCRO PERFIL ALUMINIO SOB MEDIDA (37277) METAL DESIGN - LARGURA 470MM ALTURA 1500MM;0,0;0,00;0,00;0,00;0,00;4,00;0,00;(0,00);0,00;4,00;0,00;0,00(0,00);35;0,00;0,00;0,00;1,00;1,00;;28/09/2026;01/01/1900;VSN;S;4,00
3SOL594A1890Q;PAINEL SOLARIS L5-20 SOBREPOSTO INTERNO 24V 16,9W/M 3000K SEM CONVERSOR FIX.VELCRO PERFIL ALUMINIO SOB MEDIDA (37277) METAL DESIGN - LARGURA 594MM ALTURA 1890MM;0,0;0,00;0,00;0,00;0,00;2,00;0,00;(0,00);0,00;2,00;0,00;0,00(0,00);35;0,00;0,00;0,00;1,00;1,00;;29/09/2026;01/01/1900;VSN;S;2,00
3SOL911A1925Q;PAINEL SOLARIS L5-20 SOBREPOSTO INTERNO 24V 16,9W/M 3000K SEM CONVERSOR FIX.VELCRO PERFIL ALUMINIO SOB MEDIDA (37277) METAL DESIGN - LARGURA 911MM ALTURA 1925MM;0,0;0,00;0,00;0,00;0,00;0,00;0,00;(0,00);3,00;3,00;-3,00;0,00(0,00);35;0,00;0,00;0,00;1,00;1,00;;01/01/1900;01/01/1900;VSN;S;3,00
3SOL911A709Q;PAINEL SOLARIS L5-20 SOBREPOSTO INTERNO 24V 16,9W/M 3000K SEM CONVERSOR FIX.VELCRO PERFIL ALUMINIO SOB MEDIDA (37277) METAL DESIGN - LARGURA 911MM ALTURA 709MM;0,0;0,00;0,00;0,00;0,00;0,00;0,00;(0,00);3,00;3,00;-3,00;0,00(0,00);35;0,00;0,00;0,00;1,00;1,00;;01/01/1900;01/01/1900;VSN;S;3,00
3SOL961A2122Q;PAINEL SOLARIS L5-20 SOBREPOSTO INTERNO 24V 16,9W/M 3000K SEM CONVERSOR FIX.                                            VELCRO PERFIL ALUMINIO SOB MEDIDA (37277) METAL DESIGN - LARGURA 961MM ALTURA 2122MM;0,0;0,00;0,00;0,00;0,00;1,00;0,00;(0,00);0,00;1,00;0,00;0,00(0,00);35;0,00;0,00;0,00;1,00;1,00;;11/09/2026;;VSN;S;1,00
3SOL961A2312Q;PAINEL SOLARIS L5-20 SOBREPOSTO INTERNO 24V 16,9W/M 3000K SEM CONVERSOR FIX.VELCRO PERFIL ALUMINIO SOB MEDIDA (37277) METAL DESIGN - LARGURA 961MM ALTURA 2312MM;0,0;0,00;0,00;0,00;0,00;3,00;0,00;(0,00);0,00;3,00;0,00;0,00(0,00);35;0,00;0,00;0,00;1,00;1,00;;29/09/2026;01/01/1900;VSN;S;3,00
3SOL961A2382Q;PAINEL SOLARIS L5-20 SOBREPOSTO INTERNO 24V 16,9W/M 3000K SEM CONVERSOR FIX.VELCRO PERFIL ALUMINIO SOB MEDIDA (37277) METAL DESIGN - LARGURA 961MM ALTURA 2382MM;0,0;0,00;0,00;0,00;0,00;1,00;0,00;(0,00);0,00;1,00;0,00;0,00(0,00);35;0,00;0,00;0,00;1,00;1,00;;28/09/2026;01/01/1900;VSN;S;1,00
3CHVIDRCANELA4;VIDRO CANELADO LISO 4MM 2200X1900 CEBRACE;9,46;19,80;7,92;5,06;15,84;7,92;0,00;(0,00);18,70;23,81;-15,89;2,81(-2,25);21;45,88;363,38;0,36;18,70;1,00;FATURAMENTO MINIMO 800,00 -  PRAZO DE ENTREGA 25 DIAS;13/08/2026;24/09/2026;VPE;N;23,81
3CHVIDRMIBORE4;VIDRO MINIBOREAL 4MM 2200X1700 CEBRACE;0,0;0,00;0,00;0,00;8,18;11,88;0,00;(0,00);0,00;1,38;10,50;10,50(10,50);21;48,06;571,00;0,00;18,70;3,74;FATURAMENTO MINIMO 800,00 -  PRAZO DE ENTREGA 25 DIAS;01/10/2025;08/09/2026;VPE;N;1,38
3ESP00CHAPA;ESPELHO PRATA 3210 X 2400 X 4 MM;204,156;184,90;639,26;249,42;254,23;246,53;0,00;(56,00);269,64;156,95;89,57;359,21(109,79);20;71,17;17.544,17;11,93;269,64;7,70;;13/08/2026;29/09/2026;VPE;N;139,47
3ESPBRONRFT;VIDRO REFLETENTE BRONZE 3210 X 2400 X 4 MM (7,704 M2);15,408;107,86;45,26;23,11;53,93;100,15;0,00;(0,00);0,00;120,58;-20,43;-20,43(-43,54);21;62,44;6.253,69;1,96;115,56;7,70;;02/07/2026;24/09/2026;VPE;N;118,84
3ESPGRAFRFT;VIDRO REFLETENTE CINZA (GRAFITE) 3210 X 2400 X 4 MM (7,704 M2);4,494;15,41;30,82;0,00;7,70;38,52;0,00;(0,00);0,00;38,79;-0,27;-0,27(-0,27);21;69,48;2.676,41;0,51;38,52;7,70;;27/05/2026;10/09/2026;VPE;N;38,79
3ESPINCORFT;VIDRO REFLETENTE INCOLOR 3210 X 2400 X 4 MM (7,704 M2);23,112;23,11;23,11;7,70;7,70;30,82;0,00;(0,00);0,00;87,33;-56,51;-56,51(-64,22);20;71,60;2.206,43;0,60;38,52;7,70;;07/07/2026;01/09/2026;VPE;N;80,65
3ESPLIACCHAPA04;CRISTAL SATIM DECO - CHAPA 3210 X 2400 MM - 4 MM;0,0;0,00;15,41;0,00;7,70;38,52;0,00;(5,00);0,00;2,35;36,17;36,17(36,17);20;104,21;4.014,17;0,17;38,52;7,70;ITEM DE BAIXO CONSUMO;31/03/2026;10/09/2026;VPE;N;2,35
3ESPLICHAPA04;!VIDRO EXTRA CLEAR 4 MM - 3,21 X 2,55 (IMP) AGC;146,94;204,50;359,62;163,60;122,40;220,86;0,00;(0,00);0,00;60,33;160,53;160,53(-3,07);20;50,63;11.181,92;8,09;286,30;8,18;;15/09/2026;29/09/2026;VPE;N;56,06
3ESPLICHAPA06;VIDRO EXTRA CLEAR 6 MM - 3,21 X 2,55 (IMP) AGC;38,519999999999996;69,34;77,04;61,63;92,45;77,04;0,00;(0,00);0,00;22,11;54,93;54,93(-6,70);20;77,01;5.933,16;2,31;286,30;8,18;;02/07/2026;29/09/2026;VPE;N;8,49
3ESPLICHAPA10;VIDRO EXTRA CLEAR 10 MM - 3,21 X 2,55 (IMP) AGC;60,20399999999999;73,31;42,42;57,26;49,64;139,06;0,00;(0,00);0,00;42,73;96,33;96,33(39,07);20;127,30;17.701,78;1,92;114,52;8,18;;17/09/2026;29/09/2026;VPE;N;3,07
3ESPLICHAPA12;VIDRO EXTRA CLEAR 12 MM - 3,21 X 2,55 (IMP) AGC;8,18;8,18;8,18;8,18;16,36;16,36;0,00;(0,00);0,00;1,00;15,36;15,36(7,18);20;169,87;2.779,09;0,27;76,46;76,46;;28/01/2026;29/09/2026;VPE;N;1,00
3ESPREFBRO08;VIDRO REFLETENTE BRONZE 8MM;30,816;23,11;23,11;15,41;23,11;84,74;0,00;(0,00);0,00;7,53;77,21;77,21(61,81);20;117,81;9.983,35;0,68;38,52;8,18;;28/08/2026;24/09/2026;VPE;N;3,47
