Item;Familia;
3POL0003010;EPM;
3TDI0008020;EPM;
3OLEORUBNAT;FND;
3MET15X1508;FER;
3MET20X2008;FER;
3COUSOLETA3;REV;
3PAP0000160;EMB;
3FOR0MAD300;FOR;
3IMPTECHXANO;FND;
3EMB0000002;EMB;
3COUDCOU344;REV;
3CH0190AAMDPFL;MIN;
3CH060000CMPO;MIN;
3AVI0000007;AVI;
3CH018BP0031;MIN;
3COUACOU307;REV;
3MET30X2008;FER;
3COUACOU301;REV;
3CRDTANDE50;CRD;
3COUSOLETA7;REV;
3CH0190000MDPS;MIN;
3CH0190ACMDPFL;MIN;
3DBRTOPRETA;DBR;
3FIT048X100;EMB;
3OLEORUBFAV;FND;
3CH01900ACMDPS;MIN;
3CH018000MDF0;MIN;
3PAP0000130;EMB;
3CRDTANDE45;FEC;
3CH018BP0079;MIN;
3COUACOU306;REV;
3CH03000EUC0;MIN;
3POL14200HRS;EPM;
3EMB0000001;EMB;
3COL0000011;COL;
3POL0014041;EPM;
3POL0014470;EPM;
3LACA0DUNA;FND;
3KITATUAS03;ACE;
3PER000350E;AVI;
3MET0020X40;FER;
3COUDCOU345;REV;
3ISOPUR9006;EPM;
3TAPAQN58CZ;FEC;
3COUACOU355;REV;
3CAT000UL106;FND;
3COL0005600;COL;
3LIX334U220;ABR;
3MAN0001401;MAN;
3CH04000CMP0;MIN;
3CH020000HDFFL;MIN;
3LAN00NAT80;ACE;
3TEF0000118;REV;
3ESPLICHAPA04;VPE;
3COL0005010;COL;
3LACMAQUINO;FND;
3OLEORUBNEV;FND;
3DLU0004302;FND;
3DLU0004068;FND;
3ARM120X120;ARM;
3COUDCOU346;REV;
3CH020000CMPS;MIN;
3OLEORUBSIE;FND;
3EMB02870F0;EMB;
3LATRECL369;ACE;
3ESPLICHAPA10;VPE;
3KITATUAS02;ACE;
3CH09000MDF0;MIN;
3ARTCABCROM;ACE;
3CH01900ACMDPN;MIN;
3KITPCEZD2P;FEC;
3COUSOLETA8;REV;
3KITMECRECL00;ACE;
3CH025000MDF0;MIN;
3IMPTECHELP;FND;
3CH018BP0060;MIN;
3CH018BP0017;MIN;
3AVI0000009;AVI;
3FILMEBP220;EMB;
3ESP00CHAPA;VPE;
3CH018BP0066;MIN;
3CH018BP0070;MIN;
3DBRTOPCURV;DBR;
3TEC0F10071;REV;
3CH018000MDP1;MIN;
3CH018000MDP0;MIN;
3ARMANPO500CI;FEC;
3COUACOU314;REV;
3LACMASTEEL;FND;
3CH018BP0059;MIN;
3ZIP0000580;AVI;
3CH018BP0080;MIN;
3ESPLICHAPA06;VPE;
3PRIBCO6254;FND;
3LEDZP3000K24V;FEC;
3COL0095100;COL;
3CH06BP0031;MIN;
3PAP0000F03;EMB;
3CH01900AAMDPN;MIN;
3RODPG75050;FER;
3FERFQ003/16;FER;
3DBRBLCALCO;DBR;
3GAS00000AT;GAS;
3VDRACHAPA15;VPE;
3TEC0F11148;REV;
3FERFQ001/4;FER;
3COL0000003;COL;
3CH018BP0081;MIN;
3TEC0D22062;REV;
3COUDCOU350;REV;
3EMBPERPA60;EMB;
3MOLPK000024;ARM;
3CH040SUCMP0;MIN;
3CH018BP0072;MIN;
3FIT22PVC0031;LAM;
3CH020000CMPN;MIN;
3COUDCOU347;REV;
3PRF00DLB16;PRF;
3KITATUENC02;ACE;
3COL000TB50;COL;
3CONVGL0583;FND;
3CH018000MDF1;MIN;
3PER00RM119;FEC;
3PENLIBRAH1;FEC;
3TEC0F10094;REV;
3COUBCOU322;REV;
3KITATUENC01;ACE;
3LEDZP3000K5M;FEC;
3CRDTANDE40;FEC;
3FERFQ01/8;FER;
3CH0190000MDPN;MIN;
3MOPK120X120;ARM;
3CH018BP0046;MIN;
3TEC0H10081;REV;
3TEC0H10008;REV;
3SMARTVOZMD24V;FEC;
3CH012000MDP0;MIN;
3ARM00UNI79;ARM;
3COUACOU390;REV;
3SIL0000540;EPM;
3KITPCEZD3P;FEC;
3TEC0F10014;REV;
3CH018BP0069;MIN;
3CH06BP0017;MIN;
3LACMA0RUST;FND;
3COUBCOU369;REV;
3FOR0000198;FOR;
3ARA0000001;FER;
3COUDCOU349;REV;
3CH040000MDFFL;MIN;
3COUSOLETA4;REV;
3EMB0000002S;EMB;
3CH018BP0065;MIN;
3COUDCOU348;REV;
3CRDINV0D45;CRD;
3CRDINV0E45;CRD;
3CH025BP0031;MIN;
3CH018BP0074;MIN;
3LIX334U320;ABR;
3KITTIPOB40;FEC;
3EMB0001000;EMB;
3COL0000030;COL;
3KITLOTIPON;FEC;
3CH018BP0043;MIN;
3PER0003907;ACE;
3DIS0000040;FER;
3MAN0000005;MAN;
3DESPORTAMAD;FEC;
3LACAMCROMO;FND;
3RETARDA0PU;FND;
3MDRIVER24V72W;FEC;
3CH025BP0079;MIN;
3CH0250000MDPS;MIN;
3PRF0000058;PRF;
3ZIP00580WE;AVI;
3FIT22PVC0070;LAM;
3MDRIVE24V120W;FEC;
3FORLUZ0040;FOR;
3TEC0G10069;REV;
3ATAHFSERVODR;FEC;
3CH06BP0079;MIN;
3CH018BP0077;MIN;
3LAN00NOG80;ACE;
3PER617DJ3000F;FEC;
3FIT22PVC0017;LAM;
3COUBCOU326;REV;
3FIT22PVC0060;LAM;
3COUACOU379;REV;
3TINTAPRETL;FND;
3MOL0000071;ARM;
3ESPBRONRFT;VPE;
3LHO0080012S;ABR;
3VRNFOSCOF5;FND;
3OLEORUBAMB;FND;
3TEC0G10097;REV;
3LAN00NAT16F;ACE;
3FIT96PVC0079;LAM;
3CONCFIBVIES;ACE;
3COUSOLETA6;REV;
3COUACOU304;REV;
3LACLKR90KH;FND;
3PEL0CINZES;EMB;
3LEDZP3000K7M;FEC;
3COUDCOU351;REV;
3CH018BP0073;MIN;
3MDRIVER24V36W;FEC;
3COUACOU309;REV;
3CH018BP0064;MIN;
3MAN0000020;MAN;
3TEC0G10025;REV;
3CAT0006975;FND;
3FER0000012;FER;
3TUBOPO40X8;EMB;
3TEC0F11147;REV;
3SUPHOOKIT;ABR;
3MDRIVER24V48W;FEC;
3PERALUMINOORP;FEC;
3CRDTANDE35;FEC;
3PUX1003FOSC;FEC;
3LACFOQUINOA;FND;
3CH04000MDF0;MIN;
3EMBCANTPAR;EMB;
3CLR0001593;EPM;
3DBR000PIV2;FEC;
3GRP0005010;PRF;
3COL0TB2525;COL;
3PERTHIN01ALU;FEC;
3FIT22PVC0066;LAM;
3CH018BP0044;MIN;
3DBR000PIV3;FEC;
3LACAMVULCA;FND;
3CH0250AAMDPFL;MIN;
3MET0020X20;FER;
3ETI080X100;ETI;
3CATCV020;FND;
3FIT29000FL;LAM;
3LIMPCLE1868;FND;
3KITATUENC03;ACE;
3LEDZP3000K3M;FEC;
3TEC0G11167;REV;
3ARM00UNI59;ARM;
3COUACOU384;REV;
3FIT22000FL;LAM;
3EST0002810;EPM;
3LIX0411G500;ABR;
3ESQUADRETA;ACE;
3FNDACR7690;FND;
3COL0000GEL;COL;
3PASTAPUBCO;FND;
3CONCHAFIBRAV2;ACE;
3COL0000610;COL;
3TEC0H11141;REV;
3SMARTSETOFLUX;FEC;
3FERFQ003/16I;FER;
3FIT22PVC0079;LAM;
3BAWFDI6554GL;FND;
3MET15X1518;FER;
3DOB0000450B;DBR;
3FIT22PVC0043;LAM;
3TEC0E22133;REV;
3COUACOU371;REV;
3CH040000CMPS;MIN;
3CH06BP0070;MIN;
3LAN00NAT50;ACE;
3FELTECO194;FOR;
3TEC0G10003;REV;
3CRDINV0D40;CRD;
3CRDINV0E40;CRD;
3CH018BP0058;MIN;
3LHO0080012;ABR;
3TEC0F10010;REV;
3FIT29000S;LAM;
3FIT22PVC0080;LAM;
3SUP0VB3519;ACE;
3CAT0005202;FND;
3TEC0H10091;REV;
3FIT0005050;EMB;
3LACMAHENNA;FND;
3TMPSC0003D;FOR;
3COUACOU378;REV;
3TEC0G10045;REV;
3TEC0D22044;REV;
3RODPG75120;FER;
3CENTTOUCH02;ACE;
3CH00900AAMDFS;MIN;
3MET50X3020;FER;
3FIT22PVC0081;LAM;
3FIT22000S;LAM;
3ACABPUBCO1;FND;
3LAN00NOG50;ACE;
3SIL0002370;EPM;
3BAWFDB6554GL;FND;
3SUPOC25TENTI8;ACE;
3CH018BP0068;MIN;
3CAT0001263;FND;
3FIT96PVC0059;LAM;
3KITATUSC02;ACE;
3MAN0000006;MAN;
3ARORBI4IN38;FEC;
3EIXOCOLU15;ACE;
3CH015BP0017;MIN;
3TEC0E10138;REV;
3CH06000MDF1;MIN;
3DIS000INO4;FER;
3TEC0E22200;REV;
3PERM281CVBAAN;FEC;
3ARORBI3IN28;FEC;
3TEC0E10020;REV;
3CH0250ACMDPFL;MIN;
3TEC0D22009;REV;
3CH018BP0057;MIN;
3CH06BP0060;MIN;
3CH025000MDF1;MIN;
3BAR010Q3/8;FER;
3HDALO00001;EPM;
3BAR005/8AL;FER;
3FIT22PVC0001;LAM;
3KITRO82STA;ACE;
3CH020000CMPI;MIN;
3TEC0G11152;REV;
3FIT22PVC0064;LAM;
3FER00005/8;FER;
3FEC000PIV1;FEC;
3GRP0005007;PRF;
3CRDENGAESQ;CRD;
3CRDENGADIR;CRD;
3TEC0F11256;REV;
3CH06BP0066;MIN;
3LIX334U120;ABR;
3CRDTIPOB35;FEC;
3TPLULATMD450C;FEC;
3TPLULATME450C;FEC;
3TEC0G10070;REV;
3PENIVEH60OPES;ACE;
3MOL0000010;ARM;
3CXSLIMGRAND;FEC;
3ATAHKXS1000NB;FEC;
3TEC0C11267;REV;
3CRDTIPOB45;FEC;
3SUPUBLOCKP323;ACE;
3PER0003895;ACE;
3REBROSCA06;PRF;
3FIT22PVC0072;LAM;
3KITATUAAER03;ACE;
3AMI0809806;EPM;
3FER0000006;FER;
3LBOXGVPUO106M;FEC;
3CABOMDRIVER2M;FEC;
3CH018BP0036;MIN;
3SMARTCONT1CNE;FEC;
3ZIP0000573;AVI;
3FER0000001;FER;
3PRIMERSPRAY;COL;
3ESPGRAFRFT;VPE;
3PAP0008829;EMB;
3AVHKTOP27BLMT;FEC;
3TEC0A11178;REV;
3CAT00ABRAS;FND;
3LAM0004TAU;LAM;
3ARDELTABASC;FEC;
3DIST8VMDRI24V;FEC;
3CH02500ACMDPS;MIN;
3RPE100INPEREZ;FEC;
3PEZ4P00086;PEZ;
3TEC0F22060;REV;
3PEZDESL019;ACE;
3FIT22PVC0069;LAM;
3PONPERFMNOORP;FEC;
3SMARTSEIVFLUX;FEC;
3MET30X3012F;FER;
3FIT192PVC0001;LAM;
3ARTRECLAER;ACE;
3POL2014041;EPM;
3TEC0D22089;REV;
3TEC0F10075;REV;
3FIT22PVC0065;LAM;
3KITRO8201P;ACE;
3CH06BP0081;MIN;
3FER00001/2;FER;
3CH025BP0060;MIN;
3CH025BP0066;MIN;
3RATTANAT4MM;ACE;
3PER0PUX2069;ACE;
3TEC0D22022;REV;
3CH06BP0059;MIN;
3FER0RED3/8;FER;
3PAP0000040;EMB;
3LAM00000FL;LAM;
3FEC000P800;FEC;
3FIOCORTESP84;ACE;
3DBRAMT20PT;DBR;
3CH025BP0081;MIN;
3ATAHKXS1800NB;FEC;
3TPLUTRI45B50E;FEC;
3TPLUTRI45B50D;FEC;
3TUBOPVC300;ACE;
3TUBOB30X16;FER;
3TEC0E10168;REV;
3TUB00007/8;FER;
3FIT53PVC0017;LAM;
3BAR00011/4;FER;
3TEC0H10101;REV;
3TRICORM003;ACE;
3DBR00RET107;DBR;
3LBOXGVPUO260F;FEC;
3VDR0CHAPA10;VPE;
3FIT22PVC0059;LAM;
3SDRIVMECANIS;FEC;
3FIT22PVC0046;LAM;
3KITSOB13024;ACE;
3CH06BP0080;MIN;
3PRF0000014;PRF;
3TES0002708;PRF;
3FONTETOUCH;ACE;
3LACFOCARBONO;FND;
3PEZ0005399;PEZ;
3SMARTINTTE24V;FEC;
3CH025BP0080;MIN;
3CRDTANDE27;FEC;
3EMB0002650;EMB;
3SMARTCABCON3M;FEC;
3FIT22000NG;LAM;
3DIS0000034;FER;
3TEC0F10002;REV;
3COUACOU385;REV;
3FER0RED7/8;FER;
3ISOLTRAN619;FND;
3FIT75000FL;LAM;
3ARHFDOBR4;FEC;
3COL0000010;COL;
3CH025BP0017;MIN;
3TPLUTRI45B30D;FEC;
3TPLUTRI45B30E;FEC;
3COUACOU374;REV;
3ATAHF2500CZ;FEC;
3ARDVTRTP120CA;FEC;
3FIT0002550;EMB;
3TUB003/4AL;FER;
3CH06BP0072;MIN;
2EIXOCADAIORD;FER;
3TUB03000CO;FER;
3BOC0000008;ACE;
3TEC0D22235;REV;
3CH06BP0057;MIN;
3AVHKTOP25BLMT;FEC;
3LAPEDRAFLEX;FEC;
3TEC0G11242;REV;
3KITATUAS04;ACE;
3KITATUSC03;ACE;
3CANT0020X62;EMB;
3ARTUFLAT76CI;FEC;
3DILU004300;FND;
3CAPADOBRETA;FEC;
3ATU21/85TCH;ACE;
3TRSUP4EZD6M;FEC;
3SUPFIX0BRA;ACE;
3KITATUABAU02;ACE;
3SUPKUBCORP;ACE;
3CH018BP0009;MIN;
3TEC0D22083;REV;
3CRDTANDE30;FEC;
3PRF0000020;PRF;
3TEC0D22196;REV;
3TECAT00W67;REV;
3CH015BP0080;MIN;
3CH018BP0076;MIN;
3CH025BP0069;MIN;
3AVHKTOP27TPON;FEC;
3FIT22PVC0074;LAM;
3CAPACANEDOBL;FEC;
3PFIO60INOXHAF;FEC;
3CH025BP0070;MIN;
3PER00RM171;FEC;
3FIT75000N;LAM;
3FIT4312VHB;ABR;
3ATAHFSERVF72W;FEC;
3ARDIVLONGTPCZ;FEC;
3SUPTHIN90G;FEC;
3TING00EBAN;FND;
3CH06BP0046;MIN;
3CH040000CMPN;MIN;
3LACMACACAU;FND;
3COR0000003;AVI;
3EMB0000005;EMB;
3LAM00000NG;LAM;
3MOL0000545;ARM;
3CH025BP0046;MIN;
3TUB1X2ALUM;FER;
3KITATUAAER01;ACE;
3ETIQ100X80;ETI;
3CH025000MDP1;MIN;
3FER0000003;FER;
3TEC0G10158;REV;
3FIT96PVC0070;LAM;
3TRINF4EZD6M;FEC;
3SMARTDIST10VI;FEC;
3CH0ACR2000;ACE;
3FIT22PVC0073;LAM;
3BUCTOGGLER;ACE;
3FIT53000FL;LAM;
3SIL00000BR;ABR;
3BAWFDT6554GL;FND;
3CRDINV0D35;CRD;
3TEC0H10087;REV;
3CRDINV0E35;CRD;
3COUBCOU364;REV;
3CH02500ACMDPN;MIN;
3TEC0D11261;REV;
3CH025BP0044;MIN;
3CH025BP0065;MIN;
3PRF0000035;PRF;
3CH02500AAMDPN;MIN;
3TEC0A11215;REV;
3FIT22PVC0044;LAM;
3RODPUMIPPASS;RDZ;
3TPLUTRI50B50E;FEC;
3TPLUTRI50B50D;FEC;
3ATAHKXS0800TO;FEC;
3TEC0F10689;REV;
3CORGD3V1400;ACE;
3DBRCAFALPEMBB;DBR;
3BAR158X1/4;FER;
3PRF0000076;PRF;
3TEC0G10096;REV;
3CORRAM6MM;FIB;
3LSI0120720;ABR;
3ARBSSTP42CA;FEC;
3FERRO001/4;FER;
3PRF0000005;PRF;
3FIT96PVC0077;LAM;
3TEC0F10243;REV;
3FIT22PVC0057;LAM;
3ARCLPIA165CI;FEC;
3CH025BP0059;MIN;
3CH018BP0071;MIN;
3TEC0D11229;REV;
3PENLIBRAH1SUP;FEC;
3CH06BP0044;MIN;
3COUACOU376;REV;
3SUPOC50TENTI9;ACE;
3KITSI20COMA1P;FEC;
3COUACOU387;REV;
3FNDWASHPRI;FND;
3CH025BP0072;MIN;
3EMBPT1802L;FND;
3PRF0000084;PRF;
3KITATUAS01;ACE;
3TEC0D22087;REV;
3A9ESCBB2PT;FEC;
3CH025BP0043;MIN;
3CORRAM9MM;FIB;
3BAT0000010;ACE;
3SER0000002;PRF;
3ADIPUR30020;EPM;
3COL0002525;COL;
3DBR155CTBTOSM;DBR;
3LACA0LATAO;FND;
3TEC0H10788;REV;
3FLA0003M01;ABR;
3TEC0H10046;REV;
3BUC0000006;ACE;
3CH06BP0043;MIN;
3SMARTCABLIGD;FEC;
3TEC0E10060;REV;
3GDVEFORNO600;FEC;
3CRTKITTIPON30;FEC;
3GIRFLANGE16;GIR;
3ATAHF2200CZ;FEC;
3DTLIN800414PR;FEC;
3DBR155CTBTOTA;FEC;
3POL2014610A;EPM;
3FERCANT1/8;FER;
3PONTMTFC3/4;PEZ;
3MAN0001402;MAN;
3FER02X1/4;FER;
3CANTPERCAVLED;FEC;
3ROL0006204;ACE;
3FRASCOBL30;FND;
3SUP000MIRK;ABR;
3FIT75000S;LAM;
3TEC0H10110;REV;
3ATHFBRACOH3;FEC;
3KITFONT03M;ACE;
3CH018BP0078;MIN;
3TEC0E22111;REV;
3PRFFIX45X50;PRF;
3PEZ0000046;ACE;
3LIXCEZC12MA;ABR;
3RDZPFIXTPE;RDZ;
3CH06BP0069;MIN;
3MDRIVER24V90W;FEC;
3PRF0000065;PRF;
3COL0000002;COL;
3DOB0000450;DBR;
3FIT19PVC0017;LAM;
3PERDIFBRNOOR;FEC;
3SER0000003;PRF;
3TUB005/8AL;FER;
3TEC0E22236;REV;
3LNH0000001;LNH;
3PERALUMIKENDO;FEC;
3MET3020X18;FER;
3FEC000DIGSLH;FEC;
3TEFFORMOVE;REV;
3TEC0H10789;REV;
3PRF000SX63;PRF;
3FER001X1/4;FER;
3FERRLI5/16;FER;
3CRDTIPOB40;FEC;
3LAN00PRE80;ACE;
3FER3/43/16;FER;
3CH018BP0008;MIN;
3KITCONTRLED;ACE;
3TPLULATMD500C;FEC;
3TPLULATME500C;FEC;
3LIXCEZC50MA;ABR;
3CH06BP0058;MIN;
3PERDF001CVLTS;FEC;
3ARLXSEP5649CZ;FEC;
3GIZCERACOU;ACE;
3ARA0000002;FER;
3CH06BP0077;MIN;
3PIN00025MM;PRF;
3TEC0G22036;REV;
3CH06BP0073;MIN;
3LAN00PRE50;ACE;
3ARFGVE108CA;FEC;
3DOBRINV32FOEC;FEC;
3RPE150INPEREZ;FEC;
3CHAPALT1/8;FER;
3TECAT00X25;REV;
3GRP000004E;PRF;
3TRLAN600X400;MAN;
3FER0000058;FER;
3TINTA0QUINOA;FND;
3FER0000004;FER;
3ARBSSTP47CA;FEC;
3POL14488HRA;EPM;
3EMB000TUB2M;EMB;
3BIT00001/4;PRF;
3CH00900AAMDFN;MIN;
3CH06BP0065;MIN;
3LNH0000005;LNH;
3TEC0H10150;REV;
3CH06BP0064;MIN;
3FIOCORTESP86;ACE;
3GRP0001638;PRF;
3DESMPOC2625EC;FEC;
3TECBAGUN01;REV;
3TRPLU600X400;MAN;
3TUB05/8X16;FER;
3TEC0H10029;REV;
3ARMU107X79;ARM;
3TEC0G10007;REV;
3KIT00TIPON;ACE;
3ESPINCORFT;VPE;
3PRF0000121;PRF;
3ZIP00451WE;AVI;
3COUDCOU343;REV;
3MDRIVER24V18W;FEC;
3TAPFUR0031;LAM;
3FIT29000NG;LAM;
3PEZBATPLASTR2;PEZ;
3SUPTHINPADR;FEC;
3TEC0E22114;REV;
3TEC0E22008;REV;
3ARCLPIA165CIE;FEC;
3AVHKTCAPACINZ;FEC;
3MASYL01424;FND;
3TEC0F10056;REV;
3EMB0000003;EMB;
3PERCRDS6501;ACE;
3LIX0AMA115;ABR;
3PRF00DLB19;PRF;
3CORCRAM22MM;FIB;
3TING00T900;FND;
3FERVERG012;FER;
3VASOCEREST;ACE;
3ARORBI1IN10;FEC;
3IMA0000NEOD;ACE;
3CH025BP0064;MIN;
3FER01X3/16;FER;
3BAR2X1/4AL;FER;
3GRP0005013;PRF;
3LACAMCINTI;FND;
3TINTA0BEGE;FND;
3TONRIBBON1;ETI;
3LNH0060237;LNH;
3CH06BP0074;MIN;
3CH015BP0056;MIN;
3CHAP0000PF;FER;
3TEC0H10122;REV;
3SMARTCABEXT3M;FEC;
3ARSUDVTRTPCZ;FEC;
3EMB0000006;EMB;
3FER30X25FE;FER;
3ESP00CHAPB;VPE;
3COL0000005;COL;
3TEC0G11260;REV;
3COUACOU305;REV;
3ANEL000001;ACE;
3GALAO3,6LT;FND;
3ARLXINOXPO320;FEC;
3LBOXDTAL300MO;FEC;
3TEC0G22045;REV;
3MOLPK78X085;ARM;
3OLEORUBKER;FND;
3RATTANOG4MM;ACE;
3GAS00000AR;GAS;
3TPLUTRI40B30D;FEC;
3TPLUTRI40B30E;FEC;
3COR0000281;AVI;
3PER00RM172;FEC;
3APLFITA002;ABR;
3FIT53PVC0031;LAM;
3CH018BP0054;MIN;
3BARAL1X1/4;FER;
3DBR000PIV1;DBR;
3TEC0G10179;REV;
3TEC0F10244;REV;
3PRF0000052;PRF;
3TEC0H22021;REV;
3ARPLIX400CI;FEC;
3ATU41/28TCH;ACE;
3FIT96PVC0066;LAM;
3CORARE6MM;FIB;
3TEC0H10790;REV;
3PRF0000070;PRF;
3TEC0E22092;REV;
3TECAT00Y108;REV;
3SUPOBC10110;ACE;
3KITFONTINT;ACE;
3FIT96PVC0064;LAM;
3PRF00DLB35;PRF;
3PRF0000025;PRF;
3RPE100PEREGEZ;FEC;
3CH025BP0074;MIN;
3BLOCOTRIP;ACE;
3TEC0F22014;REV;
3PENLIBRAH1CCZ;FEC;
3COUACOU359;REV;
3PEZ0005300;ACE;
3ATAHKXS1200TO;FEC;
3ATHFBRACOH2;FEC;
3CHVIDRCANELA4;VPE;
3DTLIN700414PR;FEC;
3DTLIN600414PR;FEC;
3TEC0G10037;REV;
3TEC0E22034;REV;
3COUACOU377;REV;
3TEC0E22115;REV;
3ADICOAGULA;FND;
3FIT53PVC0079;LAM;
3CRTTIPON45T;CRD;
3DBRINV26MM;DBR;
3LIMABDBRBLUM;FEC;
3TEC0A11235;REV;
3FIT22PVC0008;LAM;
3FIT22PVC0077;LAM;
3RPE100INVAREZ;FEC;
3TEC0F11218;REV;
3TPLUTRI45TO30;FEC;
3ARLXSOLOARTCH;FEC;
3FOR087X095;FOR;
3CAV0020830;ACE;
3FIT35PVC0029;LAM;
3BUMI10X11M6;ACE;
3TEC0F10752;REV;
3FIT22PVC0009;LAM;
3BUCNYLON00;ACE;
3TEC0D11196;REV;
3LIX153MPOL;ABR;
3TUBOLT1X1/2;FER;
3PONT000001;ACE;
3FIT22PVC0068;LAM;
3PUX0303FOSC;FEC;
3TECAT00X24;REV;
3PERAREZ6000F;PUX;
3FER3/4X1/8;FER;
3EMB0000130;EMB;
3PIN0000415;PRF;
3ATAHF2800CZ;FEC;
3LSI0080720;ABR;
3SDRIVPIERCING;FEC;
3TECAT00W60;REV;
3ANTIRESP01;FER;
3ATU63/50TCH;ACE;
3PERDIFBRKENDO;FEC;
3BUC0000003;PRF;
3LUDOBBAS400Q;FEC;
3BAT0IN19MM;ACE;
3FIT29PVC0031;LAM;
3TPLULATME400C;FEC;
3PASTPUAMA2;FND;
3CHICLGTOUCH;ACE;
3TPLULATMD400C;FEC;
3ACFLEXSIFAN15;FEC;
3TAMBMNIFIX;ACE;
3CHIALIMTOUC;ACE;
3TEC0E22192;REV;
3LAM0000011;ACE;
3SERFITAEST0;ACE;
3PRF00DLB25;PRF;
3TEC0F10772;REV;
3TEC0F22099;REV;
3TEC0G10611;REV;
3FOR099X064;FOR;
3TINTA0HENNA;FND;
3KITATU5845;ACE;
3FOR000ANTI;FOR;
3POL0014610B;EPM;
3TEC0C11265;REV;
3FIT53PVC0060;LAM;
3FIT53PVC0070;LAM;
3BARREDO1/2;FER;
3PASTAPULIM;FND;
3FOR065X095;FOR;
3BARAL1/2X1/2;FER;
3PAST290088;FND;
3TEC0H10801;REV;
3DTLIN500414PR;FEC;
3TEC0H10176;REV;
3CH025BP0057;MIN;
3CAPADOBCURV;FEC;
3CH025BP0058;MIN;
3ADIPUR20089;EPM;
3LNH0000165;LNH;
3COUACOU389;REV;
3CH025BP0073;MIN;
3PON000PE119;FEC;
3A8ESCBBPT;FEC;
3BAMEAB40;ACE;
3SUP000AEREO;ACE;
3TEC0G10640;REV;
3TEC0F10127;REV;
3ATHFCAPACINZ;FEC;
3ARCFPVCBLUM;FEC;
3COUACOU360;REV;
3FIT96PVC0044;LAM;
3PRF14X2RTZ;PRF;
3TEC0H10033;REV;
3CORPRT6MM;FIB;
3EMB0000VDR;EMB;
3FIT96PVC0058;LAM;
3TUBOPVC250;ACE;
3TEC0D22025;REV;
3TRE0000001;PRF;
3TEC0E22234;REV;
3BOTAOTOUCH;ACE;
3FOL0000007;ETI;
3TEC0E22183;REV;
3LBOXMOL200MO;FEC;
3TPLUSFIXAFRO;FEC;
3ARCPALUBLUM;FEC;
3FILETINEXV12;FEC;
3FIT53000S;LAM;
3PUXMAGNU224DO;FEC;
3TEC0G10638;REV;
3ARMSRUNI79;ARM;
3CH015BP0031;MIN;
3MET50X50X2;FER;
3QUE0000001;FND;
3FEC000SEMC;FEC;
3ATU49X35TCH;ACE;
3TPLUSSTRASDCD;FEC;
3ESTICADOR5/8;PRF;
3TPLUSSTRASDCE;FEC;
3ARMU107X59;ARM;
3CENTTOUCH2E;ACE;
3TEC0C10775;REV;
3TEC0E22173;REV;
3KITMECRECLBA;ACE;
3FIT29PVC0081;LAM;
3PRF0000030;PRF;
3FIT29PVC0060;LAM;
3FIT22PVC0058;LAM;
3POL14488HRB;EPM;
3FIT96PVC0031;LAM;
3TEC0D11193;REV;
3TEC0G10125;REV;
3TEC0C11223;REV;
3TPLUTIPOBLUL3;FEC;
3LIX0001151;ABR;
3TEC0E22207;REV;
3TEC0E22150;REV;
3ATAHFSERVF12W;FEC;
3PRF0000064;PRF;
3COUACOU388;REV;
3DTLIN900414PR;FEC;
3TEC0G10068;REV;
3MFRANZENAL;FEC;
3EMB0009X14;EMB;
3BAWFDB6554QT;FND;
3TEC0C11194;REV;
3SUP0000012;ACE;
3SUPFIXLT8003;ACE;
3CH06BP0009;MIN;
3TEC0H10694;REV;
3GIRDISCO15;GIR;
3TEC0D11173;REV;
3PRFMACHO1/4;PRF;
3CENTTOUCH01;ACE;
3PRF00DTB25;PRF;
3TECAT00X26;REV;
3TEC0E22020;REV;
3CORCPTA10MM;FIB;
3TPLUTRI50TO30;FEC;
3TEC0F22054;REV;
3TEC0F22203;REV;
3FER0000005;FER;
3DBR155CTBPARC;FEC;
3KITATUAAER02;ACE;
3CH06BP0076;MIN;
3HASDUVB19N;ACE;
3TEC0D11198;REV;
3LBOXFRONTALM;FEC;
3ARPEFLAT463CI;FEC;
3CABOVDS2110;ACE;
3CRDTIPOB50;FEC;
3TEC0E22127;REV;
3LAM0004000;LAM;
3TEC0G10764;REV;
3PER00TS2025;ACE;
3FIT4312VHB3M;ABR;
3FIT0VRD525;EMB;
3TEC0D22098;REV;
3DBR0000325;DBR;
3KITTIPOB20;FEC;
3TUB3/8ALUM;FER;
3RIB0110X75;ETI;
3LSI0050720;ABR;
3FIT29PVC0069;LAM;
3AVI0000011;AVI;
3TECAT0AX71;REV;
3PRF003/8X3;PRF;
3LSI0120250;ABR;
3FIT29PVC0079;LAM;
3BAWFDI6554QT;FND;
3TEC0D11175;REV;
3AVENTFIXFRONT;FEC;
3CORPRT9MM;FIB;
3PRF00RD516;PRF;
3CAPACANEDOSA;FEC;
3FER0000020;FER;
3CORCPRT22MM;FIB;
3PRF0000015;PRF;
3FEC0000002;FEC;
3PRF000052L;PRF;
3ARPPRATOBLUM;FEC;
3TEC0D10397;REV;
3BAR11/2X1/2F;FER;
3PONAREZF;PUX;
3ARMSRUNI59;ARM;
3BAWFOB6861QT;FND;
3FIT45000S;LAM;
3TEC0H22130;REV;
3TUB00011/4;FER;
3VASOVDR12;ACE;
3FOR0000030;FOR;
3PRF0000002;PRF;
3TEC0F22137;REV;
3FIT75PVC0029;LAM;
3CH025BP0076;MIN;
3PRF0000004;PRF;
3TIPENGAESQ;FEC;
3CH025BP0077;MIN;
3TIPENGADIR;FEC;
3FER0000007;FER;
3SDRIVCABDISTR;FEC;
3CH06BP0071;MIN;
3TEC0E22187;REV;
3FIT45000FL;LAM;
3FIT29PVC0046;LAM;
3PRFMACHO3/16;PRF;
3TEC0H10191;REV;
3CRTTIPON35T;CRD;
3FIT22000J;LAM;
3TAPFUR0017;LAM;
3PUXSTRTPCZ;FEC;
3COL0CONTBIQ;COL;
3COL0000033;COL;
3PERFLYLIGHTBR;FEC;
3FIT53PVC0069;LAM;
3FOL0000009;ETI;
3RPE150PEREGEZ;FEC;
3TUB0000118;FER;
3PEZBA15X15;ACE;
3TUBK004AL;FER;
3SAC060X100;EMB;
3CORAZM6MM;FIB;
3SUP0DS16602;ACE;
3FIT2245PVC0079;LAM;
3PASTPUBR01;FND;
3PPRATO12MAD;FEC;
3CHAVMAG27001;PUX;
3LHO775L320G;ABR;
3TEC0D22003;REV;
3PAP0000060;EMB;
3VARSOLDA01;FER;
3ARHFDOBR2;FEC;
3ZIP0573WIE;AVI;
3A102ESCBB;FEC;
3TEC0F22070;REV;
3PERENCDP28;ACE;
3PRFTRAVA64;PRF;
3FER0000042;FER;
3CORARE9MM;FIB;
3SUPDS15001D;ACE;
3CXAKITFERR;EMB;
3MAS0076402;FND;
3TEC0D11234;REV;
3AVI0000001;AVI;
3TINTAPRETAFOS;FND;
3ARBSSTP37CA;FEC;
3FIT53PVC0081;LAM;
3PRF0000041;PRF;
3TEC0H10065;REV;
3FER0000010;FER;
3EMB0000120;EMB;
3DTLIN400414PR;FEC;
3BUC00007/8;ACE;
3HASTSINCRTAND;FEC;
3PRF0000066;PRF;
3CORCNZ6MM;FIB;
3CARREGUSB3;ACE;
3LAM0000006;ACE;
3FIT53PVC0080;LAM;
3LHO0040012;ABR;
3FIT29PVC0066;LAM;
3TEC0D11171;REV;
3BARRDLT1/2;FER;
3ZIP0000100;AVI;
3CORPTA9MM;FIB;
3PASTPUAMA3;FND;
3TAPFUR0079;LAM;
3CHLDB383ST;LAM;
3COWP083900QT;FND;
3FASTFIX22;EMB;
3PIN00000M25;PRF;
3FIT22PVC0076;LAM;
3PEZREGCANEO;PEZ;
3FECHMAG27000;PUX;
3TEC0E22124;REV;
3COWP873900QT;FND;
3DTLIN1000414PR;FEC;
3CXMANTMAD;FEC;
3SUPVBDU648;PRF;
3FIT96PVC0078;LAM;
3PRF0000018;PRF;
3TEC0C11230;REV;
3PASTPUVDE1;FND;
3DBRCALRTD3EX;FEC;
3ZIP0573CH3;AVI;
3CRTTIPON30T;CRD;
3LNH0024000;LNH;
3TEC0C11270;REV;
3SUPKUBPRAT;ACE;
3FIT22PVC0071;LAM;
3ARPVASL310CI;FEC;
3CH025BP0009;MIN;
3COLFIXTUDO;COL;
3TRISI20HANODS;FEC;
3TEC0E22064;REV;
3FIT2245PVC0017;LAM;
3LSI0050162;ABR;
3TEC0E22181;REV;
3TEC0H22033;REV;
3SUPDS15001E;ACE;
3TUB001X1/2;FER;
3PIST0F1200N;ACE;
3BAWFDT6554QT;FND;
3LWE0000036;ABR;
3FOR0P00060;FOR;
3LEDZP4000K3M;FEC;
3CRDTIPOB30;FEC;
3ARPCPIA160CI;FEC;
3SER1X812DL;ACE;
3LIMCOPOTIN;FND;
3BARAL1X1/8;FER;
3PPIPTEMMAD200;FEC;
3TEC0D11224;REV;
3FIT15000FL;LAM;
3PIN0000030;PRF;
3LBOXMOL218FO;FEC;
3FIT96PVC0073;LAM;
3PASTPUVRM3;FND;
3TEC0C22197;REV;
3CH025BP0071;MIN;
3TPLUSCAPALDI;FEC;
3TPLUSCAPALES;FEC;
3TEC0F22042;REV;
3FIT9645PVC0077;LAM;
3PASTAPUAZU;FND;
3CH0250000MDPN;MIN;
3MLI0000005;ACE;
3APO00000PU;ACE;
3TEC0G10796;REV;
3VASOVDR18;ACE;
3FIT53PVC0057;LAM;
3GRP0000CL3;PRF;
3PUXUDINE98VM;FEC;
3RPE150INVAREZ;FEC;
3DBRSANFO45;DBR;
3PRF0000028;PRF;
3RPE100INTEREZ;FEC;
3CH025BP0068;MIN;
3COUACOU386;REV;
3EMBALAGM14;FND;
3REMOVE00GE;FND;
3TEC0H22007;REV;
3PEL003MLEI;EMB;
3TUB011/4AL;FER;
3TEC0H22189;REV;
3TEC0F22179;REV;
3PRIMERDFACEW;FND;
3ROD000SCMA;FER;
3PRF0000053;PRF;
3PRF00DTB40;PRF;
3MOLPK55X085;ARM;
3TEC0H10236;REV;
3LNH0601535;LNH;
3PRF00001/4;PRF;
3SAC110X150;EMB;
3LEDZP3000K9M;FEC;
3PUX0005028;PUX;
3SIL0000985;ABR;
3FERRLT3/16;FER;
3CORCNZ9MM;FIB;
3RTAMPAMAD175;FEC;
3CORVEM6MM;FIB;
3DBRCAFALPEMSM;FEC;
3CORMCAZU06MM;FIB;
3AVHKTOP23BLMT;FEC;
3ARCLPIA265CIE;FEC;
3TEC0H22075;REV;
3TEC0G22157;REV;
3TEC0D11246;REV;
3TEC0F22188;REV;
3EMB0001430;EMB;
3CH0POLICARB;ACE;
3TEC0F10103;REV;
3TEC0G10613;REV;
3PRF0000027;PRF;
3TEC0D22219;REV;
3CRN0002000;EPM;
3ARAALUM001;FER;
3SIL0109040;ABR;
3TPLUTRI50B30E;FEC;
3TPLUTRI50B30D;FEC;
3TEC0H22079;REV;
3LAM0000001;ACE;
3FIT9645PVC0060;LAM;
3TEC0F22135;REV;
3PRF0000022;PRF;
3TEC0D22213;REV;
3ZIP1000504;AVI;
3CH025BP0078;MIN;
3AVHKTOP29BLMT;FEC;
3FIT000003M;ABR;
3TEC0H22139;REV;
3BAR5/8X1/8;FER;
3RDZFUMEC/F;RDZ;
3COWP073900QT;FND;
3PUX0703FOSC;FEC;
3CORMCPTC09MM;FIB;
3LAN00NOG14F;ACE;
3LNH0021000;LNH;
3COR0000PRT;AVI;
3PASTAPUPTO;FND;
3TEC0F10757;REV;
3ATAHFSERVAMOR;FEC;
3TEC0F22005;REV;
3TEC0G10652;REV;
3MAN0000030;MAN;
3FIT0004850;EMB;
3FIT29PVC0070;LAM;
3TEC0H10193;REV;
3TEC0F22145;REV;
3TRIPASS00U;ACE;
3BAWFRB6188QT;FND;
3COWP013900QT;FND;
3LBOXFIXCAPGIM;FEC;
3MAS0000162;FER;
3TEC0G22126;REV;
3TEC0G10018;REV;
3TEC0D22208;REV;
3TEC0D22218;REV;
3TPLUSSTRAMCD;FEC;
3TPLUSSTRASMCE;FEC;
3CONVLU2659;FND;
3FIT53PVC0043;LAM;
3FIT53PVC0059;LAM;
3FIT53PVC0064;LAM;
3FIT53PVC0066;LAM;
3FER02X3/16;FER;
3VRNACSPRAY;FND;
3TAPFUR0066;LAM;
3AVHKTOP25TPON;FEC;
3MECALUMPRATO;GIR;
3PPOTECERMAD;FEC;
3FEL0002222;ACE;
3LNH0000027;LNH;
3PRF0000016;PRF;
3CRDINV0D30;CRD;
3CRDINV0E30;CRD;
3FEC0650128;ACE;
3COUACOU375;REV;
3CORMCBRC06MM;FIB;
3TEC0E10178;REV;
3TES0004902;PRF;
3ATAHFRA104CZ;FEC;
3TEC0F22167;REV;
3FIT22PVC0054;LAM;
3CORCAZM22MM;FIB;
3TEC0G22147;REV;
3CANTVDR6X65;EMB;
3ESP00CHAPF;VPE;
3TEC0G22138;REV;
3ETI000COLC;ETI;
3ATAHFRA83CZ;FEC;
3ATHFBRACOH1;FEC;
3CORMCMAC06MM;FIB;
3TEC0G22125;REV;
3PUX1003CROM;FEC;
3TEC0G22172;REV;
3LNH0000023;LNH;
3COWP693900QT;FND;
3RDZPQTRASF;RDZ;
3TEC0G22162;REV;
3TEC0G11251;REV;
3FIT2245PVC0066;LAM;
3FIT75PVC0001;LAM;
3ZIP0000090;AVI;
3CRTPONTSINCR;FEC;
3LEDZP3000K1M;FEC;
3BAR11/4X14;FER;
3FIT96PVC0046;LAM;
3TPLUTRI40TO30;FEC;
3ACEILHOS17;ACE;
3FIT29PVC0080;LAM;
3FIT0001950;EMB;
3TEC0F22136;REV;
3RDZPQTRACF;RDZ;
3TEC0G22059;REV;
3FIT29PVC0043;LAM;
3EMBTUB10X13;EMB;
3MAS00PLAST;FND;
3TEC0H22023;REV;
3FIT53PVC0074;LAM;
3PRF03/8SUB;PRF;
3LNH0000011;LNH;
3TEC0G10615;REV;
3ADITIVO40105;EPM;
3TEC0D11181;REV;
3FIT29PVC0057;LAM;
3ZIPDESL504;AVI;
3TEC0F10131;REV;
3PUXGVEATPCZ;FEC;
3TEC0G22081;REV;
3BUC0000004;PRF;
3RPE100INLINEZ;FEC;
3TEC0H22149;REV;
3PASTBIP025;FND;
3TPLUTRI35B30D;FEC;
3FIT53PVC0072;LAM;
3TEC0H22086;REV;
3TEC0H10692;REV;
3TPLUTRI35B30E;FEC;
3CORCPRT10MM;FIB;
3TEC0H22010;REV;
3ALMOTOLIA60;FND;
3TEC0H22131;REV;
3TEC0H22128;REV;
3PEZ0000025;PEZ;
3RDZFLL210B;RDZ;
3FIL0AT200F;PRF;
3BAR11/2X1/4;FER;
3TEC0H22132;REV;
3PRF0000080;PRF;
3LNH0401537;LNH;
3TEC0H22180;REV;
3PRF001/4X1;PRF;
3SUPDS15001V;ACE;
3FIT29PVC0064;LAM;
3TEC0H10473;REV;
3TEC0H22166;REV;
3TEC0G10627;REV;
3TEC0G22152;REV;
3SUP0DS16600;ACE;
3SUP0DS16601;ACE;
3TEC0H22160;REV;
3FER0000002;FER;
3POL0000002;ABR;
3FIT0000015;ACE;
3BRO0000014;PRF;
3TEC0H22046;REV;
3COWP023900QT;FND;
3CORCARE10MM;FIB;
3LBOXRELINGOR;FEC;
3BRO0000516;PRF;
3FIT53PVC0058;LAM;
3CAPA00SUPAEC;ACE;
3BAT0IN25MM;ACE;
3PEZ4P00005;PEZ;
3TEC0G22073;REV;
3FIT29PVC0058;LAM;
3TEC0G10260;REV;
3LNH0000040;LNH;
3BARRDLT3/8;FER;
3LBOXCORTFILM;FEC;
3TEC0F10031;REV;
3PRF0000119;PRF;
3PIST00650N;ACE;
3SUPFIXE9008;ACE;
3ZIP0580CH3;AVI;
3TEC0D11207;REV;
3TEC0H22016;REV;
3BAR001/4AL;FER;
3TECBAGUN02;REV;
3PIN0000032;PRF;
3ARTUPIA410CI;FEC;
3TAPFUR0069;LAM;
3TAPFUR0043;LAM;
3BRO0000316;PRF;
3CH06BP0078;MIN;
3PUXRADIO27CR;FEC;
3CORMCAZU09MM;FIB;
3PUXMAGNU224CR;FEC;
3BAR0003/16;FER;
3BRO0000038;PRF;
3TAPFUR0081;LAM;
3TAPF041101;LAM;
3TEC0D22210;REV;
3CABOFORCA03;ACE;
3KITSI20SEMA1P;FEC;
3ATHFBRACOH4;FEC;
3FIT15000S;LAM;
3PUXRADIO27DO;FEC;
3TEC0C11225;REV;
3ARPTACAFLATGF;FEC;
3TEC0H22049;REV;
3VELCROMIRK;ABR;
3CH06BP0008;MIN;
3TAPFUR0057;LAM;
3BIT0000C626;PRF;
3TAPFUR0059;LAM;
3TAPFUR0060;LAM;
3TAPFUR0064;LAM;
3TAPFUR0070;LAM;
3RATTAPRE4MM;ACE;
3CRDTEL0045;CRD;
3PRF001/42AL;PRF;
3TEC0D22244;REV;
3SER0000005;PRF;
3FIT29PVC0001;LAM;
3AMORSISTSUPE;FEC;
3LBOXMOL100MO;FEC;
3SIL0FIXAFORT;COL;
3LNH0008768;LNH;
3TEC0G10641;REV;
3PRF00DTB55;PRF;
3PRF0000024;PRF;
3BRO0000332;PRF;
3CORCRAM10MM;FIB;
3TEC0H10804;REV;
3FIT53PVC0046;LAM;
3PERSAP6504ANF;FEC;
3TEC0H10151;REV;
3TUB7/8X2ALUM;FER;
3BAT00026MM;ACE;
3TUBOPVC200;ACE;
3REBVIT110FIL;ABR;
3ETI0050X50;ETI;
3TEC0H22142;REV;
3REBDTDVI04;ABR;
3SISTCM9512;ACE;
3RODPG75220;FER;
3CAV0001480;ACE;
3FIT15000N;LAM;
3COWP423900QT;FND;
3FIT2245PVC0081;LAM;
3CH06BP0068;MIN;
3LNH0000004;LNH;
3CORAZM9MM;FIB;
3PEZREGPRETO;PEZ;
3TEC0G22168;REV;
3ACE00FIO74;ACE;
3CORPTA6MM;FIB;
3KITRO82BAS;ACE;
3TEC0H10102;REV;
3MOLAPERFIL8MM;FEC;
3TIN000PF00;FND;
3COLTAMB001;COL;
3TEC0H10022;REV;
3LFOMOL7222;ABR;
3ROL0000002;PRF;
3LAM0000007;ACE;
3PUXCUPDO;FEC;
3TPLULATMD350C;FEC;
3TPLULATME350C;FEC;
3PRF0014X01;PRF;
3PUXCRETA64DO;PUX;
3PUXCARDF85;FEC;
3FIT9645PVC0074;LAM;
3CORVNH6MM;FIB;
3TEC0G22211;REV;
3TEC0H10678;REV;
3TPLUTRI27B30D;FEC;
3TPLUTRI27B30E;FEC;
3PINO00GUIA;ACE;
3ZIP0000080;AVI;
3CANT11/2X1;FER;
3TUB0025X25;FER;
3TEC0D11263;REV;
3AROMATI001;EPM;
3BOI0000003;ABR;
3SPRAYPRETO;FND;
3COWP033900QT;FND;
3CH0190000MDPJ;MIN;
3PRFALLEN10PT;PRF;
3TEC0A11143;REV;
3DTLINSEPARA;FEC;
3ARMANTRA500GR;ACE;
3FIT2245PVC0059;LAM;
3RPE150INTEREZ;FEC;
3PRF0000120;PRF;
3FIT2245PVC0077;LAM;
3FVFLOATRIO65;FEC;
3FIT2245PVC0060;LAM;
3PUX0010731;FEC;
3FIT2245PVC0031;LAM;
3PAP120X300;EMB;
3TEC0F10253;REV;
3TEC0H10248;REV;
3CON0000001;ACE;
3ARFXFDD22CZ;FEC;
3ARFXFED22CZ;FEC;
3TEC0F22195;REV;
3PEZDESL024;ACE;
3CRN0019000;EPM;
3OXICER00001;EPM;
3LIX15000N5;ABR;
3RODPG00M80;FER;
3AVHKTSERVCAP;FEC;
3FIT29PVC0008;LAM;
3FIT29PVC0065;LAM;
3FIT29PVC0072;LAM;
3FIT29PVC0073;LAM;
3FIT29PVC0074;LAM;
3CH03000EUCF;MIN;
3FIL0006255;AVI;
3PRF0000095;PRF;
3PRF0000054;PRF;
3HASTKITSINCRT;FEC;
3CORVEM10MM;FIB;
3FIT0000034;AVI;
3SUP0000010;ACE;
3ACE000FIO1;ACE;
3FIT2245PVC0080;LAM;
3COWP043900QT;FND;
3FITSTRETC50;EMB;
3BAWFOT6861QT;FND;
3ARPTPIA120CI;FEC;
3TEC0H22247;REV;
3TEC0G22240;REV;
3LNH1000028;LNH;
3TEC0H22102;REV;
3PRF0000380;PRF;
3PRF0014X34;PRF;
3DBR0000710;DBR;
3TEC0H10695;REV;
3LIXARETIFICA5;ABR;
3PUXCRETA64NV;FEC;
3TUB20X2012;FER;
3REBVIT110P5;ABR;
3PERFLYTRACABO;FEC;
3ZIP0580WIE;AVI;
3BRO0000732;PRF;
3ARFXFEM10CZ;FEC;
3CH06BP0036;MIN;
3ARFXFDM10CZ;FEC;
3CANTVDR8X100;EMB;
3TEC0H10664;REV;
3TAPCARVKER;LAM;
3TAPFUR0072;LAM;
3TAPFUR0044;LAM;
3PRF0000118;PRF;
3PRF00003/8;PRF;
3CRN0021000;EPM;
3TAPFUR0068;LAM;
3LBOXDIVLONREL;FEC;
3AMORSISTINFE;FEC;
3CALCIO0001;EPM;
3TEC0H10665;REV;
3TAPFUR0080;LAM;
3BAR001X1/4;FER;
3FIBFEEXTASEN;ACE;
3FIT2245PVC0001;LAM;
3ATU58/45TCH;ACE;
3COADORQUIM;ABR;
3CRN0000158;EPM;
3TAPFUR0065;LAM;
3TAPFUR0077;LAM;
3PIN0003016;PRF;
3SDRIVSUPVPERF;FEC;
3CORMCMAC09MM;FIB;
3SMARTOUCHEXT;FEC;
3CH025BP0008;MIN;
3MET0050X50;FER;
3TEC0G22123;REV;
3BARALUM7/8;FER;
3BOTPRESSAO;AVI;
3ZIP00BR3MM;AVI;
3FIT2245PVC0069;LAM;
3BRO0000018;PRF;
3GDVEFORNO300;FEC;
3PER0002488;ACE;
3ACEGAVCINT;ACE;
3TEC0G22217;REV;
3LNH0000018;LNH;
3PERCAVA5F6000;FEC;
3TOMARR2PT20A;ACE;
3TEC0F10682;REV;
3RPE150INLINEZ;FEC;
3REL0000001;PRF;
3REBFLAMA150;ABR;
3TEC0H10657;REV;
3SUPOBCA601007;FEC;
3BRO0001164;PRF;
3TEC0E22117;REV;
3PUX0103FOSC;FEC;
3FER0RED3/4;FER;
3ABR00NY400;ACE;
3BARROSO3/8;FER;
3TEC0G10645;REV;
3FVFLOATRIO95;FEC;
3TEC0E22113;REV;
3TEC0G10634;REV;
3GCH0000001;ACE;
3TRPADS16713;ACE;
3CONECTCHICOT;ACE;
3DES0000001;ACE;
3COWP063900QT;FND;
3BAR001/1/8;FER;
3LBOXKFRA200FO;FEC;
3PRF0000085;PRF;
3LNH1625000;LNH;
3LSI0050230;ABR;
3SMARTSEIVER2F;FEC;
3GRAX000001;FND;
3LNH0000025;LNH;
3PRF0000023;PRF;
3BAT00009MM;ACE;
3PUXSHELL64GF;PUX;
3BAWFRI6188QT;FND;
3PRF0004X30;PRF;
3SIS0000ESQ;ACE;
3BARELET3/4;FER;
3CH025BP0036;MIN;
3ARM00AER39;ARM;
3PONTEIR3/4;PEZ;
3PER0002540;ACE;
3TEC0G10646;REV;
3PONT000003;ACE;
3FAC000000M;PRF;
3TEC0H10670;REV;
3TEC0H22201;REV;
3FIT2245PVC0046;LAM;
3ARRLTP111CA;FEC;
3FIT9645PVC0079;LAM;
3ABR0000014;ACE;
3BAWJOB7583QT;FND;
3RPEFIXPEPVCEZ;FEC;
3TAPFUR0009;LAM;
3FIT96PVC0060;LAM;
3SIS0000DIR;ACE;
3ELA0000014;AVI;
3ACE000FIO4;ACE;
3BAWJOI7583QT;FND;
3PUXCUPCV;PUX;
3LUACRRETQ;FEC;
3LIXVD0GR60;ABR;
3FECHO00015;ACE;
3CEB0000001;FER;
3ETI100X60BOP;ETI;
3TEC0E22035;REV;
3TEC0A11142;REV;
3CRN0020000;EPM;
3CH06BP0054;MIN;
3SUPER00150;ABR;
3TUBBASCIATA;FER;
3PRF000M820;PRF;
3FER00000012;FER;
3TEC0D10217;REV;
3TEC0G10494;REV;
3LBOXSUPRELING;FEC;
3PRF00001/2;PRF;
3BU02GESSOUBO;ACE;
3TEC0E10000;REV;
3TEC0C11232;REV;
3CORMAR6MM;FIB;
3FIT96PVC0043;LAM;
3FIT96PVC0074;LAM;
3PER0000001;ACE;
3SDRIVGRAFIXCB;FEC;
3CAV0001060;ACE;
3TEC0B11140;REV;
3LIX00AW425;ABR;
3PRF0042X38;PRF;
3CORCVNH10MM;FIB;
3BRO0000532;PRF;
3ADP0000140;PRF;
3TEC0G10624;REV;
3TEC0G10471;REV;
3LBOXPERA218CO;FEC;
3BARROS01/4;FER;
3TEC0H10654;REV;
3TUBAL19X19;FER;
3BARRAROS12;FER;
3MET0050X13;FER;
3FITRAFIA20;EMB;
3EMB00PVCZP;EMB;
3DIS0000078;FER;
3GAS00000OX;GAS;
3BRO0001364;PRF;
3FIT9645PVC0017;LAM;
3TEC0G10635;REV;
3PUXSHELL64CV;FEC;
3PUX0303CROM;FEC;
3BRO0000012;PRF;
3FCH0012001;ACE;
3TUB3175120;FER;
3DTLIN300414PR;FEC;
3TEC0H10691;REV;
3ACE000FIO5;FEC;
3PINOCROM00;ACE;
3BOT0000032;AVI;
3DBR108B10C;DBR;
3TEC0D22226;REV;
3TEC0H10256;REV;
3LIX120W425;ABR;
3ESTOPA0001;FER;
3TEC0F22058;REV;
3TRIGUIASUP;ACE;
3TEC0H10660;REV;
3ALIC000001;PRF;
3ACEILHOS04;ACE;
3PUXFUSIO128BZ;FEC;
3TEC0H10659;REV;
3PORTAFUSIVEL;ACE;
3PIN0000025;PRF;
3LIX000W425;ABR;
3ZIP0000070;AVI;
3ACE000FIO3;ACE;
3PUXPLYMOU80NV;FEC;
3BRO0000010;PRF;
3PUXNORD160CV;PUX;
3TPLUTRI35TO30;FEC;
3PUXCUPNV;PUX;
3PERBAQUETE09;ACE;
3LNHAT00003;LNH;
3RDZCRISTCF;RDZ;
3FIT9645PVC0001;LAM;
3FIT9645PVC0043;LAM;
3BRO0000932;PRF;
3TEC0G10628;REV;
3PIST0FI080;ACE;
3FIXADESIVO3M;ACE;
3ZIP0CBR3MM;AVI;
3RDZCRIST10;RDZ;
3LIXCOR320G50;ABR;
3TEC0H10128;REV;
3TEC0G10625;REV;
3SUPTHINTETO;FEC;
3TEC0D22116;REV;
3FIT96PVC0065;LAM;
3PUXCUPGF;PUX;
3PRF0003X10;PRF;
3TEC0H10661;REV;
3LSI0050044;ABR;
3PRF00060X5;PRF;
3LNHBOR2113;LNH;
3DIST067020;ACE;
3LNHAT00002;LNH;
3FIT9645PVC0066;LAM;
3RDZPQFUMSF;RDZ;
3ELA0000016;AVI;
3TEC0H10693;REV;
3XAD0000002;FND;
3TEC0H10802;REV;
3ADP0000516;PRF;
3MAR0000001;PRF;
3PERKITCAVA;FEC;
3FIT96PVC0072;LAM;
3ACE000FIO2;ACE;
3ETI1060X60;ETI;
3PRF0000078;PRF;
3FIT9645PVC0031;LAM;
3GRP00106/6;PRF;
3TEC0H22112;REV;
3TEC0H22052;REV;
3LIXCINXC227;ABR;
3TEC0H10219;REV;
3PIST068400;ACE;
3FIT96PVC0069;LAM;
3BOT0000018;AVI;
3TEC0G10639;REV;
3BAT00016MM;ACE;
3CORCAZM10MM;FIB;
3RPEFIXPEMADEZ;FEC;
3SUPCAB2305;ACE;
3FITADEVA25MM;ACE;
3FIT96PVC0057;LAM;
3FIT9645PVC0081;LAM;
3PRF0000094;PRF;
3TUB00000003;FER;
3XAD0000001;FND;
3DTLINSEPARAGF;FEC;
3TEC0H10653;REV;
3TEC0H10671;REV;
3FIT9645PVC0080;LAM;
3PUXRADIO16CR;FEC;
3BAT00007/8;ACE;
3TEC0H22105;REV;
3SUP0DS16603;ACE;
3RDZ0019000;RDZ;
3TRIGUIAINF;ACE;
3SACOL37X30;EMB;
3LUMINPON30Q;FEC;
3TEC0H10673;REV;
3FIT9645PVC0070;LAM;
3TEC0H10477;REV;
3TEC0D22241;REV;
3PRF0000096;PRF;
3FIT29PVC0059;LAM;
3TUB50X50X2;FER;
3PRFALLEN1/4;PRF;
3LBOXKITFRONTM;FEC;
3PERBAQUETE06;FEC;
3CH025BP0054;MIN;
3FIT96PVC0068;LAM;
3COR0000016;AVI;
3CABOACO75;ACE;
3COUACOU310;REV;
3FIT2245PVC0009;LAM;
3TEC0E22100;REV;
3CH06BP0075;MIN;
3TEC0G22122;REV;
3FIT96PVC0054;LAM;
3SMARTERMRETR4;FEC;
3TEC0G22055;REV;
3CH018BP0075;MIN;
3LWE0000120;ABR;
3FIT96PVC0008;LAM;
3TEC0G22056;REV;
3TEC0H22121;REV;
3BAT00019MM;ACE;
3TEC0H22104;REV;
3CORVEM9MM;FIB;
3POL0000003;ABR;
3TEC0G22101;REV;
3CORMCBRC09MM;FIB;
3TEC0G22053;REV;
3TEC0H22094;REV;
3PALITOC500;FND;
3TEC0F22118;REV;
3TEC0H22109;REV;
3PEZ000253;PEZ;
3FUSIVEL10A00;ACE;
3SUPREG100SLIM;FEC;
3FIT2245PVC0057;LAM;
3TEC0H10672;REV;
3PRF00008MA;PRF;
3FIT96PVC0076;LAM;
3TEC0G22051;REV;
3FIT96PVC0009;LAM;
3FIT96PVC0071;LAM;
3MAS000PO03;ABR;
3BARAL1/218;FER;
3ADERE93034;COL;
3ADIANTIADE;FND;
3ALUCH2X1/4;FER;
3ARAINOX001;FER;
3ARCLPIA265CI;FEC;
3ARMANME475PR;FEC;
3ARPEFLAT363CI;FEC;
3ARPFER140CI;FEC;
3ARPVASS500CI;FEC;
3ARRU005/8L;PRF;
3ARSUTRDUTPCZ;FEC;
3ARTCSMANUAL;ACE;
3ATAHFSERVCAP;FEC;
3ATHFCAPA;FEC;
3ATU37/24TCH;ACE;
3ATU43/24TCH;ACE;
3AVI000BRA50F;AVI;
3AVI000BRA50M;AVI;
3BABHT949CARB;FND;
3BABHT950STEEL;FND;
3BABHT951PERO;FND;
3BABHT952ASPA;FND;
3BAR00001/4;FER;
3BAR00011/2;FER;
3BAR11/4X1/2;FER;
3BAR7/8X1/8;FER;
3BARALUQ1/2;FER;
3BAWFOI6861QT;FND;
3BAWJOT7583QT;FND;
3BIT0000PH2;PRF;
3BOI0000002;ACE;
3BOT0000014;AVI;
3BTECLTTS40204;CRD;
3CAL0000D15;DBR;
3CALCOT10X10;EMB;
3CAMIFI0001;ACE;
3CANT3/16AL;FER;
3CANT50X50BIGF;FEC;
3CATALIZADOR;FND;
3CERAINCOLOR;FND;
3CH0000001;ACE;
3CH025BP0075;MIN;
3CHAPA00APRO;MIN;
3CHDKTAERIS04;VPE;
3CHDKTAURA04;VPE;
3CHDKTSIRUS04;VPE;
3CHVIDRMIBORE4;VPE;
3COL0000051;COL;
3COL0000052;COL;
3COR0000010;AVI;
3COR0000014;AVI;
3COR0000017;AVI;
3COR0000018;AVI;
3COR0000021;AVI;
3COR0000022;AVI;
3COR0000024;AVI;
3COR0000026;AVI;
3COR0SOUTBG;AVI;
3CORCCNZ10MM;FIB;
3CORCMAR10MM;FIB;
3CORMAR9MM;FIB;
3CORMCAZU10MM;FIB;
3CORMCBRC10MM;FIB;
3CORMCMAC10MM;FIB;
3CORMCPTC06MM;FIB;
3CORMCPTC10MM;FIB;
3CORMCPTE06MM;FIB;
3CORMCPTE09MM;FIB;
3CORMCPTE10MM;FIB;
3CORVNH9MM;FIB;
3COUACOU391;REV;
3COUACOU392;REV;
3COWP533900QT;FND;
3CRDTEL0025;CRD;
3CRDTEL0040;CRD;
3CRN0000164;EPM;
3DBRINV19MM;DBR;
3DBRKITRETA;DBR;
3DBRTOPAGAF;DBR;
3DBRTOPBGAF;DBR;
3DES0000015;ACE;
3ELA0000012;AVI;
3EMB0000015;EMB;
3EMBCAN20X60;EMB;
3ESCETI10X3;ETI;
3ESPLIACCHAPA04;VPE;
3ESPU0LATEXLE;EPM;
3ETI0000044;ETI;
3ETI0000048;ETI;
3ETI0045X45;ETI;
3ETI0100X150;ETI;
3ETI1030X50;ETI;
3ETI1045X45;ETI;
3ETI1050X50;ETI;
3ETI1065X40;ETI;
3ETI40X20X2;ETI;
3FASTFIX64;EMB;
3FECMAGN791;PUX;
3FER0000013;FER;
3FER112X1/8;FER;
3FER5/8X1/8;FER;
3FERENR75X40;FER;
3FIT2245PVC0008;LAM;
3FIT2245PVC0035;LAM;
3FIT2245PVC0043;LAM;
3FIT2245PVC0044;LAM;
3FIT2245PVC0054;LAM;
3FIT2245PVC0058;LAM;
3FIT2245PVC0064;LAM;
3FIT2245PVC0065;LAM;
3FIT2245PVC0068;LAM;
3FIT2245PVC0070;LAM;
3FIT2245PVC0071;LAM;
3FIT2945PVC0001;LAM;
3FIT2945PVC0060;LAM;
3FIT2945PVC0071;LAM;
3FIT2945PVC0077;LAM;
3FIT29PVC0009;LAM;
3FIT29PVC0044;LAM;
3FIT29PVC0054;LAM;
3FIT29PVC0068;LAM;
3FIT29PVC0071;LAM;
3FIT29PVC0075;LAM;
3FIT29PVC0076;LAM;
3FIT29PVC0077;LAM;
3FIT45000N;LAM;
3FIT53000N;LAM;
3FIT5345PVC0001;LAM;
3FIT5345PVC0060;LAM;
3FIT5345PVC0071;LAM;
3FIT5345PVC0077;LAM;
3FIT53PVC0001;LAM;
3FIT53PVC0008;LAM;
3FIT53PVC0009;LAM;
3FIT53PVC0044;LAM;
3FIT53PVC0054;LAM;
3FIT53PVC0065;LAM;
3FIT53PVC0068;LAM;
3FIT53PVC0071;LAM;
3FIT53PVC0073;LAM;
3FIT53PVC0075;LAM;
3FIT53PVC0076;LAM;
3FIT53PVC0077;LAM;
3FIT9645PVC0008;LAM;
3FIT9645PVC0009;LAM;
3FIT9645PVC0044;LAM;
3FIT9645PVC0046;LAM;
3FIT9645PVC0054;LAM;
3FIT9645PVC0057;LAM;
3FIT9645PVC0058;LAM;
3FIT9645PVC0059;LAM;
3FIT9645PVC0064;LAM;
3FIT9645PVC0065;LAM;
3FIT9645PVC0068;LAM;
3FIT9645PVC0069;LAM;
3FIT9645PVC0071;LAM;
3FIT9645PVC0072;LAM;
3FIT9645PVC0073;LAM;
3FIT9645PVC0076;LAM;
3FIT9645PVC0078;LAM;
3FIT96PVC0075;LAM;
3FITDUPLFAC10;ACE;
3FITPRETA3MM;AVI;
3FONTECARUSB;ACE;
3FRASCOBL60;FND;
3FRISCONT12;ACE;
3GAS00000AC;GAS;
3GEL0000001;FER;
3GIRPOWORK01;GIR;
3GRP0001623;PRF;
3GRP00PAX50;PRF;
3ISO14673LAT;EPM;
3KITATUAAER04;ACE;
3KITATUABAU01;ACE;
3KITATUENC04;ACE;
3L281C00012;ABR;
3LACA0COBRE;FND;
3LAM0000012;ACE;
3LBOXPORTACOND;FEC;
3LEDCABPFLE90;ACE;
3LEDCONELEAC04;ACE;
3LEDZP4000K5M;FEC;
3LF00220000;ABR;
3LHO0120N12;ABR;
3LIX080/200;ABR;
3LNH0000009;LNH;
3LNH0000010;LNH;
3LNH0000012;LNH;
3LNH0000014;LNH;
3LNH0000017;LNH;
3LNH0000020;LNH;
3LNH0000021;LNH;
3LNH0000022;LNH;
3LNH0000026;LNH;
3LNH0000029;LNH;
3LNH0000030;LNH;
3LNH0000032;LNH;
3LNH0000035;LNH;
3LNH0000036;LNH;
3LNH0000039;LNH;
3LNH000041;LNH;
3LNH000043;LNH;
3LNH000046;LNH;
3LNH000047;LNH;
3LNH000049;LNH;
3LNH000050;LNH;
3LNH000051;LNH;
3LNH000054;LNH;
3LNH000055;LNH;
3LNH000058;LNH;
3LNH000059;LNH;
3LNH000080;LNH;
3LNH000081;LNH;
3LNH000082;LNH;
3LNH0001000;LNH;
3LNH0001051;LNH;
3LNH0001231;LNH;
3LNH0001480;LNH;
3LNH0001533;LNH;
3LNH0006029;LNH;
3LNH0009772;LNH;
3LNH0201537;LNH;
3LNH040BC00;LNH;
3LNH1000011;LNH;
3LNH1000021;LNH;
3LNH1000030;LNH;
3LNH1000038;LNH;
3LNH1000044;LNH;
3LNH1000222;LNH;
3LNH1000255;LNH;
3LNH1000BCA;LNH;
3LNH1000PTO;LNH;
3LNH1001051;LNH;
3LNH1001231;LNH;
3LNH1001473;LNH;
3LNH1001480;LNH;
3LNH1001533;LNH;
3LNH1001537;LNH;
3LNH1008003;LNH;
3LNH1008207;LNH;
3LNH1008768;LNH;
3LNH1009069;LNH;
3LNH1009772;LNH;
3LNH2000001;LNH;
3LNH2001055;LNH;
3LNH2022000;LNH;
3LNH20D0001;LNH;
3LNH20D0011;LNH;
3LNH40PRETA;LNH;
3LNH5000252;LNH;
3LNH5000314;LNH;
3LNHAT00001;LNH;
3LNHAT00005;LNH;
3LNHAT00013;LNH;
3LNHB427731;LNH;
3LNHBORNAT;LNH;
3LRO0036000;ABR;
3LSI00191950;ABR;
3LSI0050250;ABR;
3LSI0120044;ABR;
3LSI0120190;ABR;
3LSI01919120;ABR;
3LSI0320044;ABR;
3LSI120X402;ABR;
3LSI80X4020;ABR;
3LUACRCIRQ;FEC;
3LUCABRETI734Q;FEC;
3LULAV477Q;FEC;
3LWE0000024;ABR;
3LWE0000060;ABR;
3MANCERA00;PRF;
3MAS000PO02;ABR;
3MET10X05AL;FER;
3MET30X3012;FER;
3MET40X4018;FER;
3MOL0000011;ARM;
3PASTPUBOXI;FND;
3PER00RM185;FEC;
3PER00UNI02;FER;
3PERCAVA3F6000;FEC;
3PERCAVA4F6000;FEC;
3PEZDESLBRC;ACE;
3PIGPTA6600;FND;
3PIMIFI55M8;ACE;
3PIN0000016;PRF;
3PIN001/8X2;PRF;
3POEX000001;ACE;
3POL14673LAT;EPM;
3PONZTF;FEC;
3PRF0000013;PRF;
3PRF0000019;PRF;
3PRF0000021;PRF;
3PRF0000039;PRF;
3PRF0000040;PRF;
3PRF0000045;PRF;
3PRF0000060;PRF;
3PRF0000069;PRF;
3PRF0000073;PRF;
3PRF0000075;PRF;
3PRF0000089;PRF;
3PRF0000090;PRF;
3PRF0000093;PRF;
3PRF00001/4X2;PRF;
3PRF00007/8;PRF;
3PRF00011/4;PRF;
3PRF0005/16;PRF;
3PRF007X40ALL;PRF;
3PRF00M4X50;PRF;
3PRF00M6X25;PRF;
3PRF1/2X516;PRF;
3PRF1/4X1/2;PRF;
3PRF1/4X32PT;PRF;
3PRF25X12LT;PRF;
3PRF3/16076;PRF;
3PRFM8X16PO;PRF;
3PRFPOSX14A2IN;FEC;
3PRSWB0017M;PRF;
3PUX0103CROM;FEC;
3PUX0703CROM;FEC;
3PUXRADIO38DO;FEC;
3PUXZT3000F;FEC;
3RCO0000350;FER;
3RCO0000400;FER;
3RDZPQFUMCF;RDZ;
3REB0000010;PRF;
3REB0000012;FER;
3REB0000622;PRF;
3REBDTDVI06;ABR;
3REBDTDVI10;ABR;
3REBFLVER150;ABR;
3REBVIT110P1;ABR;
3REBVIT110P2;ABR;
3REBVIT110P3;ABR;
3RIB0110X75M;ETI;
3ROD0000TP2;FER;
3RODPG75320;FER;
3SDRIVPERF0800;FEC;
3SER0001506;ACE;
3STRASS0039;ACE;
3SUP0012001;ACE;
3SUP0DS16604;ACE;
3SUP0DS16605;ACE;
3SUP0DS16700;ACE;
3SUP0DS16701;ACE;
3SUP0DS16702;ACE;
3SUP0DS16707;FEC;
3SUP0DS20602;ACE;
3SUP0SEKURA;ACE;
3SUPPRAOC14;ACE;
3TABCORTMAD300;FEC;
3TAPFUR0008;LAM;
3TAPFUR0015;LAM;
3TAPFUR0054;LAM;
3TAPFUR0055;LAM;
3TAPFUR0058;LAM;
3TAPFUR0071;LAM;
3TAPFUR0073;LAM;
3TAPFUR0074;LAM;
3TAPFUR0075;LAM;
3TAPFUR0076;LAM;
3TAPFUR0078;LAM;
3TEC0A11166;REV;
3TEC0A11169;REV;
3TEC0A11258;REV;
3TEC0C11206;REV;
3TEC0C11209;REV;
3TEC0D11182;REV;
3TEC0D11266;REV;
3TEC0D22225;REV;
3TEC0D22230;REV;
3TEC0E22076;REV;
3TEC0F11157;REV;
3TEC0G10100;REV;
3TEC0G10617;REV;
3TEC0G10618;REV;
3TEC0G10632;REV;
3TEC0G10636;REV;
3TEC0G10637;REV;
3TEC0G10642;REV;
3TEC0G10643;REV;
3TEC0G10644;REV;
3TEC0G10650;REV;
3TEC0G11252;REV;
3TEC0G11264;REV;
3TEC0G22047;REV;
3TEC0G22233;REV;
3TEC0G22243;REV;
3TEC0H10042;REV;
3TEC0H10254;REV;
3TEC0H10658;REV;
3TEC0H10662;REV;
3TEC0H10663;REV;
3TEC0H10667;REV;
3TEC0H10675;REV;
3TEC0H10676;REV;
3TEC0H10679;REV;
3TEC0H10682;REV;
3TEC0H22239;REV;
3TECAT00Y107;REV;
3TECAT00Y11;REV;
3TECAT00Y12;REV;
3TECAT00Y13;REV;
3TECAT00Y51;REV;
3TECAT00Y52;REV;
3TECAT0AX72;REV;
3TING002564;FND;
3TING00T641;FND;
3TING00T642;FND;
3TINTA0BRANCO;FND;
3TINTA0CACAU;FND;
3TINTA0MIST;FND;
3TINTAAZULC;FND;
3TINTALARAN;FND;
3TINTAPBZ001;FND;
3TINTMARRON;FND;
3TINTMARRONL;FND;
3TINTVERDEF;FND;
3TPLURIL65SCOR;FEC;
3TRI0000015;ACE;
3TRIPLUSINF;ACE;
3TUB005/8X15;FER;
3TUB0250011/4;FER;
3TUB2X200MM;FER;
3TUB30X5012;FER;
3TUBCUR15CO;FER;
3TUBQUA4040;FER;
3TVRCSBW722;FND;
3VARSOLDA02;FER;
3VARSOLDA05;FER;
3VASLVIN031AL;ACE;
3VIDT0YO00A;ACE;
3XADREXPRETO;FND;
3ZIP00MED45;AVI;
3ZIP0MEDCBR;AVI;
3ZIP5000708;AVI;
3ZIP5000753;AVI;
3ZIP5001718;AVI;
3ZIPBRAN100;AVI;
3PASTAPUAMA;FND;
3TEC0B11558;CST;
3TEC0C11155;CST;
3SPESCRETCF25D;FNC;
3SPESCRETCF25E;FNC;
3ME2206PRORRV;RV;
3CDS3340001RV;RV;
3TEC0B11560;CST;
3MARTRAPL13AN;VRG;
3MTPPFTRAV24;VRG;
3TEC0C11161;CST;
3MEROM17RORV;RV;
3TEC0B11552;CST;
3CAFOLD01TIRV;RV;
3TEC0C11159;CST;
3TEC0B11559;CST;
3TEC0C11144;CST;
3TEC0C11221;CST;
323706509JHRV;RV;
3TEC0C11160;CST;
3MARCARPL10;VRG;
3MVAMCA0062RV;RV;
3TEC0D11187;CST;
3TEC0C11249;CST;
3MECMJR16MVRV;RV;
3TEC0A22031;CST;
3TEC0A11563;CST;
3MVAMPO0074RV;RV;
3MTPTIIMPE26AN;VRG;
3MECMJR10MVRV;RV;
3TEC0D11156;CST;
3TEC0F11541;CST;
3MTPECGUAT26;VRG;
3SOL905A2462Q;VSN;
3PO000136QMRV;RV;
3TEC0B11164;CST;
3MTPTIMARQ24AN;VRG;
3MTPPFCARR24AN;VRG;
3MTPPFMARQ24AN;VRG;
360033201JHRV;RV;
3MMSP2CORA32AN;VRG;
3MTPPFCARR24;VRG;
3INSU040890RV;RV;
3MMSP1CARR34;VRG;
3MMSP1GUAT32AN;VRG;
3TEC0P22200;CST;
3BASON002JHRV;RV;
3TEC0B22231;CST;
3MMSP1TRAV30;VRG;
3CAPALO06ADRV;RV;
3TEC0C11177;CST;
3CAVILL001ADRV;RV;
3TEC0A22224;CST;
3KITATUSMENC01;NEC;
3MARCARPL71;VRG;
3MECMJO16MCRV;RV;
3MMSP199950;VRG;
336502069RIRV;RV;
3MTPMTMACH01AN;VRG;
3MECMJO24MCRV;RV;
3ESV500X500AF;VSN;
3CASEBXTNORRV;RV;
3TEC0C11546;CST;
3MECMJO16MVRV;RV;
3TEC0C11150;CST;
3MMSP2TRAV22AN;VRG;
3MECSJR1601RV;RV;
3MTPECGUAT20;VRG;
3101020TLJHRV;RV;
3MTPARTRAV11AN;VRG;
3MECMJR15MTRV;RV;
3CA000080QMRV;RV;
3MEROM15RORV;RV;
3MECMJO23MHRV;RV;
3MARCARDS42;VRG;
3TEC0D11191;CST;
3MMRDGUAT11AN;VRG;
3MMSYIMPE11;VRG;
3CAAMPVCFORRV;RV;
3ESV1142X1771AF;VSN;
3TEC0D10376;CST;
3TEC0C10136;CST;
3MECMJR1602RV;RV;
3MARCARDS35;VRG;
3MECSJR10MCRV;RV;
3TEC0A11562;CST;
361313000JHRV;RV;
3MMRDCARR80;VRG;
3TEC0D22108;CST;
3TEC0B11553;CST;
3TEC0A10509;CST;
3ESV1300X1386DF;VSN;
3SOL601A1200Q;VSN;
3ARCRCONPOE;FNC;
3SIOCEAN80FS2P;FNC;
3TEC0C11245;CST;
3ESV1200X1391DF;VSN;
3MECMJR10MNRV;RV;
3PCU2495QUINOF;VSN;
3TEC0D11186;CST;
3ESV900X1760AF;VSN;
3MEROM16RORV;RV;
3AVINTSRDCINZ;FNC;
3TEC0P22085;CST;
3MTPARIMPE80AN;VRG;
3TEC0A11561;CST;
3MVAL003418RV;RV;
3MARIMPPL10AN;VRG;
3CH00A390MDRV;RV;
3ME000471MDRV;RV;
3MVAMSO0023RV;RV;
3MECMJO19MCRV;RV;
3MVAL003948RV;RV;
323000100JHRV;RV;
3TEC0F11538;CST;
3TEC0C22106;CST;
3TEC0D11542;CST;
3MMSP1TRA93195;VRG;
3MASPTRA100AN;VRG;
3MTPVOIMPE16AN;VRG;
3MMSYMA100993;VRG;
3COUBCOU353;CSD;
3TEC0C10767;CST;
3MECSJO19TCRV;RV;
3ESV700X1650AF;VSN;
300600600TIRV;RV;
3TEC0C22090;CST;
3TEC0A22232;CST;
3TEC0P11257;CST;
3TEC0A11189;CST;
3TEC0E10187;CST;
3MVAL003303RV;RV;
3MVAMPO0073RV;RV;
3ESV700X1270AF;VSN;
3MECMJR09MCRV;RV;
3MVAMCA0051RV;RV;
3MEROM14RORV;RV;
3MECMJO18MHRV;RV;
3MECMJO18MCRV;RV;
3MARCARPL13;VRG;
3TEC0A22223;CST;
3ESV550X1400BF;VSN;
3MMRDCARR11;VRG;
3MMSYCARR11;VRG;
3MARTRAAB40AN;VRG;
3SOL1149A1762Q;VSN;
3TEC0C11254;CST;
3TEC0P22129;CST;
3TEC0D22069;CST;
3TEC0D10745;CST;
3MVAMES0028RV;RV;
3TEC0C11183;CST;
3MMSYCORA13AN;VRG;
3TEC0C11188;CST;
3TEC0G11236;CST;
3MESMJO2013RV;RV;
3SOL374A1200Q;VSN;
3TEC0C22032;CST;
3SOL961A712Q;VSN;
3TEC0P11241;CST;
3TEC0D11190;CST;
3MECSCR0601RV;RV;
3MECSCR0604RV;RV;
3TEC0C22067;CST;
3MVAMSO0022RV;RV;
3MECSJR13MNRV;RV;
3TEC0D22140;CST;
3TEC0D11390;CST;
3TEC0D10393;CST;
3MVWUPO0005RV;RV;
3MVAMCA0060RV;RV;
3TEC0A10513;CST;
3TEC0A22018;CST;
3TEC0D22041;CST;
3ESV540X600AF;VSN;
3CAGRPA03ADRV;RV;
3TEC0G11540;CST;
3MARCARRMK10AN;VRG;
3TEC0A22065;CST;
3TEC0B11179;CST;
3TEC0G10484;CST;
3ESH500X500AF;VSN;
3SOL718A2332Q;VSN;
3TEC0A22091;CST;
3MASPIMP180AN;VRG;
3SOL941A1732Q;VSN;
3MVAMPO0075RV;RV;
336505685RIRV;RV;
336503502RIRV;RV;
3COURASP044;CSD;
3MVAMCA0064RV;RV;
3MMRDIMPE12;VRG;
3MMSYTRAV93831;VRG;
3TEC0C11180;CST;
3MASPMAR180;VRG;
3MARTRAPL66AN;VRG;
3MARTRAPL71AN;VRG;
3TEC0C11217;CST;
3MVWUOM0479RV;RV;
3MVAMES0033RV;RV;
3MVAMCA0057RV;RV;
3MECMCO13MNRV;RV;
3MVAL003167RV;RV;
3PO000032QMRV;RV;
3MVAMCA0067RV;RV;
3TEC0C22015;CST;
3TEC0B11154;CST;
3MVAMME0125RV;RV;
3TEC0B11211;CST;
3TEC0B22002;CST;
3TEC0A22030;CST;
3MMSYIMPE11AN;VRG;
3TEC0D22006;CST;
3MVWUOM1036RV;RV;
3BAINAO01ADRV;RV;
3TEC0A11257;CST;
3TEC0A22206;CST;
3MARCARRCBI;VRG;
3ESPRFBR8MMAM;VRG;
3MVAMCA0059RV;RV;
3MVAMES0032RV;RV;
3VIB890X1950B;VSN;
3MASPMAC080AN;VRG;
3PTELB5HQZ8C2;VSN;
3PTELB5HQZ8C3;VSN;
3PTELB5HQZ8C1;VSN;
3MECMJR10MCRV;RV;
3MECMJR10MERV;RV;
3TEC0D22082;CST;
3POCHEACNQMRV;RV;
3PTVCEWXR68R1;VSN;
3PTVCEWXR68R2;VSN;
3PTVCEWXR68R3;VSN;
3PO000139QMRV;RV;
3MARIMPAB40AN;VRG;
3TEC0A22001;CST;
3TEC0F11283;CST;
3MVAMES0030RV;RV;
3TEC0A11437;CST;
3MARIMPECBI;VRG;
3MESMJO1506RV;RV;
3PTWY734375G1;VSN;
336501520RIRV;RV;
3MVAMME0114RV;RV;
3MARTRAP89513;VRG;
3MVAMES0029RV;RV;
3TEC0E10149;CST;
3TEC0D22199;CST;
3PTVCKEYWTUH1;VSN;
3PTVCKEYWTUH2;VSN;
3PTVCKEYWTUH3;VSN;
3PTVCKEYWTUH4;VSN;
3LUCABRETI736Q;NEC;
3TEC0B22097;CST;
3TEC0A11523;CST;
3TEC0B22245;CST;
3TEC0B22011;CST;
3TEC0B22078;CST;
3MECMJO23MVRV;RV;
3TEC0B22182;CST;
3MVAL0A3927RV;RV;
336503844RIRV;RV;
3TEC0A22190;CST;
3PERSIGNLUMIPR;FNC;
3MARGUAPL10;VRG;
3MARTRAPL10;VRG;
3MECSJR13BSRV;RV;
3TEC0C10778;CST;
3SOL433A2462Q;VSN;
3TEC0A22103;CST;
3TEC0A22026;CST;
3TEC0F11537;CST;
3MARCOR88453;VRG;
3MART097267;VRG;
3MVWUOM0128RV;RV;
3TEC0C10744;CST;
3TEC0A11488;CST;
3TEC0B11214;CST;
3TEC0A22110;CST;
3MARTRAV770AN;VRG;
3TEC0A10505;CST;
3CABSMD01ADRV;RV;
3PTSO071244O1;VSN;
336506719RIRV;RV;
3TEC0F11535;CST;
3MARGUADS35;VRG;
3PTEL6PCIYOL1;VSN;
3TEC0A22164;CST;
3MVAL003431RV;RV;
3SKY1164X572QA;VSN;
3TEC0A10591;CST;
3TEC0C22134;CST;
3TEC0D11259;CST;
3TEC0A10537;CST;
3TEC0B22019;CST;
3TEC0B22186;CST;
3PTWY771FI2G1;VSN;
3PTWY771FI2G2;VSN;
3PTWY771FI2G3;VSN;
3KITATUSMENC02;NEC;
3TEC0B10768;CST;
3TEC0B22171;CST;
3PUXMAGNU224TN;FNC;
3PTSOZFTRO0U1;VSN;
3PTSOZFTRO0U2;VSN;
3PTSOZFTRO0U4;VSN;
3PTSOZFTRO0U3;VSN;
3MMSYMARQ11AN;VRG;
3MECMJR12MVRV;RV;
3MVAMME0124RV;RV;
32321001SJHRV;RV;
3TEC0E10754;CST;
3TEC0A10572;CST;
3TEC0A10577;CST;
3SKY1247X472QD;VSN;
3MVAMCA0063RV;RV;
3PTVW821992B1;VSN;
3PTVW821992B2;VSN;
3TEC0C10413;CST;
3ORGOURMAD600;FNC;
3TEC0C22037;CST;
3MVAMME0132RV;RV;
3MARGUADS42;VRG;
3MASPCOR100;VRG;
3TEC0A11454;CST;
3TEC0A11566;CST;
3SOL581A1462Q;VSN;
3TEC0A11273;CST;
3CALDBS01ADRV;RV;
3TEC0D11428;CST;
336505863RIRV;RV;
3SKY932X350QG;VSN;
3TEC0A10552;CST;
3TEC0C22110;CST;
3MVAMCA0066RV;RV;
3TEC0C10250;CST;
3PTWYFXLBWXL1;VSN;
3PTWYFXLBWXL2;VSN;
3PTWYFXLBWXL3;VSN;
3PTWYFXLBWXL4;VSN;
3TEC0A22204;CST;
3TEC0G22068;CST;
3TEC0A11159;CST;
3MVAMCA0058RV;RV;
3MESMJR1102RV;RV;
3KITATUSMAS03;NEC;
3KITATUSMAER03;NEC;
3MASPTRA090AN;VRG;
3PTWYO04JBTV1;VSN;
3PTWYO04JBTV2;VSN;
3TEC0B22080;CST;
3TEC0A11554;CST;
3MVAMCA0061RV;RV;
33650633RIRV;RV;
3MVAMME0118RV;RV;
3TEC0A10571;CST;
3TEC0B11465;CST;
3MECMJO18MVRV;RV;
3CAPALO01ADRV;RV;
3TEC0D10378;CST;
3TEC0A10550;CST;
3TEC0H10460;CST;
3ME000508MDRV;RV;
3ESPRFBR8MM11;VRG;
3TEC0A22158;CST;
3MARMARQMK10AN;VRG;
3CRTANDTIPON45;FNC;
3MECMJR12TPRV;RV;
3MECMJR13MVRV;RV;
3MARMARDS35AN;VRG;
3TEC0B11423;CST;
3TEC0D10428;CST;
3MECSCR0602RV;RV;
3MECSCR0603RV;RV;
3TEC0A10540;CST;
3TEC0G11539;CST;
3TEC0C22144;CST;
3MASPGUA100;VRG;
3PCU2396CINCOF;VSN;
3PTELXDCUDRZ1;VSN;
3PTELXDCUDRZ2;VSN;
3TEC0E22012;CST;
3TEC0A10578;CST;
3MVAMME0122RV;RV;
3TEC0D11269;CST;
3MTPMVCORA80AN;VRG;
3CA000237MDRV;RV;
336505539RIRV;RV;
3MECMJO13MARV;RV;
3TEC0A10534;CST;
3VIB824X2405F;VSN;
3MVAMME0126RV;RV;
3MASPMAR090;VRG;
3PCU2302R9002F;VSN;
3SIOCEAN80FS3P;FNC;
3LBOXGVFRO200C;FNC;
3TEC0A22163;CST;
3TEC0D11184;CST;
3MMSYGUAT80;VRG;
3PCU2366QUINOF;VSN;
3TEC0C22107;CST;
3MONONEVD11;VRG;
3PCU2345000LUL;VSN;
3TRI0003132;VSN;
3SIS0000COR;VSN;
3PLL2289STEEMF;VSN;
3TEC0C11544;CST;
3MVBB000001RV;RV;
3TEC0D22074;CST;
3PTVCMW46Q691;VSN;
3MVAMES0031RV;RV;
3MARMACDS35;VRG;
3PTLOTA1XG2S2;VSN;
3TEC0C22148;CST;
3VIBE730X2450F;VSN;
3MECMJR10MGRV;RV;
3KITATUAA95714;NEC;
3MARTRADS35AN;VRG;
3TEC0C22013;CST;
3PLL2336STEEMF;VSN;
3101017TLJHRV;RV;
3MASPIMP150;VRG;
3LUDOBGAV1100Q;FNC;
3TEC0B22028;CST;
3PTLOCNGG6851;VSN;
3KITATUSMENC03;NEC;
3ARLXSOLAS20CH;FNC;
3MARTRADS35;VRG;
3TEC0E10442;CST;
3TEC0C10050;CST;
3MECSJR15TTRV;RV;
3TEC0C11548;CST;
3TEC0C10774;CST;
3TEC0D10381;CST;
3MVAMBA027RV;RV;
3TEC0D10409;CST;
3PTSOKAKER6M1;VSN;
3PTSOKAKER6M2;VSN;
3PLL2629QUINMF;VSN;
3PUXFUSIO352CR;FNC;
336503515RIRV;RV;
336506941RIRV;RV;
3MASPCOR080;VRG;
336504802RIRV;RV;
3KITATUSMSC03;NEC;
3MESMARO001RV;RV;
3CADUET07ADRV;RV;
3MARTRAV570AN;VRG;
3MARMARAB40AN;VRG;
3PTLO0LAO96T1;VSN;
336504513RIRV;RV;
3ESPRFGR8MM11;VRG;
3TEC0B22194;CST;
3MARTRAAB40;VRG;
3PTCUFQVT1Z52;VSN;
3PTCUFQVT1Z55;VSN;
3TEC0D11219;CST;
336502257RIRV;RV;
3TEC0D11220;CST;
3PTLOO7YVSHC1;VSN;
3PTLOO7YVSHC2;VSN;
3PTLOO7YVSHC3;VSN;
3PTLOTA1XG2S1;VSN;
3PTCUFQVT1Z54;VSN;
3PTCUFQVT1Z51;VSN;
3PTCUFQVT1Z53;VSN;
3TEC0A10590;CST;
3FEC000BIOMET;NEC;
3TEC0C10035;CST;
3MONOCIMD11;VRG;
3MVAMME0115RV;RV;
3PTCU110123Z1;VSN;
3PTCU110123Z2;VSN;
3LUAPSFS1115Q;FNC;
3TEC0A11555;CST;
3PUXFUSIO352GF;FNC;
323706510JHRV;RV;
3SIGNM120X35PR;FNC;
3PLL2496MALTEF;VSN;
3PTCUEWXR68R3;VSN;
3PTCUEWXR68R1;VSN;
3PTCUEWXR68R2;VSN;
3PUXSHELL64DO;FNC;
3TEC0A22151;CST;
3TEC0A22004;CST;
3PUXFUSIO352BZ;FNC;
3MITOM1T2USBBR;FNC;
3LUDOBBAL1100Q;FNC;
3MASPGUA94606;VRG;
3TEC0F11243;CST;
3TEC0A22072;CST;
3TEC0B11432;CST;
3TEC0A11321;CST;
3CABEXTMOD90;NEC;
3TEC0F11201;CST;
3TEC0D10416;CST;
3TEC0E22156;CST;
3TEC0E22185;CST;
3PCU2276QUINOF;VSN;
3TEC0C22024;CST;
3AVHKTSERVODRV;FNC;
3TEC0D10444;CST;
3TEC0E22143;CST;
3TEC0E10753;CST;
3TEC0E22063;CST;
336503790RIRV;RV;
3TEC0C10431;CST;
3MVAMME0131RV;RV;
3101022TLJHRV;RV;
3101018TLJHRV;RV;
3101019TLJHRV;RV;
3PTSOB6N85B91;VSN;
3PTSOB6N85B92;VSN;
3PLL1716CINCOF;VSN;
3TEC0A10503;CST;
3TEC0B22193;CST;
3TEC0E22191;CST;
336506576RIRV;RV;
3PTCU2KIPY111;VSN;
3PTCU2KIPY112;VSN;
3PTCU2KIPY113;VSN;
3PTCU2KIPY114;VSN;
336503678RIRV;RV;
3MVAMME0120RV;RV;
336503652RIRV;RV;
3101021TLJHRV;RV;
3TEC0C11549;CST;
3PTLOLUXYCVA3;VSN;
3PTLOLUXYCVA1;VSN;
3PTLOLUXYCVA2;VSN;
3MECSJR1203RV;RV;
3TEC0D22215;CST;
3MECMJR08MVRV;RV;
3MECMJR09MVRV;RV;
336503646RIRV;RV;
3LUAPSFC709Q;FNC;
3PUXMAGNU544DO;FNC;
3MASPMAR96386;VRG;
336506127RIRV;RV;
3TEC0E22202;CST;
336503517RIRV;RV;
336504830RIRV;RV;
3PTSOBBSQAYP1;VSN;
3PTSOBBSQAYP2;VSN;
3TEC0G10486;CST;
3MONONEVPL13;VRG;
3TEC0C10765;CST;
3PERTRIINFSI80;FNC;
3LUTHIN2470Q;FNC;
3PTSOEGQ8W6U1;VSN;
3PTSOIWV5JW01;VSN;
3TEC0A11557;CST;
3MARCARPL66AN;VRG;
3MARCORPL66AN;VRG;
3MARGUAPL66AN;VRG;
3MARIMPPL66AN;VRG;
3MARMACPL66AN;VRG;
3TEC0E11151;CST;
3TEC0C11125;CST;
3LUAPSFS1012Q;FNC;
3MARIMPE770;VRG;
3TEC0C22159;CST;
3PTVREMJVOP41;VSN;
3TEC0E22146;CST;
3PTVEM4P0W8K2;VSN;
3PTVEM4P0W8K3;VSN;
3PTVEM4P0W8K4;VSN;
3PTVEM4P0W8K6;VSN;
3PTVEM4P0W8K7;VSN;
3PTVEM4P0W8K8;VSN;
3VIB794X1590B;VSN;
3TEC0C22027;CST;
3TEC0C22141;CST;
3TEC0E22170;CST;
3MARCARPL66;VRG;
3MARCORPL66;VRG;
3MARGUAPL66;VRG;
3MARMARPL66;VRG;
3MARTRAPL66;VRG;
3TEC0C22061;CST;
3MECSCR0605RV;RV;
3MECSCR0801RV;RV;
3TEC0C10183;CST;
3LUAPSFS241Q;FNC;
3TEC0A10515;CST;
3MVAMME0116RV;RV;
3MARGUADS42AN;VRG;
3MARCORACBIAN;VRG;
3TEC0D10379;CST;
3VIB200X2470B;VSN;
3PTCUZTLMNZL1;VSN;
3LUAPSFS480Q;FNC;
3LUAPSFC880Q;FNC;
3DIVTAMAD528N3;FNC;
3PCU676FREIF;VSN;
3PXEU2309AL;NEC;
3ESCS110272;NEC;
3TEC0A10588;CST;
3TEC0G10797;CST;
3ALLES001FKRV;RV;
3MARTRAVCBIAN;VRG;
3TEC0A10555;CST;
3VDTPCD0138;VSN;
3MVAMBA029RV;RV;
3SERVALMPOM50;VRG;
3MARCARDS42AN;VRG;
336506155RIRV;RV;
3TEC0A10531;CST;
3VIB1170X2470P;VSN;
3TEC0A11226;CST;
3PTSO21N35XC1;VSN;
3PTSO21N35XC2;VSN;
3TEC0C10395;CST;
3ESPRFGR8MMAM;VRG;
3TEC0P11547;CST;
3PTSO7S02BZH1;VSN;
3PTSO7S02BZH2;VSN;
3PTSO662897A1;VSN;
3PTSO662897A2;VSN;
3PTSO662897A3;VSN;
3PTSO662897A4;VSN;
3MARMARDS42;VRG;
3KITSMART40812;NEC;
3PTSOEGQ8W6U2;VSN;
3PTSOEGQ8W6U3;VSN;
3PTSOEGQ8W6U5;VSN;
3PTSOEGQ8W6U6;VSN;
3PTSOEGQ8W6U4;VSN;
3TEC0F11319;CST;
360033400JHRV;RV;
3TEC0D10386;CST;
3MMRDTR99655A;VRG;
3TEC0A10498;CST;
3TEC0A10596;CST;
3TEC0C10169;CST;
3MVAL0A3928RV;RV;
3LUDOBBAL1000Q;FNC;
3RIPA00BP0059;NEC;
3PTES1T5M2VL1;VSN;
3PTES1T5M2VL3;VSN;
3MARMACHCBIAN;VRG;
3PTSOQ774P8T2;VSN;
3PTSOQ774P8T4;VSN;
3TEC0F11299;CST;
3PERL2070NV26;VRG;
3PTVEM4P0W8K1;VSN;
3PTVEM4P0W8K5;VSN;
3BACHEACNQMRV;RV;
3BA000142QMRV;RV;
3PCU2395000LUL;VSN;
3LUAPSFS1054Q;FNC;
3PTSOMFFKX631;VSN;
3PTSOMFFKX632;VSN;
3PTSOMFFKX633;VSN;
3PTSOMFFKX634;VSN;
3MARCORACBI;VRG;
3MARGUATCBI;VRG;
3PTSO6PBFPHI1;VSN;
3PTSO6PBFPHI2;VSN;
3TEC0A11155;CST;
3PLL2668CACAMF;VSN;
3PTSOQ774P8T3;VSN;
3PTSOQ774P8T1;VSN;
3A12ESCBCPT;FNC;
3TEC0D11543;CST;
3TEC0P11548;CST;
3MONOCIMD80;VRG;
3TEC0A11275;CST;
3LUAPSFC1012Q;FNC;
3PLL2164SH155F;VSN;
3PTCUZTLMNZL2;VSN;
3TEC0C11429;CST;
3PTSOOYC2O2B1;VSN;
3PTSOOYC2O2B2;VSN;
3PTSOXRO7TGX1;VSN;
3PTSOXRO7TGX2;VSN;
3TEC0D10188;CST;
3TEC0A11564;CST;
3PTSOFAT3BM63;VSN;
3LDOBBAS500QSA;FNC;
3MVAMME0130RV;RV;
336506772RIRV;RV;
3TEC0C11192;CST;
3TEC0D10448;CST;
3PUXFUSIO544DO;FNC;
3PTES8PD6JFE7;VSN;
3LUDOBBAS300Q;FNC;
3MECMLA55MNRV;RV;
336505684RIRV;RV;
3PTESNU4HYR610;VSN;
3PTESNU4HYR621;VSN;
3DTLIN800514PR;FNC;
336503651RIRV;RV;
3PUXUDINE98PT;FNC;
3PTES73Q3WHX3;VSN;
3PTES73Q3WHX4;VSN;
3PERTRISUPSI80;FNC;
3PCU2349000LUL;VSN;
3MARIMPDS35AN;VRG;
3LUTHIN1700Q;FNC;
3SOL270A540Q;VSN;
3VIB913X2030F;VSN;
3TEC0B10517;CST;
336503683RIRV;RV;
3PCU2286CARBOF;VSN;
3PTSOQT9IKDB1;VSN;
3PTSOQT9IKDB2;VSN;
3PTCUWA4OBTS2;VSN;
3PTCUWA4OBTS4;VSN;
3ARADFLAT1063GF;FNC;
3ARADFLAT1063GP;FNC;
3ESPRFBR8MM80;VRG;
3PTSOD0IEKZR1;VSN;
3DIVTAMAD300;FNC;
3TEC0A10593;CST;
3PLL2359ANOD;VSN;
3TEC0F22155;CST;
3TEC0A10511;CST;
3TEC0A10524;CST;
3PTRO265876S1;VSN;
3TEC0E10286;CST;
3LUDOBBAS700Q;FNC;
336506582RIRV;RV;
3PUXALLEN160CV;FNC;
3MVAMBA028RV;RV;
336503504RIRV;RV;
3MARCARDS35AN;VRG;
3PTSODFB9ZGO1;VSN;
3PTSODFB9ZGO2;VSN;
3MVAL003949RV;RV;
3TEC0F22165;CST;
3TEC0F22176;CST;
3TEC0F22184;CST;
3TEC0F22084;CST;
3TEC0F22169;CST;
3MESMARO002RV;RV;
3MESMARO003RV;RV;
3MARMARDS35;VRG;
3PTSOZMPJZ371;VSN;
3PTSOZMPJZ372;VSN;
3PTCUWA4OBTS1;VSN;
3PTCUWA4OBTS3;VSN;
3SOL340A270Q;VSN;
3PCU1766000KUL;VSN;
3CALBRDBRRIRV;RV;
336507828RIRV;RV;
336502118RIRV;RV;
3TEC0A10597;CST;
3LUAPSFS912F;FNC;
3MVBB000004RV;RV;
3CRTTIPON50T;FNC;
3LUAPSFC930F;FNC;
3PCU2056ANOD;VSN;
3MMRDTR99655;VRG;
3MONONEVPL10;VRG;
3TEC0G22071;CST;
3TEC0G22174;CST;
3TEC0G22154;CST;
3PTAS970583A1;VSN;
3TEC0G22088;CST;
3LUAPSFC970Q;FNC;
3DTLIN600514PR;FNC;
3PTESMW46Q693;VSN;
3PTESMW46Q694;VSN;
3MONONEVD80;VRG;
3PXEU2576AL;NEC;
3PUXFUSIO352DO;FNC;
3LUAPSFC930Q;FNC;
3MARCORA570;VRG;
3MARGUAT570;VRG;
336503843RIRV;RV;
3PUXFUSIO544GF;FNC;
3TEC0C22209;CST;
3LUCABRETI992Q;NEC;
3TEC0C10436;CST;
3PTSOZE06JDC1;VSN;
3PTSOZE06JDC2;VSN;
3PTSOZE06JDC3;VSN;
3PTSOZE06JDC4;VSN;
336505381RIRV;RV;
3MARTRAV295AN;VRG;
3MVWUBA0039RV;RV;
3MVWUBA0011RV;RV;
3LUDOBBAL800Q;FNC;
3PTSOFAT3BM61;VSN;
3PTSOFAT3BM62;VSN;
3MVWUOM1046RV;RV;
3TEC0P11546;CST;
3DIVTAMAD578N2;FNC;
3MVAMME0133RV;RV;
3MVAMME0134RV;RV;
3LUCABRETI951Q;NEC;
3PCU620ANOD;VSN;
3LUAPSFC802Q;FNC;
336502228RIRV;RV;
3LUAPSFC787Q;FNC;
3PERTRI2071ALT;FNC;
3MVAMME0119RV;RV;
3PLL796CINCOF;VSN;
3MECMLA51MGRV;RV;
3PTCUONZV80711;VSN;
3PTCUONZV8079;VSN;
3LUAPSFS317Q;FNC;
3TEC0A22198;CST;
3TEC0A10598;CST;
3PCU746CONCRF;VSN;
3CROPORCEMACQ2;VRG;
3LUTHIN2500Q;FNC;
3MVAMBA030RV;RV;
3TEC0D11544;CST;
3PCU739CONCRF;VSN;
3PUXPLYMOU80DO;FNC;
336505483RIRV;RV;
3TEC0E10211;CST;
336506940RIRV;RV;
3NICHOMAD200;FNC;
3TEC0F11315;CST;
3RIPA00BP0081;NEC;
3PTSO73Q3WHX1;VSN;
3TEC0G10099;CST;
336503684RIRV;RV;
336504327RIRV;RV;
3TEC0C22214;CST;
3MARCARR470;VRG;
3AVHKTOP23TPON;FNC;
3PTSO578140A2;VSN;
3PTSO578140A3;VSN;
3PTSOEGQ8W6U7;VSN;
3PTSOEGQ8W6U8;VSN;
336503498RIRV;RV;
3PTLOQNZZ1G81;VSN;
3PTLOQNZZ1G82;VSN;
3LUAPSFS610Q;FNC;
3LUAPSFS830Q;FNC;
3TEC0B22039;CST;
3TEC0A11308;CST;
3ALTEAR50AV;VRG;
3PCU394QUINOF;VSN;
3PUXAD700IP;NEC;
3CRTANDTIPON35;FNC;
3AVHLALA3200SD;FNC;
3DTLIN1200414PR;FNC;
3MARIMPDS42AN;VRG;
3MARMACDS35AN;VRG;
3MARMACDS42AN;VRG;
3TEC0C11302;CST;
3LBOXFIXCAPGIC;FNC;
3DTLIN500514PR;FNC;
3PTESM831URG5;VSN;
3TEC0B10583;CST;
3PTCUONZV8078;VSN;
3MERD80PRORRV;RV;
3PUXUDINE98DO;FNC;
3LUAPSFC1212Q;FNC;
3LUAPSFC452Q;FNC;
3PLL2306MALTEF;VSN;
3MARMACDS42;VRG;
3MARTRADS42;VRG;
3DTLIN400514PR;FNC;
3PTCUONZV80710;VSN;
3PTCUONZV8077;VSN;
3MARCARRBT19AN;VRG;
3TEC0E22216;CST;
3PTCU73Q3WHX1;VSN;
3LUAPSFC950Q;FNC;
3LUAPSFC779Q;FNC;
3PTVR73Q3WHX1;VSN;
3MARGUAT295AN;VRG;
3LUTHIN2090Q;FNC;
336502292RIRV;RV;
3PLL2620QUINMF;VSN;
3TEC0E10214;CST;
3DTLIN1200514PR;FNC;
3MARCARRBT19;VRG;
3PLL2174QUINOF;VSN;
3TEC0C11292;CST;
3PTESMW46Q695;VSN;
3PTESMW46Q696;VSN;
3MARCARR295;VRG;
3MARIMPE295;VRG;
3MARMARQ295;VRG;
3MARTRAV295;VRG;
3MVWUOM1044RV;RV;
3LNHTER4053;NEC;
3LUTHIN338Q;FNC;
3TEC0A11304;CST;
3TEC0F11312;CST;
3PLL2490ANOD;VSN;
3PCU791QUINOF;VSN;
3VIB530X2400P;VSN;
3PTESTGKWO5M1;VSN;
3LUTHIN1740Q;FNC;
3PTLO73Q3WHX1;VSN;
336505531RIRV;RV;
3LUTHIN1710Q;FNC;
3LUTHIN1690Q;FNC;
3LUAPSFC990Q;FNC;
3LUAPSFS250Q;FNC;
336506971RIRV;RV;
3TEC0C10759;CST;
3LUAPSFC980Q;FNC;
3KIT000MAO;VSN;
3SIGNPRT0584PR;FNC;
3PERL2075BO26;VRG;
3PESLR6LM70X26;NEC;
3PERL2075NV26;VRG;
3TEC0A10584;CST;
3LUAPSFC938Q;FNC;
3MONOCIMPL10;VRG;
3LUAPSFS705Q;FNC;
3SKY990X572QD;VSN;
3TEC0D10398;CST;
3TEC0C10344;CST;
3CRTANDTIPON50;FNC;
3CASEALPRRIRV;RV;
3LUAPSFS1148Q;FNC;
3VIB1200X2080P;VSN;
3PTESPKAUDUE12;VSN;
3PCU2176R9002F;VSN;
3PTESX4PBTSD1;VSN;
3PTESX4PBTSD2;VSN;
336506973RIRV;RV;
3PTESPKAUDUE11;VSN;
3PTESPKAUDUE15;VSN;
3PUXALLEN160NV;FNC;
3LUTHIN1735Q;FNC;
3LUAPSFS1129Q;FNC;
33650635RIRV;RV;
3LUAPSFS470Q;FNC;
3PLL646QUINMF;VSN;
3TEC0A10529;CST;
3PTESNU4HYR613;VSN;
3PTESNU4HYR614;VSN;
3PTESNU4HYR624;VSN;
3PTESNU4HYR625;VSN;
3PTES1T5M2VL2;VSN;
3PTES1T5M2VL4;VSN;
3PUX0010741;FNC;
3LUAPSFC839Q;FNC;
3CRTANDTIPON30;FNC;
3VIB430X2161B;VSN;
3PTESNU4HYR618;VSN;
3PTESNU4HYR619;VSN;
3PTESNU4HYR628;VSN;
3PTESNU4HYR629;VSN;
3LUAPSFS912Q;FNC;
336503641RIRV;RV;
3LUAPSFS1052Q;FNC;
3PTESNU4HYR617;VSN;
3PTESNU4HYR627;VSN;
3LUAPSFC812Q;FNC;
3PTESM831URG4;VSN;
3PTESM831URG1;VSN;
3PTESM831URG2;VSN;
3PTESM831URG3;VSN;
3PTRO73Q3WHX1;VSN;
3CASEBXTPRIRV;RV;
3LUTHIN1020Q;FNC;
3TEC0A11311;CST;
3PCU1196CARBOF;VSN;
3PTESNU4HYR626;VSN;
3TEC0D11202;CST;
336505867RIRV;RV;
3MVAMME0123RV;RV;
3TEC0D11222;CST;
3TEC0A22095;CST;
3MARTRAVBT16AN;VRG;
3PUXALLEN160GF;FNC;
33650425RIRV;RV;
3TEC0B11511;CST;
3TEC0B11521;CST;
3PTVRMW46Q691;VSN;
3TEC0F11295;CST;
3TEC0F11278;CST;
3PCU490FREIF;VSN;
3LUAPSFC712Q;FNC;
336503645RIRV;RV;
336503644RIRV;RV;
3VIB1000X2240P;VSN;
3LUTHIN1476Q;FNC;
3LUTHIN960Q;FNC;
3MARCORDS35AN;VRG;
3MARGUADS35AN;VRG;
3LUAPSFS932Q;FNC;
3PFACAMAD300;FNC;
3LUDOBGAV500Q;FNC;
3SIGNPPAPTOAPR;FNC;
3VIB1050X2080P;VSN;
3LUAPSFS1055Q;FNC;
3TEC0D10392;CST;
3PLL772STEEMF;VSN;
3CASEBXBPRIRV;RV;
336505047RIRV;RV;
3LUAPSFC667Q;FNC;
336503803RIRV;RV;
3VIB1120X1860P;VSN;
3LUAPSFS1033Q;FNC;
3LUAPSFS1030F;FNC;
3LUAPSFS1030Q;FNC;
3MAMC22CDNT;VRG;
3LUAPSFC650Q;FNC;
3VIB1200X1770P;VSN;
3LUAPSFC643Q;FNC;
3PUX0010751;FNC;
3LUDOBBAS600Q;FNC;
3PTESPKAUDUE10;VSN;
3PTESPKAUDUE14;VSN;
3MARCARRBT16;VRG;
3MARTRAVBT19;VRG;
3PTESPKAUDUE9;VSN;
3PTCUONZV8076;VSN;
3LUAPSFS992Q;FNC;
3PCU916ANOD;VSN;
3PTESNU4HYR616;VSN;
3TEC0A10544;CST;
3LUAPSFS980F;FNC;
336507569RIRV;RV;
3PTESYRCYL4B1;VSN;
3PTESYRCYL4B2;VSN;
3PTESYRCYL4B4;VSN;
3PTESYRCYL4B5;VSN;
3AHFCAPSERCINZ;FNC;
3LUAPSFS970F;FNC;
3PTESYRCYL4B3;VSN;
3LUTHIN1350Q;FNC;
3PCU447QUINOF;VSN;
3PXEU2376AL;NEC;
3ALTEAR50OW;VRG;
3ALTEAR50TC;VRG;
3NICHOMAD300;FNC;
3LUDOBBAL300Q;FNC;
3VIB1200X1695P;VSN;
336504760RIRV;RV;
3LUDOBGAV618Q;FNC;
3PTSO265876S1;VSN;
3PCU2296ANOD;VSN;
3DTLIN1000514PR;FNC;
3PLL932COALAF;VSN;
3PLL1806ASPARF;VSN;
3VIB1200X1616P;VSN;
3PLL898COALAF;VSN;
3TEC0A10527;CST;
3TEC0A10563;CST;
3LBOXG0220124A;FNC;
3LBOXG0220124B;FNC;
3PCU426QUINOF;VSN;
3PTSOF0LH2G73;VSN;
3PTSOF0LH2G74;VSN;
3LUAPSFS880Q;FNC;
3VIB770X2450P;VSN;
3PTSOF0LH2G71;VSN;
3PTSOF0LH2G72;VSN;
3PTESNU4HYR615;VSN;
3TEC0D11227;CST;
3TEC0F22040;CST;
3LUAPSFS862Q;FNC;
3MARMARQ370;VRG;
3MARTRAV370;VRG;
3PTESPKAUDUE4;VSN;
3TEC0D10227;CST;
3PTESNU4HYR611;VSN;
3PTESNU4HYR612;VSN;
3PTESNU4HYR622;VSN;
3PTESNU4HYR623;VSN;
3TEC0C22227;CST;
3DTLIN1200514GF;FNC;
3PCU646COALAF;VSN;
3LUTHIN1185Q;FNC;
3MARCARR295AN;VRG;
3PCU828CARBOF;VSN;
3PCU413CINCOF;VSN;
3TEC0B10497;CST;
3LUCABRETI1118Q;NEC;
336506590RIRV;RV;
3PCU814CARBOF;VSN;
3VIB216X1500B;VSN;
3AVHSALAVANCSD;FNC;
3PCU403CINCOF;VSN;
3LUTHIN1308Q;FNC;
3VIB800X2260P;VSN;
3TEC0D10390;CST;
336503679RIRV;RV;
336505288RIRV;RV;
3TEC0D10451;CST;
3DTLIN900514GF;FNC;
336504750RIRV;RV;
3PTCUMW46Q691;VSN;
3PTES73Q3WHX1;VSN;
3TEC0B22029;CST;
3BORMC50NTFR;VRG;
3PTLOMW46Q691;VSN;
3PTES8PD6JFE3;VSN;
3PTES8PD6JFE4;VSN;
3PTES8PD6JFE5;VSN;
3PTES8PD6JFE6;VSN;
3LUCABRETI1136Q;NEC;
3TEC0A11244;CST;
3LUDOBBAL400Q;FNC;
3PTCUONZV8075;VSN;
3CROTAMARMACQ5;VRG;
3PTESPKAUDUE13;VSN;
3PCU1536ASPARF;VSN;
3LUAPSFS1600Q;FNC;
3INSUMO0009RV;RV;
3LUSPOTSUNEM3A;FNC;
3LBOXPORTAFACA;FNC;
3CRORAPADMACQ3;VRG;
3PTES73Q3WHX2;VSN;
3VIB1504X1060P;VSN;
3SIGNGANCHOPR;FNC;
3PCU736CINCOF;VSN;
3TEC0D22178;CST;
3TEC0A11280;CST;
3LUAPSFS690Q;FNC;
3PTES8PD6JFE1;VSN;
3PXEU2136AL;NEC;
3PTES8PD6JFE2;VSN;
3VIB1380X1190P;VSN;
3PUXNORD160GF;FNC;
336502021RIRV;RV;
3TEC0F11324;CST;
3TEC0D11391;CST;
3PCU474STEEMF;VSN;
3TEC0C10400;CST;
3LUTHIN1100Q;FNC;
3TEC0D10173;CST;
3VIB1303X1200P;VSN;
3ME2201INORRV;RV;
3VIB1180X1350P;VSN;
3PTROMW46Q691;VSN;
3ARPFACABLUM;FNC;
3TEC0P22096;CST;
3LUAPSFS615Q;FNC;
3ESPRFGR8MM80;VRG;
3PTESNU4HYR61;VSN;
3VIB500X1254B;VSN;
3TEC0C10240;CST;
3VIB700X2250P;VSN;
3TEC0A10549;CST;
3CRTANDTIPON40;FNC;
3TEC0A10576;CST;
3VIB700X2200P;VSN;
3PTES9YYIWS83;VSN;
3PTES9YYIWS84;VSN;
3PTES9YYIWS85;VSN;
3PTES9YYIWS86;VSN;
3PTES9YYIWS87;VSN;
3PTES9YYIWS88;VSN;
3PTESNU4HYR620;VSN;
3PTESNU4HYR630;VSN;
3AVHL20L2300SD;FNC;
3AVHS20S2BBLSD;FNC;
3PLL466CARBOF;VSN;
3LUTHIN2024Q;FNC;
3PTES9YYIWS81;VSN;
3PTES9YYIWS82;VSN;
3VIB1410X450B;VSN;
3AMBILAT3PSI80;FNC;
3VIB1092X550B;VSN;
3LUAPSFS1180F;FNC;
3TEC0A11326;CST;
3TEC0A10547;CST;
3TEC0A10551;CST;
3TEC0A10599;CST;
3LUAPSFC1230Q;FNC;
3LUAPSFS553Q;FNC;
3TEC0A10559;CST;
3VIB1010X1362P;VSN;
3TEC0D11489;CST;
3LUAPSFC1179Q;FNC;
3LUTHIN2150Q;FNC;
3LUTHIN1915Q;FNC;
3LUDOBGAV1000Q;FNC;
3PCU627ANOD;VSN;
3VIB1200X1200P;VSN;
3VIB1156X1200P;VSN;
3TEC0B10592;CST;
3TEC0C11545;CST;
3TEC0A11507;CST;
3VIB625X2200P;VSN;
3LUTHIN1795Q;FNC;
3VIB1310X1040P;VSN;
3FONTPOLNANA;NEC;
3MARMIMPBT19;VRG;
3PTSOMW46Q691;VSN;
3CONTLEDNANA;NEC;
3LUAPSFC1100Q;FNC;
3LUTHIN880Q;FNC;
3TEC0A10574;CST;
3VIB900X1540P;VSN;
3LUTHIN1800Q;FNC;
3PERL2070NW26;VRG;
3PESLR1NI70X24;NEC;
3PESLR2SI70X22;NEC;
3TEC0D22221;CST;
3TEC0F10144;CST;
3PCU604QUINOF;VSN;
3LUAPSFC974Q;FNC;
3LEDZP4000K24V;FNC;
3VIB1298X1030P;VSN;
3NICHOMAD100;FNC;
3TEC0B10526;CST;
3LUTHIN1830Q;FNC;
3LUAPSFS457Q;FNC;
3TEC0F11281;CST;
3LUAPSFC1006Q;FNC;
3LUTHIN1900Q;FNC;
3VIB1861X689P;VSN;
3PLL628ALMEDF;VSN;
3TEC0D10185;CST;
3LUAPSFC828Q;FNC;
3PCU570QUINOF;VSN;
3LUTHIN1840Q;FNC;
3PERL1946MG26;VRG;
3PERL2075TC26;VRG;
3PESLR2TR70X24;NEC;
3LUAPSFS1010Q;FNC;
336506966RIRV;RV;
3TEC0D10423;CST;
3TPLULATMD270C;FNC;
3TPLULATME270C;FNC;
3LUAPSFS386Q;FNC;
3COUBCOU332;CSD;
3TEC0C11314;CST;
3LUTHIN1714Q;FNC;
3LUDOBGAV800Q;FNC;
3LUTHIN1440Q;FNC;
3TEC0C10306;CST;
3PXEU2546AL;NEC;
3LUTHIN1650Q;FNC;
3PERL2040SL26;VRG;
3PERL2070NN26;VRG;
3PESLR1FR70X24;NEC;
3PESLR7FR70X22;NEC;
3PCU497ANOD;VSN;
3LUTHIN463Q;FNC;
3VIB915X1230P;VSN;
3TEC0D10438;CST;
3PENIVELAT52EZ;FNC;
3PUXCUPRS;FNC;
3LUTHIN1378Q;FNC;
3RIPA00BP0017;NEC;
3LUTHIN559Q;FNC;
3LUTHIN1600Q;FNC;
3MVWUPA0730RV;RV;
3LUDOBBAL700Q;FNC;
3LUAPSFC748Q;FNC;
3PLL986COALAF;VSN;
3TEC0B11455;CST;
3MONOCIMPL66;VRG;
3PCU496QUINOF;VSN;
3TEC0D10432;CST;
3PTCUONZV8072;VSN;
3PTCUONZV8073;VSN;
3PTCUONZV8074;VSN;
3PTCUONZV8071;VSN;
3PLD322QUINMF;VSN;
3PLE322QUINMF;VSN;
3PCU491ANOD;VSN;
3PCU491FREIF;VSN;
3LUTHIN1511Q;FNC;
3VIB786X1396P;VSN;
3TEXP5ACO1X2AG;FNC;
3TEC0D10389;CST;
3LUTHIN1198Q;FNC;
3LUAPSFC660Q;FNC;
3LUAPSFS268Q;FNC;
3TEC0B10595;CST;
3VIB880X1160P;VSN;
3LUAPSFS897Q;FNC;
3LUTHIN1228Q;FNC;
3LUTHIN1615Q;FNC;
3DBR00CUR107;FNC;
3LUTHIN1420Q;FNC;
3PTESPKAUDUE5;VSN;
3PTESPKAUDUE6;VSN;
3PTESPKAUDUE7;VSN;
3PTESPKAUDUE8;VSN;
3MVWUBA0150RV;RV;
3PTESNU4HYR66;VSN;
3PTESNU4HYR67;VSN;
3PTESNU4HYR68;VSN;
3PTESNU4HYR69;VSN;
3PUXRADIO27TN;FNC;
3LUAPSFS246Q;FNC;
3PCU456FREIF;VSN;
3PTESMW46Q692;VSN;
3PTESMW46Q691;VSN;
3PLL1010COALAF;VSN;
3MITOA1T2USBBR;FNC;
3PTESH834IC31;VSN;
3PTESH834IC32;VSN;
3PTESTGKWO5M3;VSN;
3PTESTGKWO5M2;VSN;
3LUTHIN520Q;FNC;
3LUTHIN1512Q;FNC;
3LUAPSFS939F;FNC;
3TEC0A10548;CST;
3VIB500X2000P;VSN;
3LUDOBBAS500Q;FNC;
3LUTHIN1235Q;FNC;
3VIB1600X1200P;VSN;
3PLD345COALAF;VSN;
3PLE345COALAF;VSN;
3LUTHIN1410Q;FNC;
3TEC0A11300;CST;
3LUAPSFS740Q;FNC;
3AVHKTCAPABSED;FNC;
3TEC0A11464;CST;
3MARCORA295AN;VRG;
3MARMARQ295AN;VRG;
3VIB980X940P;VSN;
3PTESPKAUDUE2;VSN;
3PTESPKAUDUE3;VSN;
3PTESPKAUDUE1;VSN;
3TEC0D10434;CST;
3VIB913X360F;VSN;
3PESLR4FR70X15;NEC;
3LUAPSFC458Q;FNC;
3PUXRADIO27GF;FNC;
3VIB823X1092P;VSN;
3PTESNU4HYR62;VSN;
3PTESNU4HYR63;VSN;
3PTESNU4HYR64;VSN;
3PTESNU4HYR65;VSN;
3LUTHIN415Q;FNC;
3MECSJO23TIRV;RV;
3VIB796X1134P;VSN;
3LUTHIN1296Q;FNC;
3PCU397ANOD;VSN;
3PCU396FREIF;VSN;
3VIB1300X671P;VSN;
3LUAPSFC398Q;FNC;
3VIB450X2000P;VSN;
3VIB420X2000P;VSN;
3LUTHIN1210Q;FNC;
3PUXFUSIO128GF;FNC;
3PUXCUPBZ;FNC;
3PESLR1BO70X15;NEC;
3SUPDOBRTA40BR;FNC;
3LUAPSFC311Q;FNC;
3VIB1200X350P;VSN;
3LUTHIN1145Q;FNC;
3PXEU646AL;NEC;
3PEZ030IPEQ;NEC;
3PCU357QUINOF;VSN;
3LUTHIN1115Q;FNC;
3PXEU632AL;NEC;
3PUXRADIO16DO;FNC;
3LUTHIN1000Q;FNC;
336504326RIRV;RV;
3PCU351ANOD;VSN;
3LUTHIN1080Q;FNC;
3LBOXSUPRELFRE;FNC;
3PCU400STEEMF;VSN;
3TEC0F11293;CST;
3TEC0A11322;CST;
3MITOM1T70169;FNC;
3VIB610X1160P;VSN;
3TEC0A22057;CST;
3PLL706COALAF;VSN;
3PUXALLEN160RS;FNC;
3VIB1090X1100P;VSN;
3TEC0C10339;CST;
3PLL736COALAF;VSN;
3TEC0B11524;CST;
3VIB430X646B;VSN;
3LUAPSFS490Q;FNC;
3SEALMPOM50CZ;VRG;
3TEC0A11556;CST;
3TEC0F22222;CST;
3VIB900X1000P;VSN;
3MFRANZENCR;NEC;
3INSU041259RV;RV;
3MARGUATBT19AN;VRG;
3MARMARQBT19AN;VRG;
3MARMIMPBT16AN;VRG;
3PCU312QUINOF;VSN;
3SISCORMAGIC70;FNC;
3PUXNORD160TN;FNC;
3PUXSOPRA640RS;NEC;
3MARMARQBT16;VRG;
3MARMARQBT19;VRG;
3MARTRAVBT16;VRG;
3LUTHIN598Q;FNC;
3PUXMAGNU544CR;FNC;
3PXEU401AL;NEC;
3PCU578CARBOF;VSN;
3TEC0D10223;CST;
3LUTHIN688Q;FNC;
3SIGNPTABLETPR;FNC;
3PUXPLYMOU80GF;FNC;
3INSU041561RV;RV;
3LUAPSFS408Q;FNC;
3VIB1124X510P;VSN;
3LUTHIN495Q;FNC;
3PUXSOPRA640GF;NEC;
3PUXCRETA64RS;FNC;
3PUXCRETA64GF;FNC;
3TEC0C11508;CST;
3VIB885X1105P;VSN;
3PUXRADIO38GF;FNC;
3VIB867X899P;VSN;
3CABFONTNANA;NEC;
3TEC0F11298;CST;
3BOR2MC5ABFR;VRG;
3CROPORCETRI;VRG;
3VIB588X936P;VSN;
3PCU490ANOD;VSN;
3LUAPSFS180Q;FNC;
3PCU500STEEMF;VSN;
3PUXSOPRA640CR;NEC;
3PCU523QUINOF;VSN;
3COUBCOU365;CSD;
3LUAPSFS264Q;FNC;
3PLL500STEEMF;VSN;
3PUXFUSIO128DO;FNC;
3VIB470X1040P;VSN;
3PCU456ANOD;VSN;
3TEC0F11408;CST;
3PUXUDINE98BR;FNC;
3PUXMAGNU22TN;FNC;
3PTESFXLBWXL2;VSN;
3PTESFXLBWXL1;VSN;
3VIB470X960P;VSN;
3PLD459CARBOF;VSN;
3PLE459CARBOF;VSN;
3VIB809X580P;VSN;
3AVHSCAPACINZ;FNC;
3PUXMAGNU224GF;FNC;
3VIB959X2100P;VSN;
3PXEU511AL;NEC;
3PUXCARDT85;NEC;
3VIB1050X420P;VSN;
3PUXRADIO27RS;FNC;
3CROPORCECES;VRG;
3PUXRADIO16BZ;FNC;
3PXEU766AL;NEC;
3PUXFUSIO128CR;FNC;
3PLL400STEEMF;VSN;
3PXEU400AL;NEC;
3AVHSBARESTAB;FNC;
3PUXRADIO16GF;FNC;
3INSU040377RV;RV;
3PUXMAGNU22BZ;FNC;
3VIB342X1200P;VSN;
3PUXCRETA64CV;FNC;
336505382RIRV;RV;
336506011RIRV;RV;
3VIB04100057B;VSN;
3PUXFUSIO544CR;FNC;
3TEC0D10404;CST;
3VIB885X800P;VSN;
3ARADFLAT1163GF;FNC;
3ARADFLAT1163GP;FNC;
3PXEU431AL;NEC;
3TPLUTRI27TO30;FNC;
3VIB670X530P;VSN;
3PLD324QUINMF;VSN;
3PUXFUSIO128TN;FNC;
3TEC0F11290;CST;
3PLE324QUINMF;VSN;
3AVHLBARESTAB;FNC;
3VIB625X530P;VSN;
3PXEU500AL;NEC;
3PUXALLEN160DO;FNC;
3PUXMI3000F;FNC;
3PUXNORD160NV;FNC;
3PUXNORD160RS;FNC;
3VIB216X246B;VSN;
3PUXSOPRA640AF;NEC;
3PUXSOPRA640BR;NEC;
3PUXSOPRA640BZ;NEC;
3SUP0DS20603;NEC;
3INSU044338RV;RV;
3PUXSHELL64RS;FNC;
3VIB700X450P;VSN;
3PUXCRETA64BZ;FNC;
3PUXCRETA64TN;FNC;
3TEC0C11262;CST;
3PUXNORD160DO;FNC;
3AVHSCAPSDCINZ;FNC;
3INSU042525RV;RV;
3PUXALLEN160BZ;FNC;
3PUXALLEN160TN;FNC;
3CABTOMPONANA;NEC;
3BOR2MC5FBFR;VRG;
3VIB540X270B;VSN;
3VIB04100057A;VSN;
3TEC0A22048;CST;
3ATHFCAPAORIO;FNC;
3ATHFCAPABSED;FNC;
3AVHKTCASDCINZ;FNC;
3INSU044198RV;RV;
3TEC0D10382;CST;
3PUXRADIO27BZ;FNC;
3PON46TRI2071A;FNC;
3PUXNORD160BZ;FNC;
3TEC0E11538;CST;
3RIPA00BP0066;NEC;
3PCU206QUINOF;VSN;
3VIB1102X486B;VSN;
3SDRIVCANT1MEC;FNC;
3LIMABDBRB155;FNC;
3PUXSOPRA640AP;NEC;
3AMORTEAM40ALT;FNC;
3BORMCPROTO;VRG;
3PUXMAGNU22GF;FNC;
3TEC0G10698;CSD;
3TEC0H10093;CSD;
3VIB540X270P;VSN;
3PUXSHELL64NV;FNC;
3TEC0F11277;CST;
3PUXMAGNU22CR;FNC;
3PUXPLYMOU80RS;FNC;
3PUXPLYMOU80CV;FNC;
3INSU040799RV;RV;
3TEC0A11276;CST;
3PUXCUPTN;FNC;
3VIB324X270P;VSN;
3VIB1102X230B;VSN;
3VIB1102X231B;VSN;
3PIST0NO080;FNC;
3VIB959X490P;VSN;
3VIB810X260P;VSN;
3PUXSHELL64BZ;FNC;
3PUXSHELL64TN;FNC;
3VIB697X1314P;VSN;
3PUXPLYMOU80BZ;FNC;
3PUXPLYMOU80TN;FNC;
3VIB04100057C;VSN;
3INSU042368RV;RV;
3PUXMAGNU22RS;FNC;
3AMORTEAM39ALT;FNC;
3PUXMAGNU22DO;FNC;
3TEC0F22119;CST;
3PTSOD3AT41899;VSN;
3PTSOD4AT41899;VSN;
3PUX0010721;FNC;
3TEC0F10762;CSD;
3VIB980X1270P;VSN;
3INSU030266RV;RV;
3INSU042611RV;RV;
3INSU042863RV;RV;
3TEC0C11328;CST;
3VIB697X550P;VSN;
3VIB980X480P;VSN;
3TEC0F22050;CST;
3TEC0F10149;CST;
3A6ESC2PT;FNC;
3ACFLEXSIFBR15;FNC;
3ACFLEXSIFBR18;FNC;
3ADP00INTER00;NEC;
3AHFCAPSERBSED;FNC;
3AHFCAPSERORIO;FNC;
3ALCOLM40;VRG;
3ALCOLM50;VRG;
3ALCOLM65;VRG;
3ALMCOLMEPR1;VRG;
3ALMCOLMEPR2;VRG;
3ALMO50AZUL140;VRG;
3ALMO50BEGE140;VRG;
3ALMO50CREM116;VRG;
3ALMO50GREY116;VRG;
3ALMO50GREY140;VRG;
3ALMRELG65X40;VRG;
3ALMTPF45X45;VRG;
3ALTABA50CP8;VRG;
3ALTABP50CP7;VRG;
3ALTAVL50CP1;VRG;
3ALTBIC50CP2;VRG;
3ALTEAR50VD;VRG;
3ALTEAR55AV;VRG;
3ALTEAR55OW;VRG;
3ALTEAR55TC;VRG;
3ALTFAI50CP4;VRG;
3ALTFOW50CP6;VRG;
3ALTFVF50CP9;VRG;
3ALTLNP50CP5;VRG;
3ALTPRB50CP3;VRG;
3ARADF75850A1;FNC;
3ARADF75850A2;FNC;
3ARADFLAT1263GF;FNC;
3ARADFLAT1263GP;FNC;
3ARADFLAT363GF;FNC;
3ARADFLAT363GP;FNC;
3ARADFLAT463GF;FNC;
3ARADFLAT463GP;FNC;
3ARADFLAT563GF;FNC;
3ARADFLAT563GP;FNC;
3ARADFLAT663GF;FNC;
3ARADFLAT663GP;FNC;
3ARADFLAT763GF;FNC;
3ARADFLAT763GP;FNC;
3ARADFLAT863GF;FNC;
3ARADFLAT863GP;FNC;
3ARADFLAT963GF;FNC;
3ARADFLAT963GP;FNC;
3ARBSSTP42BR;FNC;
3ARBSSTP65CA;FNC;
3ARCALCVITOCRO;NEC;
3ARCAMAPID80CI;FNC;
3ARCAMAPIE80CI;FNC;
3ARCRCONPOD;FNC;
3ARDESPEXTCLHA;FNC;
3ARDVLGGTPCZ;FNC;
3AREASYSHEL90;FNC;
3AREASYSHELF90;FNC;
3ARESCLO0600IN;FNC;
3ARESCLO0800IN;FNC;
3ARESCLO0900IN;FNC;
3ARESCLO1000IN;FNC;
3ARESTFRTP;FNC;
3ARESTLATP100;FNC;
3ARESTLATP110;FNC;
3ARESTLATP120;FNC;
3ARESTLATP90;FNC;
3ARLIXCUBE30FR;FNC;
3ARLIXCUBE40FR;FNC;
3ARLXSEP8649CZ;FNC;
3ARLXUNO3720IN;FNC;
3ARMECABELCLHA;FNC;
3ARPCON400BLUM;FNC;
3ARPDUTO250CI;FNC;
3ARSUTRDUTP;FNC;
3ARTC0075642;FNC;
3ARTPST80NPO;NEC;
3ARTPSTI80NPO;NEC;
3ATAHFSDINTEOR;FNC;
3ATAHFSERVCACO;FNC;
3ATAHFSERVINTE;FNC;
3ATAHKXS1600TO;FNC;
3ATHFCAPACZORI;FNC;
3ATUMOTONANA;NEC;
3AVHKTCAPAORIO;FNC;
3AVHKTCASDBSED;FNC;
3AVHKTCASDORIO;FNC;
3AVHKTOP2300SD;FNC;
3AVHKTOP2300TO;FNC;
3AVHKTOP2500SD;FNC;
3AVHKTOP2700SD;FNC;
3AVHKTOP2900SD;FNC;
3AVHKTOP2900TO;FNC;
3AVHKTOP29TPON;FNC;
3AVHL20L2100SD;FNC;
3AVHL20L2500SD;FNC;
3AVHL20L2700SD;FNC;
3AVHL20L2900SD;FNC;
3AVHL2939T2SDR;FNC;
3AVHLALA3500SD;FNC;
3AVHLALA3800SD;FNC;
3AVHLALA3900SD;FNC;
3AVHLALAV3200;FNC;
3AVHLALAV3500;FNC;
3AVHLALAV3800;FNC;
3AVHLALAV3900;FNC;
3AVHLALAVANCA;FNC;
3AVHLALAVANCSD;FNC;
3AVHLCAPABSED;FNC;
3AVHLCAPACINZ;FNC;
3AVHLCAPAORIO;FNC;
3AVHLCAPASDORI;FNC;
3AVHLCAPSDBSED;FNC;
3AVHLCAPSDCINZ;FNC;
3AVHLCAPSDORIO;FNC;
3AVHS20S2ABLSD;FNC;
3AVHS20S2CBLSD;FNC;
3AVHS20S2DBLSD;FNC;
3AVHS20S2EBLSD;FNC;
3AVHS20S2ESDRI;FNC;
3AVHS20S2FBLSD;FNC;
3AVHS20S2GBLSD;FNC;
3AVHS20S2HBLSD;FNC;
3AVHS20S2IBLSD;FNC;
3AVHSALAVANCDE;FNC;
3AVHSALAVANCSV;FNC;
3AVHSCAPABSED;FNC;
3AVHSCAPAORIO;FNC;
3AVHSCAPASDORI;FNC;
3AVHSCAPSDBSED;FNC;
3AVHSCAPSDORIO;FNC;
3AVHSS1E00SDE1;FNC;
3AVINTSRDBSED;FNC;
3AVINTSRDORIO;FNC;
3BLUMOTION973A;FNC;
3BOR2MC5A96462;VRG;
3BOR2MC5AAFR;VRG;
3BOR2MC5AMFR;VRG;
3BOR2MC5BRFR;VRG;
3BOR2MC5CCFR;VRG;
3BOR2MC5FPFR;VRG;
3BOR2MC5NTFR;VRG;
3BOR2MC5RBFR;VRG;
3BOR2MC5VBFR;VRG;
3BOR2MC5VKFR;VRG;
3BOR2MC5VLFR;VRG;
3BOR2MC5VRFR;VRG;
3BORMC50287179;VRG;
3BORMC50ABFR;VRG;
3BORMC50ABFX;VRG;
3BORMC50BRFR;VRG;
3BORMC50BRFX;VRG;
3BORMC50CCFX;VRG;
3BORMC50FCFR;VRG;
3BORMC50FCFX;VRG;
3BORMC50FLFX;VRG;
3BORMC50NTFX;VRG;
3BORMC50PTFR;VRG;
3BORMC50PTFX;VRG;
3BORMC50RBFR;VRG;
3BORMC50RBFX;VRG;
3BORMC50VBFR;VRG;
3BORMC50VBFX;VRG;
3BORMC50VLFR;VRG;
3BORMC50VLFX;VRG;
3BORMC50VRFR;VRG;
3BORMC50VRFX;VRG;
3BORMN45CL;NEC;
3BORMN45CR;NEC;
3BORMN50CR;NEC;
3BORMN50VD;NEC;
3BPERFMAD600;FNC;
3BPERFMAD700;FNC;
3BPERFMAD800;FNC;
3C1020FU160X74;FNC;
3C1020FU200X74;FNC;
3CAB00CROMA;NEC;
3CABEXTMOD85;NEC;
3CABGRCROMA;NEC;
3CABOPLUGHAFE;FNC;
3CABSOULDOUR;FNC;
3CABSOULINOX;FNC;
3CABSOULPRET;FNC;
3CABSOULROSE;FNC;
3CABSOULVCOB;FNC;
3CANBRAN275;NEC;
3CANORGINOX45;FNC;
3CANTMETLAL0;NEC;
3CAPLEG311023;FNC;
3CAPTRIPASAM30;FNC;
3CAVLED1160QAL;FNC;
3CAVLED1640QAL;FNC;
3CAVLED1880QAL;FNC;
3CAVLED2000QAL;FNC;
3CAVLED2360QAL;FNC;
3CAVLED2400QAL;FNC;
3CAVLED3000QAL;FNC;
3CAVLEDKITFIX;FNC;
3CENTSMA32164;NEC;
3CENTSMA34783;NEC;
3CH1020FU74X74;FNC;
3CHACR99857;FNC;
3CHICENTSMAR01;NEC;
3CHLD1238CCTX10;NEC;
3CHLD15CCTX10;NEC;
3CHLD1979CCTX10;NEC;
3CHLD2008CCTX10;NEC;
3CHLD962CCTX10;NEC;
3CHPE300X120D6;FNC;
3CON45LINK08;FNC;
3CONECTORSIGN;FNC;
3CONRETOLINK12;FNC;
3CONTR01CAN;NEC;
3CONTR02CAN;NEC;
3CONTR03CAN;NEC;
3CONTR04CAN;NEC;
3CORTELTT58FGV;FNC;
3CRD0000035;NEC;
3CRDINQV6SCT;NEC;
3CRDTANDE27P;NEC;
3CRDTANDE35P;NEC;
3CRDTANDE50P;NEC;
3CRDTANDE55;NEC;
3CRDTANDE55P;NEC;
3CRDTANDE65SCO;FNC;
3CRDTIPOB27;NEC;
3CROCINONMACS4;VRG;
3CROPOLARLIS;VRG;
3CROPOLARMACQ1;VRG;
3CROPOLARMACS1;VRG;
3CROPOLARQU1;VRG;
3CROPORCELIS;VRG;
3CROPORCEMACS2;VRG;
3CROPORCEPR1;VRG;
3CROPORCEQU1;VRG;
3CRORAPADCES;VRG;
3CRORAPADMACS3;VRG;
3CRORAPADTRI;VRG;
3CROTAMARQU5;VRG;
3CRTANDTIPON27;FNC;
3CVA50W12V5A;FNC;
3DBR170CTBPASM;FNC;
3DBRCALCOCLIPC;NEC;
3DBRPIANO3M;NEC;
3DBRTOPEMBUT;NEC;
3DESPORTAAL;FNC;
3DIVTAMAD178;FNC;
3DIVTAMAD200;FNC;
3DIVTAMAD228;FNC;
3DIVTAMAD328;FNC;
3DIVTAMAD378;FNC;
3DIVTAMAD428;FNC;
3DIVTAMAD428N2;FNC;
3DIVTAMAD528N2;FNC;
3DOBINTPDOMAEZ;FNC;
3DRIVER12VHAFE;FNC;
3DTLIN1000514GF;FNC;
3DTLIN300514GF;FNC;
3DTLIN300514PR;FNC;
3DTLIN400514GF;FNC;
3DTLIN500514GF;FNC;
3DTLIN600514GF;FNC;
3DTLIN700514GF;FNC;
3DTLIN700514PR;FNC;
3DTLIN800514GF;FNC;
3DTLIN900514PR;FNC;
3ESCBCLO12/14;NEC;
3ESCBCLO15/17;NEC;
3ESCPRAINOX30;FNC;
3ESCTALINOX15;FNC;
3ESH1400X700AF;VSN;
3ESH1940X1200AF;VSN;
3ESH660X700AF;VSN;
3ESH830X600IF;VSN;
3ESH835X900AF;VSN;
3ESH980X764AF;VSN;
3ESKHF999X999A;FNC;
3ESKHF999X999B;FNC;
3ESKHF999X999D;FNC;
3ESKHF999X999G;FNC;
3ESKHF999X999I;FNC;
3ESKHF999X999P;FNC;
3ESKHT1940X1200;VSN;
3ESKHT999X999A;FNC;
3ESKHT999X999B;FNC;
3ESKHT999X999D;FNC;
3ESKHT999X999G;FNC;
3ESKHT999X999I;FNC;
3ESKHT999X999P;FNC;
3ESKVF999X999A;FNC;
3ESKVF999X999B;FNC;
3ESKVF999X999D;FNC;
3ESKVF999X999G;FNC;
3ESKVF999X999I;FNC;
3ESKVF999X999P;FNC;
3ESKVT999X999A;FNC;
3ESKVT999X999B;FNC;
3ESKVT999X999D;FNC;
3ESKVT999X999G;FNC;
3ESKVT999X999I;FNC;
3ESKVT999X999P;FNC;
3ESP0004AT38040;VSN;
3ESPRFBRQT10;VRG;
3ESPRFBRQT12;VRG;
3ESPRFBRQT15;VRG;
3ESPRFBRQT16;VRG;
3ESPRFBRQT80;VRG;
3ESPRFGRQT10;VRG;
3ESPRFGRQT12;VRG;
3ESPRFGRQT15;VRG;
3ESPRFGRQT16;VRG;
3ESPRFGRQT80;VRG;
3ESV1057X1303PF;VSN;
3ESV1300X1100AF;VSN;
3ESV1300X2000AF;VSN;
3ESV700X1000AF;VSN;
3ESV700X1200AF;VSN;
3ESV700X1400AF;VSN;
3ESV700X545AF;VSN;
3ESV800X962BF;VSN;
3ESV900X1627.5A;VSN;
3ESV900X1627AF;VSN;
3ESV954X940AF;VSN;
3ESV958X1570AF;VSN;
3ETI0000752;NEC;
3FE000STAM901;FNC;
3FEC000COR18;NEC;
3FECTOQARTNIH;FNC;
3FEPCORLEX2400;NEC;
3FIOSOESTANH05;FNC;
3FIT2245PVCACI;FNC;
3FIXHOROCTOPUS;FNC;
3FIXVEROCTOPUS;FNC;
3FONTESTPC00;NEC;
3FRO0DS16607;NEC;
3FRO0DS16608;NEC;
3FRO0DS16609;NEC;
3FRO0DS16711;NEC;
3FRO0DS16712;NEC;
3FRON00BABY;VRG;
3GABTHINALLU;FNC;
3GANFWZEN10F;FNC;
3GAVBOXSI50;FNC;
3GAVCALOGDI;FNC;
3GAVCALOGES;FNC;
3GAVGUIDI50;FNC;
3GAVGUIES50;FNC;
3GAVLATDI50;FNC;
3GAVLATES50;FNC;
3GAVRELIN50;FNC;
3GAVSUPALDI;FNC;
3GAVSUPALES;FNC;
3GAVSUPBADI;FNC;
3GAVSUPBAES;FNC;
3GDVEF0038015;FNC;
3GDVEFORNO700;FNC;
3GDVEFORNO800;FNC;
3GUI94040073;NEC;
3GUIA2F7C7002;FNC;
3GUIA2F7C70E2;FNC;
3GUIA2F7C70T2;FNC;
3HASTTRA080AN;VRG;
3KIT2PTCORAM;FNC;
3KIT3PTCORAM;FNC;
3KITAT28135A;NEC;
3KITAT28873;NEC;
3KITATU191022;NEC;
3KITATUA21794;NEC;
3KITATUAA53191;NEC;
3KITATUAS39129;NEC;
3KITATUAS7533;NEC;
3KITATUE21794;NEC;
3KITATUE25547;NEC;
3KITATUE32252;NEC;
3KITATUE33428;NEC;
3KITATUENC50079;NEC;
3KITATUEP103126;NEC;
3KITATUSMAER01;NEC;
3KITATUSMAER02;NEC;
3KITATUSMAER04;NEC;
3KITATUSMAS01;NEC;
3KITATUSMAS02;NEC;
3KITATUSMAS04;NEC;
3KITATUSMENC04;NEC;
3KITATUSMSC02;NEC;
3KITATUSMSC02CT;NEC;
3KITCBAU36025;NEC;
3KITLL00320Q;NEC;
3KITLL00520Q;NEC;
3KITLL00620Q;NEC;
3KITLL00720Q;NEC;
3KITLL00820Q;NEC;
3KITMECRAT31112;NEC;
3KITMECRAT31349;NEC;
3KITMECRAT32568;NEC;
3KITMECRAT33406;NEC;
3KITPLVA970;NEC;
3KITPORVITRA;FNC;
3KITSMAO4PTDIR;FNC;
3KITSMAO4PTESQ;FNC;
3KITSUPODOMAEZ;FNC;
3KITTIPOB50;FNC;
3KITUB1P1263CR;FNC;
3LA00000886;NEC;
3LA00000911;NEC;
3LBOXCPFRONMD;FNC;
3LBOXCPFRONME;FNC;
3LBOXCPTRASCD;FNC;
3LBOXCPTRASCE;FNC;
3LBOXFIXFRONME;FNC;
3LBOXGVPUO144K;FNC;
3LBOXKFRA100FO;FNC;
3LBOXKITFRONMD;FNC;
3LBOXMOL242FO;FNC;
3LBOXMOL242MO;FNC;
3LBOXPERA242CO;FNC;
3LEDCABFLE90FQ;FNC;
3LEDFONT150W12;NEC;
3LEDZP3000K12M;FNC;
3LEDZP4000K12M;FNC;
3LEDZP4000K1M;FNC;
3LEDZP4000K7M;FNC;
3LEDZP4000K9M;FNC;
3LI4CROBARPORC;VRG;
3LI4CROBARTAMA;VRG;
3LINCROBARPOLA;VRG;
3LINCROBARPORC;VRG;
3LINCROBARRAPA;VRG;
3LINCROBARTAMA;VRG;
3LINKAQ335CH;FNC;
3LIXEMBINOX5L;FNC;
3LNHTER0557;NEC;
3LNHTER3249;NEC;
3LNHTER3265;NEC;
3LNHTER4055;NEC;
3LNHTER4063;NEC;
3LNHTER5374;NEC;
3LNHTER7625;NEC;
3LNHTER7652;NEC;
3LNHTER8094;NEC;
3LNHTER9000;NEC;
3LUACRCIRF;FNC;
3LUACRRETF;FNC;
3LUAPSF1157Q;FNC;
3LUAPSF1182Q;FNC;
3LUAPSF987Q;FNC;
3LUAPSFC1008F;FNC;
3LUAPSFC1010Q;FNC;
3LUAPSFC1013Q;FNC;
3LUAPSFC1014F;FNC;
3LUAPSFC1019Q;FNC;
3LUAPSFC1024F;FNC;
3LUAPSFC1024Q;FNC;
3LUAPSFC1030Q;FNC;
3LUAPSFC1044F;FNC;
3LUAPSFC1044Q;FNC;
3LUAPSFC1060F;FNC;
3LUAPSFC1060Q;FNC;
3LUAPSFC1064Q;FNC;
3LUAPSFC1068Q;FNC;
3LUAPSFC1074Q;FNC;
3LUAPSFC1075Q;FNC;
3LUAPSFC1082F;FNC;
3LUAPSFC1090Q;FNC;
3LUAPSFC1092Q;FNC;
3LUAPSFC1094Q;FNC;
3LUAPSFC1107Q;FNC;
3LUAPSFC1110Q;FNC;
3LUAPSFC1124F;FNC;
3LUAPSFC1132Q;FNC;
3LUAPSFC1134Q;FNC;
3LUAPSFC1144F;FNC;
3LUAPSFC1144Q;FNC;
3LUAPSFC1160F;FNC;
3LUAPSFC1160Q;FNC;
3LUAPSFC1162Q;FNC;
3LUAPSFC1174F;FNC;
3LUAPSFC1196Q;FNC;
3LUAPSFC1200F;FNC;
3LUAPSFC1206F;FNC;
3LUAPSFC1218F;FNC;
3LUAPSFC1244F;FNC;
3LUAPSFC1244Q;FNC;
3LUAPSFC1269Q;FNC;
3LUAPSFC1290F;FNC;
3LUAPSFC1344Q;FNC;
3LUAPSFC1362Q;FNC;
3LUAPSFC1500F;FNC;
3LUAPSFC1754Q;FNC;
3LUAPSFC260Q;FNC;
3LUAPSFC261Q;FNC;
3LUAPSFC266Q;FNC;
3LUAPSFC268Q;FNC;
3LUAPSFC294Q;FNC;
3LUAPSFC310F;FNC;
3LUAPSFC312Q;FNC;
3LUAPSFC316F;FNC;
3LUAPSFC332Q;FNC;
3LUAPSFC355Q;FNC;
3LUAPSFC358F;FNC;
3LUAPSFC359Q;FNC;
3LUAPSFC360Q;FNC;
3LUAPSFC368Q;FNC;
3LUAPSFC373F;FNC;
3LUAPSFC386F;FNC;
3LUAPSFC398F;FNC;
3LUAPSFC410Q;FNC;
3LUAPSFC412F;FNC;
3LUAPSFC413F;FNC;
3LUAPSFC413Q;FNC;
3LUAPSFC416Q;FNC;
3LUAPSFC418Q;FNC;
3LUAPSFC436Q;FNC;
3LUAPSFC456F;FNC;
3LUAPSFC460Q;FNC;
3LUAPSFC466Q;FNC;
3LUAPSFC470Q;FNC;
3LUAPSFC497F;FNC;
3LUAPSFC500F;FNC;
3LUAPSFC510F;FNC;
3LUAPSFC510Q;FNC;
3LUAPSFC513Q;FNC;
3LUAPSFC516Q;FNC;
3LUAPSFC518F;FNC;
3LUAPSFC520Q;FNC;
3LUAPSFC524Q;FNC;
3LUAPSFC546Q;FNC;
3LUAPSFC548Q;FNC;
3LUAPSFC550F;FNC;
3LUAPSFC55438;FNC;
3LUAPSFC554Q;FNC;
3LUAPSFC560F;FNC;
3LUAPSFC560Q;FNC;
3LUAPSFC566Q;FNC;
3LUAPSFC568Q;FNC;
3LUAPSFC573F;FNC;
3LUAPSFC573Q;FNC;
3LUAPSFC594Q;FNC;
3LUAPSFC598Q;FNC;
3LUAPSFC603Q;FNC;
3LUAPSFC604F;FNC;
3LUAPSFC610F;FNC;
3LUAPSFC610Q;FNC;
3LUAPSFC637Q;FNC;
3LUAPSFC644Q;FNC;
3LUAPSFC645Q;FNC;
3LUAPSFC660F;FNC;
3LUAPSFC662F;FNC;
3LUAPSFC675Q;FNC;
3LUAPSFC684Q;FNC;
3LUAPSFC692Q;FNC;
3LUAPSFC694F;FNC;
3LUAPSFC694Q;FNC;
3LUAPSFC697F;FNC;
3LUAPSFC710F;FNC;
3LUAPSFC710Q;FNC;
3LUAPSFC722F;FNC;
3LUAPSFC724F;FNC;
3LUAPSFC732Q;FNC;
3LUAPSFC735Q;FNC;
3LUAPSFC738Q;FNC;
3LUAPSFC744Q;FNC;
3LUAPSFC749Q;FNC;
3LUAPSFC752Q;FNC;
3LUAPSFC755F;FNC;
3LUAPSFC760F;FNC;
3LUAPSFC760Q;FNC;
3LUAPSFC764Q;FNC;
3LUAPSFC765Q;FNC;
3LUAPSFC767Q;FNC;
3LUAPSFC770F;FNC;
3LUAPSFC774Q;FNC;
3LUAPSFC782Q;FNC;
3LUAPSFC784F;FNC;
3LUAPSFC794Q;FNC;
3LUAPSFC796Q;FNC;
3LUAPSFC797Q;FNC;
3LUAPSFC799F;FNC;
3LUAPSFC803Q;FNC;
3LUAPSFC805Q;FNC;
3LUAPSFC810F;FNC;
3LUAPSFC810Q;FNC;
3LUAPSFC824F;FNC;
3LUAPSFC824Q;FNC;
3LUAPSFC830Q;FNC;
3LUAPSFC832Q;FNC;
3LUAPSFC838Q;FNC;
3LUAPSFC844F;FNC;
3LUAPSFC844Q;FNC;
3LUAPSFC847Q;FNC;
3LUAPSFC849Q;FNC;
3LUAPSFC852Q;FNC;
3LUAPSFC853Q;FNC;
3LUAPSFC856Q;FNC;
3LUAPSFC859Q;FNC;
3LUAPSFC860F;FNC;
3LUAPSFC860Q;FNC;
3LUAPSFC862F;FNC;
3LUAPSFC864Q;FNC;
3LUAPSFC866F;FNC;
3LUAPSFC870Q;FNC;
3LUAPSFC874F;FNC;
3LUAPSFC874Q;FNC;
3LUAPSFC882Q;FNC;
3LUAPSFC884Q;FNC;
3LUAPSFC889F;FNC;
3LUAPSFC894F;FNC;
3LUAPSFC900Q;FNC;
3LUAPSFC902Q;FNC;
3LUAPSFC910F;FNC;
3LUAPSFC910Q;FNC;
3LUAPSFC912Q;FNC;
3LUAPSFC914F;FNC;
3LUAPSFC919Q;FNC;
3LUAPSFC921Q;FNC;
3LUAPSFC922Q;FNC;
3LUAPSFC924F;FNC;
3LUAPSFC924Q;FNC;
3LUAPSFC934F;FNC;
3LUAPSFC941F;FNC;
3LUAPSFC941Q;FNC;
3LUAPSFC942Q;FNC;
3LUAPSFC944F;FNC;
3LUAPSFC944Q;FNC;
3LUAPSFC954Q;FNC;
3LUAPSFC960F;FNC;
3LUAPSFC960Q;FNC;
3LUAPSFC969Q;FNC;
3LUAPSFC982Q;FNC;
3LUAPSFC984Q;FNC;
3LUAPSFC989Q;FNC;
3LUAPSFC992Q;FNC;
3LUAPSFC994F;FNC;
3LUAPSFC994Q;FNC;
3LUAPSFS1000Q;FNC;
3LUAPSFS1004Q;FNC;
3LUAPSFS1006Q;FNC;
3LUAPSFS1009Q;FNC;
3LUAPSFS1010F;FNC;
3LUAPSFS1013F;FNC;
3LUAPSFS1013Q;FNC;
3LUAPSFS1014F;FNC;
3LUAPSFS1018Q;FNC;
3LUAPSFS1022F;FNC;
3LUAPSFS1024F;FNC;
3LUAPSFS1024Q;FNC;
3LUAPSFS1028Q;FNC;
3LUAPSFS1029Q;FNC;
3LUAPSFS1034Q;FNC;
3LUAPSFS1035Q;FNC;
3LUAPSFS1041Q;FNC;
3LUAPSFS1044F;FNC;
3LUAPSFS1044Q;FNC;
3LUAPSFS1050Q;FNC;
3LUAPSFS1059.5Q;FNC;
3LUAPSFS1059Q;FNC;
3LUAPSFS1060F;FNC;
3LUAPSFS1060Q;FNC;
3LUAPSFS1062Q;FNC;
3LUAPSFS1064Q;FNC;
3LUAPSFS1072Q;FNC;
3LUAPSFS1074Q;FNC;
3LUAPSFS1078F;FNC;
3LUAPSFS1081Q;FNC;
3LUAPSFS1084Q;FNC;
3LUAPSFS1086F;FNC;
3LUAPSFS1087Q;FNC;
3LUAPSFS1092Q;FNC;
3LUAPSFS1094F;FNC;
3LUAPSFS1094Q;FNC;
3LUAPSFS1095F;FNC;
3LUAPSFS1095Q;FNC;
3LUAPSFS1098Q;FNC;
3LUAPSFS1099Q;FNC;
3LUAPSFS1100Q;FNC;
3LUAPSFS1102F;FNC;
3LUAPSFS1102Q;FNC;
3LUAPSFS1107F;FNC;
3LUAPSFS1109Q;FNC;
3LUAPSFS1110F;FNC;
3LUAPSFS1110Q;FNC;
3LUAPSFS1114F;FNC;
3LUAPSFS1119F;FNC;
3LUAPSFS1124F;FNC;
3LUAPSFS1131F;FNC;
3LUAPSFS1133Q;FNC;
3LUAPSFS1144F;FNC;
3LUAPSFS1144Q;FNC;
3LUAPSFS1149Q;FNC;
3LUAPSFS1150Q;FNC;
3LUAPSFS1154Q;FNC;
3LUAPSFS1160F;FNC;
3LUAPSFS1160Q;FNC;
3LUAPSFS1170F;FNC;
3LUAPSFS1170Q;FNC;
3LUAPSFS1174F;FNC;
3LUAPSFS1174Q;FNC;
3LUAPSFS1176Q;FNC;
3LUAPSFS1184Q;FNC;
3LUAPSFS1189Q;FNC;
3LUAPSFS1194Q;FNC;
3LUAPSFS1195Q;FNC;
3LUAPSFS1200F;FNC;
3LUAPSFS1202Q;FNC;
3LUAPSFS1203Q;FNC;
3LUAPSFS1212Q;FNC;
3LUAPSFS1234F;FNC;
3LUAPSFS1244F;FNC;
3LUAPSFS1300Q;FNC;
3LUAPSFS1344Q;FNC;
3LUAPSFS1400F;FNC;
3LUAPSFS1660Q;FNC;
3LUAPSFS1750Q;FNC;
3LUAPSFS1960Q;FNC;
3LUAPSFS260Q;FNC;
3LUAPSFS280Q;FNC;
3LUAPSFS312Q;FNC;
3LUAPSFS316Q;FNC;
3LUAPSFS318Q;FNC;
3LUAPSFS328Q;FNC;
3LUAPSFS330F;FNC;
3LUAPSFS342Q;FNC;
3LUAPSFS343Q;FNC;
3LUAPSFS344Q;FNC;
3LUAPSFS346Q;FNC;
3LUAPSFS348Q;FNC;
3LUAPSFS350Q;FNC;
3LUAPSFS352Q;FNC;
3LUAPSFS358Q;FNC;
3LUAPSFS360F;FNC;
3LUAPSFS360Q;FNC;
3LUAPSFS364Q;FNC;
3LUAPSFS366F;FNC;
3LUAPSFS366Q;FNC;
3LUAPSFS368F;FNC;
3LUAPSFS368Q;FNC;
3LUAPSFS369F;FNC;
3LUAPSFS373F;FNC;
3LUAPSFS380Q;FNC;
3LUAPSFS388Q;FNC;
3LUAPSFS391F;FNC;
3LUAPSFS393F;FNC;
3LUAPSFS394Q;FNC;
3LUAPSFS407Q;FNC;
3LUAPSFS410F;FNC;
3LUAPSFS412F;FNC;
3LUAPSFS413F;FNC;
3LUAPSFS413Q;FNC;
3LUAPSFS418Q;FNC;
3LUAPSFS429Q;FNC;
3LUAPSFS431Q;FNC;
3LUAPSFS432F;FNC;
3LUAPSFS443Q;FNC;
3LUAPSFS444F;FNC;
3LUAPSFS446Q;FNC;
3LUAPSFS447F;FNC;
3LUAPSFS447Q;FNC;
3LUAPSFS449Q;FNC;
3LUAPSFS450Q;FNC;
3LUAPSFS452Q;FNC;
3LUAPSFS454Q;FNC;
3LUAPSFS460F;FNC;
3LUAPSFS460Q;FNC;
3LUAPSFS461F;FNC;
3LUAPSFS461Q;FNC;
3LUAPSFS462Q;FNC;
3LUAPSFS466F;FNC;
3LUAPSFS466Q;FNC;
3LUAPSFS468Q;FNC;
3LUAPSFS469Q;FNC;
3LUAPSFS471Q;FNC;
3LUAPSFS474Q;FNC;
3LUAPSFS482Q;FNC;
3LUAPSFS493Q;FNC;
3LUAPSFS494F;FNC;
3LUAPSFS494Q;FNC;
3LUAPSFS495Q;FNC;
3LUAPSFS499Q;FNC;
3LUAPSFS500Q;FNC;
3LUAPSFS501Q;FNC;
3LUAPSFS502Q;FNC;
3LUAPSFS510Q;FNC;
3LUAPSFS520Q;FNC;
3LUAPSFS533Q;FNC;
3LUAPSFS534Q;FNC;
3LUAPSFS540Q;FNC;
3LUAPSFS544F;FNC;
3LUAPSFS544Q;FNC;
3LUAPSFS548F;FNC;
3LUAPSFS550F;FNC;
3LUAPSFS559Q;FNC;
3LUAPSFS560F;FNC;
3LUAPSFS560Q;FNC;
3LUAPSFS562F;FNC;
3LUAPSFS562Q;FNC;
3LUAPSFS566F;FNC;
3LUAPSFS566Q;FNC;
3LUAPSFS568F;FNC;
3LUAPSFS568Q;FNC;
3LUAPSFS573F;FNC;
3LUAPSFS573Q;FNC;
3LUAPSFS574Q;FNC;
3LUAPSFS582Q;FNC;
3LUAPSFS594Q;FNC;
3LUAPSFS600Q;FNC;
3LUAPSFS611F;FNC;
3LUAPSFS612Q;FNC;
3LUAPSFS616Q;FNC;
3LUAPSFS618F;FNC;
3LUAPSFS632Q;FNC;
3LUAPSFS634Q;FNC;
3LUAPSFS642Q;FNC;
3LUAPSFS644F;FNC;
3LUAPSFS644Q;FNC;
3LUAPSFS652Q;FNC;
3LUAPSFS654F;FNC;
3LUAPSFS655F;FNC;
3LUAPSFS655Q;FNC;
3LUAPSFS660F;FNC;
3LUAPSFS660Q;FNC;
3LUAPSFS662Q;FNC;
3LUAPSFS664Q;FNC;
3LUAPSFS672F;FNC;
3LUAPSFS674F;FNC;
3LUAPSFS674Q;FNC;
3LUAPSFS679Q;FNC;
3LUAPSFS682F;FNC;
3LUAPSFS682Q;FNC;
3LUAPSFS686Q;FNC;
3LUAPSFS687Q;FNC;
3LUAPSFS689Q;FNC;
3LUAPSFS692Q;FNC;
3LUAPSFS693Q;FNC;
3LUAPSFS694F;FNC;
3LUAPSFS694Q;FNC;
3LUAPSFS702Q;FNC;
3LUAPSFS704Q;FNC;
3LUAPSFS708Q;FNC;
3LUAPSFS709F;FNC;
3LUAPSFS712F;FNC;
3LUAPSFS712Q;FNC;
3LUAPSFS721Q;FNC;
3LUAPSFS722F;FNC;
3LUAPSFS724F;FNC;
3LUAPSFS724Q;FNC;
3LUAPSFS726F;FNC;
3LUAPSFS734Q;FNC;
3LUAPSFS742Q;FNC;
3LUAPSFS744F;FNC;
3LUAPSFS744Q;FNC;
3LUAPSFS747Q;FNC;
3LUAPSFS754F;FNC;
3LUAPSFS755F;FNC;
3LUAPSFS756Q;FNC;
3LUAPSFS760F;FNC;
3LUAPSFS760Q;FNC;
3LUAPSFS762Q;FNC;
3LUAPSFS764Q;FNC;
3LUAPSFS765Q;FNC;
3LUAPSFS768F;FNC;
3LUAPSFS772Q;FNC;
3LUAPSFS774F;FNC;
3LUAPSFS774Q;FNC;
3LUAPSFS778F;FNC;
3LUAPSFS780Q;FNC;
3LUAPSFS781F;FNC;
3LUAPSFS784Q;FNC;
3LUAPSFS787F;FNC;
3LUAPSFS790F;FNC;
3LUAPSFS790Q;FNC;
3LUAPSFS792Q;FNC;
3LUAPSFS794F;FNC;
3LUAPSFS794Q;FNC;
3LUAPSFS795Q;FNC;
3LUAPSFS796Q;FNC;
3LUAPSFS797Q;FNC;
3LUAPSFS798F;FNC;
3LUAPSFS800Q;FNC;
3LUAPSFS801F;FNC;
3LUAPSFS804Q;FNC;
3LUAPSFS805F;FNC;
3LUAPSFS810F;FNC;
3LUAPSFS810Q;FNC;
3LUAPSFS811F;FNC;
3LUAPSFS824Q;FNC;
3LUAPSFS829Q;FNC;
3LUAPSFS832F;FNC;
3LUAPSFS834F;FNC;
3LUAPSFS839Q;FNC;
3LUAPSFS840F;FNC;
3LUAPSFS840Q;FNC;
3LUAPSFS844F;FNC;
3LUAPSFS844Q;FNC;
3LUAPSFS849Q;FNC;
3LUAPSFS854F;FNC;
3LUAPSFS854Q;FNC;
3LUAPSFS860F;FNC;
3LUAPSFS860Q;FNC;
3LUAPSFS864Q;FNC;
3LUAPSFS869Q;FNC;
3LUAPSFS874F;FNC;
3LUAPSFS874Q;FNC;
3LUAPSFS882Q;FNC;
3LUAPSFS884F;FNC;
3LUAPSFS884Q;FNC;
3LUAPSFS889F;FNC;
3LUAPSFS889Q;FNC;
3LUAPSFS890Q;FNC;
3LUAPSFS892F;FNC;
3LUAPSFS894F;FNC;
3LUAPSFS894Q;FNC;
3LUAPSFS899F;FNC;
3LUAPSFS899Q;FNC;
3LUAPSFS900Q;FNC;
3LUAPSFS902F;FNC;
3LUAPSFS904Q;FNC;
3LUAPSFS908F;FNC;
3LUAPSFS908Q;FNC;
3LUAPSFS910F;FNC;
3LUAPSFS910Q;FNC;
3LUAPSFS914F;FNC;
3LUAPSFS914Q;FNC;
3LUAPSFS924F;FNC;
3LUAPSFS924Q;FNC;
3LUAPSFS925Q;FNC;
3LUAPSFS929F;FNC;
3LUAPSFS930F;FNC;
3LUAPSFS932F;FNC;
3LUAPSFS934F;FNC;
3LUAPSFS934Q;FNC;
3LUAPSFS935Q;FNC;
3LUAPSFS939Q;FNC;
3LUAPSFS940F;FNC;
3LUAPSFS942Q;FNC;
3LUAPSFS943Q;FNC;
3LUAPSFS944F;FNC;
3LUAPSFS944Q;FNC;
3LUAPSFS950Q;FNC;
3LUAPSFS956Q;FNC;
3LUAPSFS959F;FNC;
3LUAPSFS960F;FNC;
3LUAPSFS960Q;FNC;
3LUAPSFS962Q;FNC;
3LUAPSFS967Q;FNC;
3LUAPSFS969Q;FNC;
3LUAPSFS973F;FNC;
3LUAPSFS974Q;FNC;
3LUAPSFS976Q;FNC;
3LUAPSFS982Q;FNC;
3LUAPSFS984Q;FNC;
3LUAPSFS994F;FNC;
3LUAPSFS994Q;FNC;
3LUAPSFS997Q;FNC;
3LUAPSFS999F;FNC;
3LUAPSFS999Q;FNC;
3LUCABRETI;NEC;
3LUCABRETI1013Q;NEC;
3LUCABRETI1018Q;NEC;
3LUCABRETI1028Q;NEC;
3LUCABRETI1034F;NEC;
3LUCABRETI1034Q;NEC;
3LUCABRETI1039Q;NEC;
3LUCABRETI1050Q;NEC;
3LUCABRETI1060Q;NEC;
3LUCABRETI1069Q;NEC;
3LUCABRETI1103Q;NEC;
3LUCABRETI1108Q;NEC;
3LUCABRETI1134F;NEC;
3LUCABRETI1134Q;NEC;
3LUCABRETI1140Q;NEC;
3LUCABRETI1183Q;NEC;
3LUCABRETI1185Q;NEC;
3LUCABRETI1208Q;NEC;
3LUCABRETI1215Q;NEC;
3LUCABRETI1218Q;NEC;
3LUCABRETI1420Q;NEC;
3LUCABRETI1680S;NEC;
3LUCABRETI1930S;NEC;
3LUCABRETI2000Q;NEC;
3LUCABRETI2040S;NEC;
3LUCABRETI214F;NEC;
3LUCABRETI219F;NEC;
3LUCABRETI2250Q;NEC;
3LUCABRETI2280Q;NEC;
3LUCABRETI2390S;NEC;
3LUCABRETI334F;NEC;
3LUCABRETI334Q;NEC;
3LUCABRETI341.5;NEC;
3LUCABRETI341Q;NEC;
3LUCABRETI342Q;NEC;
3LUCABRETI384F;NEC;
3LUCABRETI384Q;NEC;
3LUCABRETI387Q;NEC;
3LUCABRETI403Q;NEC;
3LUCABRETI405Q;NEC;
3LUCABRETI434F;NEC;
3LUCABRETI434Q;NEC;
3LUCABRETI448.7;NEC;
3LUCABRETI450Q;NEC;
3LUCABRETI484F;NEC;
3LUCABRETI484Q;NEC;
3LUCABRETI486Q;NEC;
3LUCABRETI516Q;NEC;
3LUCABRETI534F;NEC;
3LUCABRETI534Q;NEC;
3LUCABRETI566Q;NEC;
3LUCABRETI584F;NEC;
3LUCABRETI584Q;NEC;
3LUCABRETI618Q;NEC;
3LUCABRETI634F;NEC;
3LUCABRETI634Q;NEC;
3LUCABRETI643Q;NEC;
3LUCABRETI647Q;NEC;
3LUCABRETI684F;NEC;
3LUCABRETI684Q;NEC;
3LUCABRETI695Q;NEC;
3LUCABRETI696Q;NEC;
3LUCABRETI724Q;NEC;
3LUCABRETI726.5;NEC;
3LUCABRETI734F;NEC;
3LUCABRETI743Q;NEC;
3LUCABRETI747Q;NEC;
3LUCABRETI748Q;NEC;
3LUCABRETI753Q;NEC;
3LUCABRETI756Q;NEC;
3LUCABRETI758Q;NEC;
3LUCABRETI764Q;NEC;
3LUCABRETI768Q;NEC;
3LUCABRETI773Q;NEC;
3LUCABRETI775Q;NEC;
3LUCABRETI777Q;NEC;
3LUCABRETI780Q;NEC;
3LUCABRETI784F;NEC;
3LUCABRETI784Q;NEC;
3LUCABRETI788Q;NEC;
3LUCABRETI799Q;NEC;
3LUCABRETI806Q;NEC;
3LUCABRETI811.5;NEC;
3LUCABRETI818Q;NEC;
3LUCABRETI825Q;NEC;
3LUCABRETI834F;NEC;
3LUCABRETI834Q;NEC;
3LUCABRETI836Q;NEC;
3LUCABRETI838Q;NEC;
3LUCABRETI848Q;NEC;
3LUCABRETI849Q;NEC;
3LUCABRETI853Q;NEC;
3LUCABRETI868Q;NEC;
3LUCABRETI884F;NEC;
3LUCABRETI884Q;NEC;
3LUCABRETI900Q;NEC;
3LUCABRETI916Q;NEC;
3LUCABRETI918Q;NEC;
3LUCABRETI924Q;NEC;
3LUCABRETI933Q;NEC;
3LUCABRETI934F;NEC;
3LUCABRETI934Q;NEC;
3LUCABRETI938Q;NEC;
3LUCABRETI961.5;NEC;
3LUCABRETI978Q;NEC;
3LUCABRETI995Q;NEC;
3LUCONVAU10A;FNC;
3LUCONVAU1A;FNC;
3LUDOBBAL1015Q;FNC;
3LUDOBBAL1034Q;FNC;
3LUDOBBAL1100F;FNC;
3LUDOBBAL1200Q;FNC;
3LUDOBBAL1484Q;FNC;
3LUDOBBAL1500Q;FNC;
3LUDOBBAL1544Q;FNC;
3LUDOBBAL1556Q;FNC;
3LUDOBBAL217Q;FNC;
3LUDOBBAL2270Q;FNC;
3LUDOBBAL400F;FNC;
3LUDOBBAL420Q;FNC;
3LUDOBBAL500F;FNC;
3LUDOBBAL500Q;FNC;
3LUDOBBAL580Q;FNC;
3LUDOBBAL590Q;FNC;
3LUDOBBAL600F;FNC;
3LUDOBBAL600Q;FNC;
3LUDOBBAL741Q;FNC;
3LUDOBBAL800F;FNC;
3LUDOBBAL900F;FNC;
3LUDOBBAL900Q;FNC;
3LUDOBBAL980Q;FNC;
3LUDOBBAS1000F;FNC;
3LUDOBBAS1000Q;FNC;
3LUDOBBAS1100Q;FNC;
3LUDOBBAS300F;FNC;
3LUDOBBAS400F;FNC;
3LUDOBBAS405Q;FNC;
3LUDOBBAS410Q;FNC;
3LUDOBBAS500F;FNC;
3LUDOBBAS600F;FNC;
3LUDOBBAS77559Q;FNC;
3LUDOBBAS800Q;FNC;
3LUDOBBAS845Q;FNC;
3LUDOBBAS900Q;FNC;
3LUDOBBASS300Q;FNC;
3LUDOBBASS400Q;FNC;
3LUDOBBASS700Q;FNC;
3LUDOBGAV1013Q;FNC;
3LUDOBGAV1125Q;FNC;
3LUDOBGAV1180Q;FNC;
3LUDOBGAV300Q;FNC;
3LUDOBGAV309Q;FNC;
3LUDOBGAV400Q;FNC;
3LUDOBGAV533Q;FNC;
3LUDOBGAV600Q;FNC;
3LUDOBGAV700F;FNC;
3LUDOBGAV700Q;FNC;
3LUDOBGAV775Q;FNC;
3LUDOBGAV874Q;FNC;
3LUDOBGAV900Q;FNC;
3LUDOBGAV910Q;FNC;
3LUDOBGAV924Q;FNC;
3LUDOBGAV928Q;FNC;
3LUDOBGAV956Q;FNC;
3LUDOBGAV967Q;FNC;
3LUDOBGAV989Q;FNC;
3LUDOBSOB1000F;FNC;
3LUDOBSOB1000Q;FNC;
3LUDOBSOB1000QE;FNC;
3LUDOBSOB1500Q;FNC;
3LUDOBSOB1500QE;FNC;
3LUDOBSOB1500S;FNC;
3LUDOBSOB1641Q;FNC;
3LUDOBSOB1800Q;FNC;
3LUDOBSOB1892Q;FNC;
3LUDOBSOB2000Q;FNC;
3LUDOBSOB2000QE;FNC;
3LUDOBSOB2000S;FNC;
3LUDOBSOB2500QE;FNC;
3LUDOBSOB500Q;FNC;
3LUDOBSOB500QE;FNC;
3LUFLYLI0450QE;FNC;
3LUFLYLI0477QE;FNC;
3LUFLYLI0592QE;FNC;
3LUFLYLI0650QE;FNC;
3LUIKOS2218IFE;FNC;
3LUKFLED1000F;FNC;
3LUKFLED1000Q;FNC;
3LUKFLED2000F;FNC;
3LUKFLED2000Q;FNC;
3LUKFLED3000F;FNC;
3LUKFLED3000Q;FNC;
3LUKFLED4000F;FNC;
3LUKFLED4000Q;FNC;
3LUKFLED5000F;FNC;
3LUKFLED5000Q;FNC;
3LULAV;NEC;
3LULAV1173Q;NEC;
3LULAV277Q;NEC;
3LULAV377Q;NEC;
3LULAV378Q;NEC;
3LULAV448Q;NEC;
3LULAV473Q;NEC;
3LULAV557Q;NEC;
3LULAV577F;NEC;
3LULAV577Q;NEC;
3LULAV677Q;NEC;
3LULAV777Q;FNC;
3LULAV877Q;NEC;
3LULAV977Q;FNC;
3LUMI;FNC;
3LUMINIOCTOPUS;FNC;
3LUMINPON30F;FNC;
3LUMISCS420F;NEC;
3LUMISCS420Q;NEC;
3LUMISCS620F;NEC;
3LUMISCS620Q;NEC;
3LUMISCS920F;NEC;
3LUMISCS920Q;NEC;
3LUMISSS420F;FNC;
3LUMISSS420Q;NEC;
3LUMISSS620F;FNC;
3LUMISSS620Q;FNC;
3LUMISSS920F;FNC;
3LUMISSS920Q;FNC;
3LUMMOOSMC1XE27;FNC;
3LUMMOOSMC1XG9;FNC;
3LUMSIGN1000BR;FNC;
3LUMSIGN1400PR;FNC;
3LUMSIGN2000PR;FNC;
3LUMSP0ALCS920Q;FNC;
3LUSPOTSUNEM3B;FNC;
3LUSPOTSUNEM3D;FNC;
3LUSPOTSUNEM3G;FNC;
3LUSPOTSUNEM3I;FNC;
3LUSPOTSUNEM3P;FNC;
3LUSPOTSUNEM4A;FNC;
3LUSPOTSUNEM4B;FNC;
3LUSPOTSUNEM4D;FNC;
3LUSPOTSUNEM4G;FNC;
3LUSPOTSUNEM4I;FNC;
3LUSPOTSUNEM4P;FNC;
3LUTHIN1005Q;FNC;
3LUTHIN1006Q;FNC;
3LUTHIN1010Q;FNC;
3LUTHIN1013Q;FNC;
3LUTHIN1024Q;FNC;
3LUTHIN1030Q;FNC;
3LUTHIN1031Q;FNC;
3LUTHIN1035Q;FNC;
3LUTHIN1040Q;FNC;
3LUTHIN1045Q;FNC;
3LUTHIN1047Q;FNC;
3LUTHIN1050Q;FNC;
3LUTHIN1055Q;FNC;
3LUTHIN1056Q;FNC;
3LUTHIN1060Q;FNC;
3LUTHIN1062Q;FNC;
3LUTHIN1064Q;FNC;
3LUTHIN1070Q;FNC;
3LUTHIN1075Q;FNC;
3LUTHIN1083Q;FNC;
3LUTHIN1090Q;FNC;
3LUTHIN1095Q;FNC;
3LUTHIN1098Q;FNC;
3LUTHIN1107Q;FNC;
3LUTHIN1109Q;FNC;
3LUTHIN1110Q;FNC;
3LUTHIN1119Q;FNC;
3LUTHIN1120Q;FNC;
3LUTHIN1121Q;FNC;
3LUTHIN1125Q;FNC;
3LUTHIN1130Q;FNC;
3LUTHIN1132Q;FNC;
3LUTHIN1135Q;FNC;
3LUTHIN1140Q;FNC;
3LUTHIN1143Q;FNC;
3LUTHIN1149Q;FNC;
3LUTHIN1150Q;FNC;
3LUTHIN1152Q;FNC;
3LUTHIN1155Q;FNC;
3LUTHIN1160Q;FNC;
3LUTHIN1162Q;FNC;
3LUTHIN1165Q;FNC;
3LUTHIN1168Q;FNC;
3LUTHIN1170Q;FNC;
3LUTHIN1171Q;FNC;
3LUTHIN1172Q;FNC;
3LUTHIN1175Q;FNC;
3LUTHIN1180Q;FNC;
3LUTHIN1190Q;FNC;
3LUTHIN1193Q;FNC;
3LUTHIN1194Q;FNC;
3LUTHIN1195Q;FNC;
3LUTHIN1200F;FNC;
3LUTHIN1200Q;FNC;
3LUTHIN1203Q;FNC;
3LUTHIN1207F;FNC;
3LUTHIN1214Q;FNC;
3LUTHIN1220Q;FNC;
3LUTHIN1225Q;FNC;
3LUTHIN1240Q;FNC;
3LUTHIN1244Q;FNC;
3LUTHIN1250F;FNC;
3LUTHIN1250Q;FNC;
3LUTHIN1258Q;FNC;
3LUTHIN1260Q;FNC;
3LUTHIN1264Q;FNC;
3LUTHIN1270Q;FNC;
3LUTHIN1272Q;FNC;
3LUTHIN1275Q;FNC;
3LUTHIN1280Q;FNC;
3LUTHIN1285Q;FNC;
3LUTHIN1290Q;FNC;
3LUTHIN1295Q;FNC;
3LUTHIN1299Q;FNC;
3LUTHIN1300Q;FNC;
3LUTHIN1310Q;FNC;
3LUTHIN1314Q;FNC;
3LUTHIN1315Q;FNC;
3LUTHIN1320Q;FNC;
3LUTHIN1322Q;FNC;
3LUTHIN1323Q;FNC;
3LUTHIN1327Q;FNC;
3LUTHIN1330Q;FNC;
3LUTHIN1333Q;FNC;
3LUTHIN1335Q;FNC;
3LUTHIN1337F;FNC;
3LUTHIN1340Q;FNC;
3LUTHIN1358Q;FNC;
3LUTHIN1360Q;FNC;
3LUTHIN1365Q;FNC;
3LUTHIN1369Q;FNC;
3LUTHIN1370Q;FNC;
3LUTHIN1376Q;FNC;
3LUTHIN1382Q;FNC;
3LUTHIN1385Q;FNC;
3LUTHIN1390Q;FNC;
3LUTHIN1395Q;FNC;
3LUTHIN1397Q;FNC;
3LUTHIN1400F;FNC;
3LUTHIN1400Q;FNC;
3LUTHIN1404Q;FNC;
3LUTHIN1405Q;FNC;
3LUTHIN1412Q;FNC;
3LUTHIN1415Q;FNC;
3LUTHIN1425Q;FNC;
3LUTHIN1430Q;FNC;
3LUTHIN1435Q;FNC;
3LUTHIN1445Q;FNC;
3LUTHIN1446Q;FNC;
3LUTHIN1447Q;FNC;
3LUTHIN1450Q;FNC;
3LUTHIN1460Q;FNC;
3LUTHIN1465Q;FNC;
3LUTHIN1466Q;FNC;
3LUTHIN1468Q;FNC;
3LUTHIN1470Q;FNC;
3LUTHIN1471Q;FNC;
3LUTHIN1473Q;FNC;
3LUTHIN1474Q;FNC;
3LUTHIN1477Q;FNC;
3LUTHIN1480Q;FNC;
3LUTHIN1485Q;FNC;
3LUTHIN1490Q;FNC;
3LUTHIN1495Q;FNC;
3LUTHIN1498F;FNC;
3LUTHIN1500F;FNC;
3LUTHIN1500Q;FNC;
3LUTHIN1510Q;FNC;
3LUTHIN1520Q;FNC;
3LUTHIN1525F;FNC;
3LUTHIN1525Q;FNC;
3LUTHIN1527Q;FNC;
3LUTHIN1530Q;FNC;
3LUTHIN1533Q;FNC;
3LUTHIN1535F;FNC;
3LUTHIN1535Q;FNC;
3LUTHIN1537Q;FNC;
3LUTHIN1540Q;FNC;
3LUTHIN1545Q;FNC;
3LUTHIN1554Q;FNC;
3LUTHIN1560Q;FNC;
3LUTHIN1579Q;FNC;
3LUTHIN1580Q;FNC;
3LUTHIN1587Q;FNC;
3LUTHIN1590Q;FNC;
3LUTHIN1600F;FNC;
3LUTHIN1619Q;FNC;
3LUTHIN1620Q;FNC;
3LUTHIN1625Q;FNC;
3LUTHIN1635Q;FNC;
3LUTHIN1640Q;FNC;
3LUTHIN1645Q;FNC;
3LUTHIN1660Q;FNC;
3LUTHIN1670Q;FNC;
3LUTHIN1675Q;FNC;
3LUTHIN1680Q;FNC;
3LUTHIN1685Q;FNC;
3LUTHIN1689Q;FNC;
3LUTHIN1695Q;FNC;
3LUTHIN1700F;FNC;
3LUTHIN1702Q;FNC;
3LUTHIN1711Q;FNC;
3LUTHIN1716Q;FNC;
3LUTHIN1720Q;FNC;
3LUTHIN1730Q;FNC;
3LUTHIN1731Q;FNC;
3LUTHIN1750Q;FNC;
3LUTHIN1755Q;FNC;
3LUTHIN1760Q;FNC;
3LUTHIN1762Q;FNC;
3LUTHIN1764Q;FNC;
3LUTHIN1770Q;FNC;
3LUTHIN1773Q;FNC;
3LUTHIN1775Q;FNC;
3LUTHIN1776Q;FNC;
3LUTHIN1780Q;FNC;
3LUTHIN1789Q;FNC;
3LUTHIN1790Q;FNC;
3LUTHIN1805Q;FNC;
3LUTHIN1808Q;FNC;
3LUTHIN1814Q;FNC;
3LUTHIN1815Q;FNC;
3LUTHIN1820Q;FNC;
3LUTHIN1831Q;FNC;
3LUTHIN1840F;FNC;
3LUTHIN1844Q;FNC;
3LUTHIN1846Q;FNC;
3LUTHIN1850Q;FNC;
3LUTHIN1856Q;FNC;
3LUTHIN1858Q;FNC;
3LUTHIN1860Q;FNC;
3LUTHIN1863Q;FNC;
3LUTHIN1865Q;FNC;
3LUTHIN1870Q;FNC;
3LUTHIN1880Q;FNC;
3LUTHIN1885Q;FNC;
3LUTHIN1895Q;FNC;
3LUTHIN1910F;FNC;
3LUTHIN1910Q;FNC;
3LUTHIN1916Q;FNC;
3LUTHIN1920Q;FNC;
3LUTHIN1925Q;FNC;
3LUTHIN1950F;FNC;
3LUTHIN1950Q;FNC;
3LUTHIN1955Q;FNC;
3LUTHIN1965Q;FNC;
3LUTHIN1969Q;FNC;
3LUTHIN1970Q;FNC;
3LUTHIN1973Q;FNC;
3LUTHIN1975Q;FNC;
3LUTHIN1978Q;FNC;
3LUTHIN1980Q;FNC;
3LUTHIN1986Q;FNC;
3LUTHIN1988Q;FNC;
3LUTHIN1990Q;FNC;
3LUTHIN1995Q;FNC;
3LUTHIN1996Q;FNC;
3LUTHIN2000F;FNC;
3LUTHIN2000Q;FNC;
3LUTHIN2004Q;FNC;
3LUTHIN2007Q;FNC;
3LUTHIN2010Q;FNC;
3LUTHIN2015Q;FNC;
3LUTHIN2020Q;FNC;
3LUTHIN2027Q;FNC;
3LUTHIN2035Q;FNC;
3LUTHIN2044F;FNC;
3LUTHIN2047Q;FNC;
3LUTHIN2050Q;FNC;
3LUTHIN2060Q;FNC;
3LUTHIN2070Q;FNC;
3LUTHIN2075Q;FNC;
3LUTHIN2083Q;FNC;
3LUTHIN2095Q;FNC;
3LUTHIN2100Q;FNC;
3LUTHIN2106Q;FNC;
3LUTHIN2110Q;FNC;
3LUTHIN2112Q;FNC;
3LUTHIN2120F;FNC;
3LUTHIN2120Q;FNC;
3LUTHIN2133Q;FNC;
3LUTHIN2140Q;FNC;
3LUTHIN2147Q;FNC;
3LUTHIN2160Q;FNC;
3LUTHIN2170Q;FNC;
3LUTHIN2175Q;FNC;
3LUTHIN2183Q;FNC;
3LUTHIN2185Q;FNC;
3LUTHIN2186Q;FNC;
3LUTHIN2190F;FNC;
3LUTHIN2190Q;FNC;
3LUTHIN2198Q;FNC;
3LUTHIN2200F;FNC;
3LUTHIN2200Q;FNC;
3LUTHIN2205Q;FNC;
3LUTHIN2215Q;FNC;
3LUTHIN2220Q;FNC;
3LUTHIN2225Q;FNC;
3LUTHIN2227Q;FNC;
3LUTHIN2230Q;FNC;
3LUTHIN2240Q;FNC;
3LUTHIN2250Q;FNC;
3LUTHIN2260Q;FNC;
3LUTHIN2265Q;FNC;
3LUTHIN2268Q;FNC;
3LUTHIN2270Q;FNC;
3LUTHIN2275Q;FNC;
3LUTHIN2285Q;FNC;
3LUTHIN2290Q;FNC;
3LUTHIN2300Q;FNC;
3LUTHIN2310Q;FNC;
3LUTHIN2320Q;FNC;
3LUTHIN2325Q;FNC;
3LUTHIN2338Q;FNC;
3LUTHIN2344Q;FNC;
3LUTHIN2345Q;FNC;
3LUTHIN2350Q;FNC;
3LUTHIN2360Q;FNC;
3LUTHIN2370Q;FNC;
3LUTHIN2380Q;FNC;
3LUTHIN2385Q;FNC;
3LUTHIN2390Q;FNC;
3LUTHIN2395Q;FNC;
3LUTHIN2400Q;FNC;
3LUTHIN2411Q;FNC;
3LUTHIN2417Q;FNC;
3LUTHIN2450Q;FNC;
3LUTHIN2460Q;FNC;
3LUTHIN2469Q;FNC;
3LUTHIN2475Q;FNC;
3LUTHIN2480Q;FNC;
3LUTHIN2485Q;FNC;
3LUTHIN2487Q;FNC;
3LUTHIN2492Q;FNC;
3LUTHIN2500F;FNC;
3LUTHIN300F;FNC;
3LUTHIN300Q;FNC;
3LUTHIN312Q;FNC;
3LUTHIN317Q;FNC;
3LUTHIN340Q;FNC;
3LUTHIN342Q;FNC;
3LUTHIN350Q;FNC;
3LUTHIN355Q;FNC;
3LUTHIN360Q;FNC;
3LUTHIN363Q;FNC;
3LUTHIN370Q;FNC;
3LUTHIN375Q;FNC;
3LUTHIN380Q;FNC;
3LUTHIN387Q;FNC;
3LUTHIN400Q;FNC;
3LUTHIN410Q;FNC;
3LUTHIN413Q;FNC;
3LUTHIN414Q;FNC;
3LUTHIN419Q;FNC;
3LUTHIN421Q;FNC;
3LUTHIN430Q;FNC;
3LUTHIN435Q;FNC;
3LUTHIN450F;FNC;
3LUTHIN450Q;FNC;
3LUTHIN464Q;FNC;
3LUTHIN465Q;FNC;
3LUTHIN470Q;FNC;
3LUTHIN473Q;FNC;
3LUTHIN475Q;FNC;
3LUTHIN500Q;FNC;
3LUTHIN503Q;FNC;
3LUTHIN510Q;FNC;
3LUTHIN515Q;FNC;
3LUTHIN516Q;FNC;
3LUTHIN523Q;FNC;
3LUTHIN530Q;FNC;
3LUTHIN532Q;FNC;
3LUTHIN536Q;FNC;
3LUTHIN540Q;FNC;
3LUTHIN550Q;FNC;
3LUTHIN556Q;FNC;
3LUTHIN560Q;FNC;
3LUTHIN580Q;FNC;
3LUTHIN582Q;FNC;
3LUTHIN587Q;FNC;
3LUTHIN590Q;FNC;
3LUTHIN600F;FNC;
3LUTHIN600Q;FNC;
3LUTHIN608Q;FNC;
3LUTHIN610Q;FNC;
3LUTHIN620Q;FNC;
3LUTHIN626Q;FNC;
3LUTHIN627Q;FNC;
3LUTHIN630F;FNC;
3LUTHIN630Q;FNC;
3LUTHIN630WF;FNC;
3LUTHIN640Q;FNC;
3LUTHIN650Q;FNC;
3LUTHIN654Q;FNC;
3LUTHIN654WQ;FNC;
3LUTHIN658Q;FNC;
3LUTHIN660Q;FNC;
3LUTHIN663Q;FNC;
3LUTHIN664Q;FNC;
3LUTHIN675Q;FNC;
3LUTHIN685Q;FNC;
3LUTHIN689Q;FNC;
3LUTHIN690Q;FNC;
3LUTHIN694Q;FNC;
3LUTHIN695Q;FNC;
3LUTHIN700F;FNC;
3LUTHIN700Q;FNC;
3LUTHIN705Q;FNC;
3LUTHIN710Q;FNC;
3LUTHIN714Q;FNC;
3LUTHIN718Q;FNC;
3LUTHIN720F;FNC;
3LUTHIN725Q;FNC;
3LUTHIN727Q;FNC;
3LUTHIN730Q;FNC;
3LUTHIN736Q;FNC;
3LUTHIN740Q;FNC;
3LUTHIN745Q;FNC;
3LUTHIN746Q;FNC;
3LUTHIN748Q;FNC;
3LUTHIN749Q;FNC;
3LUTHIN750Q;FNC;
3LUTHIN756Q;FNC;
3LUTHIN760Q;FNC;
3LUTHIN764Q;FNC;
3LUTHIN770Q;FNC;
3LUTHIN780Q;FNC;
3LUTHIN783Q;FNC;
3LUTHIN790Q;FNC;
3LUTHIN791Q;FNC;
3LUTHIN795Q;FNC;
3LUTHIN799Q;FNC;
3LUTHIN800Q;FNC;
3LUTHIN804Q;FNC;
3LUTHIN807Q;FNC;
3LUTHIN810Q;FNC;
3LUTHIN820Q;FNC;
3LUTHIN830Q;FNC;
3LUTHIN840Q;FNC;
3LUTHIN844Q;FNC;
3LUTHIN845Q;FNC;
3LUTHIN850Q;FNC;
3LUTHIN851Q;FNC;
3LUTHIN853Q;FNC;
3LUTHIN855Q;FNC;
3LUTHIN860Q;FNC;
3LUTHIN863Q;FNC;
3LUTHIN864Q;FNC;
3LUTHIN870Q;FNC;
3LUTHIN875Q;FNC;
3LUTHIN878Q;FNC;
3LUTHIN890Q;FNC;
3LUTHIN896Q;FNC;
3LUTHIN899Q;FNC;
3LUTHIN900Q;FNC;
3LUTHIN902Q;FNC;
3LUTHIN910Q;FNC;
3LUTHIN913Q;FNC;
3LUTHIN916Q;FNC;
3LUTHIN920Q;FNC;
3LUTHIN923Q;FNC;
3LUTHIN928Q;FNC;
3LUTHIN930F;FNC;
3LUTHIN930Q;FNC;
3LUTHIN945Q;FNC;
3LUTHIN950F;FNC;
3LUTHIN950Q;FNC;
3LUTHIN954Q;FNC;
3LUTHIN955Q;FNC;
3LUTHIN961Q;FNC;
3LUTHIN964Q;FNC;
3LUTHIN970Q;FNC;
3LUTHIN976Q;FNC;
3LUTHIN978Q;FNC;
3LUTHIN980Q;FNC;
3LUTHIN987Q;FNC;
3LUTHIN988Q;FNC;
3LUTHIN990Q;FNC;
3LUTHIN992Q;FNC;
3LUTHIN996Q;FNC;
3LUTHIN998F;FNC;
3MANBW24X90ALU;VRG;
3MANBW26X90ALU;VRG;
3MANLR7CB13X25;NEC;
3MANLR7NI13X25;NEC;
3MANNEPGR15X20;VRG;
3MANNW24X90ALU;VRG;
3MANNW26X90ALU;VRG;
3MANOP24X90ALU;VRG;
3MANOP26X90ALU;VRG;
3MANPW22X90ALU;VRG;
3MANRELES13X15;VRG;
3MANRELES15X20;VRG;
3MANTHAYE13ALU;VRG;
3MANTMAIA13ALU;VRG;
3MAODIRALMEDF;VSN;
3MAOESQALMEDF;VSN;
3MARAMOSTRA;VRG;
3MARCARAB40;VRG;
3MARCARAB40AN;VRG;
3MARCARPL10AN;VRG;
3MARCARPL13AN;VRG;
3MARCARPL71AN;VRG;
3MARCARR370;VRG;
3MARCARR370AN;VRG;
3MARCARR470AN;VRG;
3MARCARR570;VRG;
3MARCARR570AN;VRG;
3MARCARR770;VRG;
3MARCARR770AN;VRG;
3MARCARRAP24;VRG;
3MARCARRBT16AN;VRG;
3MARCARRCBIAN;VRG;
3MARCARRMK10;VRG;
3MARCARRMK60;VRG;
3MARCARRMS80;VRG;
3MARCARRPL11AN;VRG;
3MARCEP20008;VRG;
3MARCORA295;VRG;
3MARCORA370;VRG;
3MARCORA370AN;VRG;
3MARCORA420AN;VRG;
3MARCORA470;VRG;
3MARCORA470AN;VRG;
3MARCORA570AN;VRG;
3MARCORA770;VRG;
3MARCORA770AN;VRG;
3MARCORAB40;VRG;
3MARCORAB40AN;VRG;
3MARCORABT16;VRG;
3MARCORABT16AN;VRG;
3MARCORABT19;VRG;
3MARCORABT19AN;VRG;
3MARCORAMK10;VRG;
3MARCORAMK10AN;VRG;
3MARCORAMK60;VRG;
3MARCORDS35;VRG;
3MARCORDS42;VRG;
3MARCORDS42AN;VRG;
3MARCORPL10;VRG;
3MARCORPL10AN;VRG;
3MARCORPL13;VRG;
3MARCORPL13AN;VRG;
3MARCORPL71;VRG;
3MARCORPL71AN;VRG;
3MARGUAAB40;VRG;
3MARGUAAB40AN;VRG;
3MARGUAE23212;VRG;
3MARGUAPL10AN;VRG;
3MARGUAPL13;VRG;
3MARGUAPL13AN;VRG;
3MARGUAPL71;VRG;
3MARGUAPL71AN;VRG;
3MARGUAT295;VRG;
3MARGUAT370;VRG;
3MARGUAT370AN;VRG;
3MARGUAT46940B;VRG;
3MARGUAT470;VRG;
3MARGUAT470AN;VRG;
3MARGUAT570AN;VRG;
3MARGUAT770;VRG;
3MARGUAT770AN;VRG;
3MARGUATBT16;VRG;
3MARGUATBT16AN;VRG;
3MARGUATBT19;VRG;
3MARGUATCBIAN;VRG;
3MARGUATM46940;VRG;
3MARGUATMK10;VRG;
3MARGUATMK10AN;VRG;
3MARIMPAB40;VRG;
3MARIMPDS35;VRG;
3MARIMPDS42;VRG;
3MARIMPE295AN;VRG;
3MARIMPE34950;VRG;
3MARIMPE370;VRG;
3MARIMPE370AN;VRG;
3MARIMPE470;VRG;
3MARIMPE470AN;VRG;
3MARIMPE570;VRG;
3MARIMPE570AN;VRG;
3MARIMPE770AN;VRG;
3MARIMPECBIAN;VRG;
3MARIMPEMK10;VRG;
3MARIMPEMK10AN;VRG;
3MARIMPPL10;VRG;
3MARIMPPL13;VRG;
3MARIMPPL13AN;VRG;
3MARIMPPL60316;VRG;
3MARIMPPL66;VRG;
3MARIMPPL71;VRG;
3MARIMPPL71AN;VRG;
3MARMAC970375;VRG;
3MARMACAB40;VRG;
3MARMACAB40AN;VRG;
3MARMACH060;VRG;
3MARMACH295;VRG;
3MARMACH295AN;VRG;
3MARMACH350;VRG;
3MARMACH370;VRG;
3MARMACH370AN;VRG;
3MARMACH470;VRG;
3MARMACH470AN;VRG;
3MARMACH570;VRG;
3MARMACH570AN;VRG;
3MARMACH770;VRG;
3MARMACH770AN;VRG;
3MARMACHBT16;VRG;
3MARMACHBT16AN;VRG;
3MARMACHBT19;VRG;
3MARMACHBT19AN;VRG;
3MARMACHCBI;VRG;
3MARMACHMK10;VRG;
3MARMACHMK10AN;VRG;
3MARMACPL10;VRG;
3MARMACPL10AN;VRG;
3MARMACPL13;VRG;
3MARMACPL13AN;VRG;
3MARMACPL66;VRG;
3MARMACPL71;VRG;
3MARMACPL71AN;VRG;
3MARMAIMPME80;VRG;
3MARMARAB40;VRG;
3MARMARDS42AN;VRG;
3MARMARIPL11;VRG;
3MARMARPL10;VRG;
3MARMARPL10AN;VRG;
3MARMARPL13;VRG;
3MARMARPL13AN;VRG;
3MARMARPL66AN;VRG;
3MARMARPL71;VRG;
3MARMARPL71AN;VRG;
3MARMARQ370AN;VRG;
3MARMARQ470;VRG;
3MARMARQ470AN;VRG;
3MARMARQ570;VRG;
3MARMARQ570AN;VRG;
3MARMARQ770;VRG;
3MARMARQ770AN;VRG;
3MARMARQBT16AN;VRG;
3MARMARQCBI;VRG;
3MARMARQCBIAN;VRG;
3MARMARQMK10;VRG;
3MARMARQPL11AN;VRG;
3MARMIMPBT16;VRG;
3MARMIMPBT19AN;VRG;
3MARMK34950;VRG;
3MARTAT18573;VRG;
3MARTR0016831;VRG;
3MARTRA87924;VRG;
3MARTRAAT21171;VRG;
3MARTRADS42AN;VRG;
3MARTRAE28713;VRG;
3MARTRAM38353;VRG;
3MARTRAPL10AN;VRG;
3MARTRAPL13;VRG;
3MARTRAPL1909;VRG;
3MARTRAPL71;VRG;
3MARTRAT19970;VRG;
3MARTRAV370AN;VRG;
3MARTRAV470;VRG;
3MARTRAV470AN;VRG;
3MARTRAV570;VRG;
3MARTRAV770;VRG;
3MARTRAVBT19AN;VRG;
3MARTRAVCBI;VRG;
3MARTRAVMK10;VRG;
3MARTRAVMK10AN;VRG;
3MARTRAVMK80;VRG;
3MARTRAVTPSP32;VRG;
3MASP12542;VRG;
3MASP953719;VRG;
3MASPC36450;VRG;
3MASPCAR043417;VRG;
3MASPCAR049037;VRG;
3MASPCAR080;VRG;
3MASPCAR080AN;VRG;
3MASPCAR090;VRG;
3MASPCAR090AN;VRG;
3MASPCAR100;VRG;
3MASPCAR100AN;VRG;
3MASPCAR150;VRG;
3MASPCAR150AN;VRG;
3MASPCAR180;VRG;
3MASPCAR180AN;VRG;
3MASPCAR37001;VRG;
3MASPCOE23644;VRG;
3MASPCOE31765;VRG;
3MASPCOR080AN;VRG;
3MASPCOR090;VRG;
3MASPCOR090AN;VRG;
3MASPCOR100AN;VRG;
3MASPCOR150;VRG;
3MASPCOR150AN;VRG;
3MASPCOR180;VRG;
3MASPCOR180AN;VRG;
3MASPGU73603;VRG;
3MASPGUA049154;VRG;
3MASPGUA080;VRG;
3MASPGUA080AN;VRG;
3MASPGUA090;VRG;
3MASPGUA090AN;VRG;
3MASPGUA100AN;VRG;
3MASPGUA150;VRG;
3MASPGUA150AN;VRG;
3MASPGUA180;VRG;
3MASPGUA180AN;VRG;
3MASPGUA45855;VRG;
3MASPIMP080;VRG;
3MASPIMP080AN;VRG;
3MASPIMP090;VRG;
3MASPIMP090AN;VRG;
3MASPIMP100;VRG;
3MASPIMP100AN;VRG;
3MASPIMP150AN;VRG;
3MASPIMP180;VRG;
3MASPMA16513;VRG;
3MASPMA956047;VRG;
3MASPMAC080;VRG;
3MASPMAC090;VRG;
3MASPMAC090AN;VRG;
3MASPMAC100;VRG;
3MASPMAC100AN;VRG;
3MASPMAC150;VRG;
3MASPMAC150AN;VRG;
3MASPMAC180;VRG;
3MASPMAC180AN;VRG;
3MASPMAR080;VRG;
3MASPMAR080AN;VRG;
3MASPMAR090AN;VRG;
3MASPMAR100;VRG;
3MASPMAR100AN;VRG;
3MASPMAR150;VRG;
3MASPMAR150AN;VRG;
3MASPMAR180AN;VRG;
3MASPMAR892184;VRG;
3MASPTR15352;VRG;
3MASPTRA080;VRG;
3MASPTRA080AN;VRG;
3MASPTRA090;VRG;
3MASPTRA100;VRG;
3MASPTRA150;VRG;
3MASPTRA150AN;VRG;
3MASPTRA180;VRG;
3MASPTRA180AN;VRG;
3MASPTRA35549;VRG;
3MASPTRA39653;VRG;
3MASPTRE32172;VRG;
3MATRA30875;VRG;
3MATRA30875A;VRG;
3MBOXBLUMOTBR;FNC;
3MBOXCAPASLBR;FNC;
3MBOXFIXFRSBRD;FNC;
3MBOXFIXFRSBRE;FNC;
3MBOXLATGAVMBR;FNC;
3MBOXPONRELBR;FNC;
3MBOXPONRELCZ;FNC;
3MBOXRELSPTBR;FNC;
3MBOXSUFRGIBR;FNC;
3MBOXSUFRGIBRD;FNC;
3MBOXSUFRGIBRE;FNC;
3MELASCES3575;VRG;
3MFRANZENBR;NEC;
3MFRANZENPR;NEC;
3MKENDOQ1140AL;FNC;
3MKENDOQ1143AL;FNC;
3MKENDOQ1145AL;FNC;
3MKENDOQ2280AL;FNC;
3MMRDC957437;VRG;
3MMRDCA953725;VRG;
3MMRDCAR90420;VRG;
3MMRDCARR11AN;VRG;
3MMRDCARR13;VRG;
3MMRDCARR13AN;VRG;
3MMRDCARR80AN;VRG;
3MMRDCORA11;VRG;
3MMRDCORA11AN;VRG;
3MMRDCORA13;VRG;
3MMRDCORA13AN;VRG;
3MMRDCORA80;VRG;
3MMRDCORA80AN;VRG;
3MMRDG67176;VRG;
3MMRDGUAT11;VRG;
3MMRDGUAT13;VRG;
3MMRDGUAT13AN;VRG;
3MMRDGUAT80;VRG;
3MMRDGUAT80AN;VRG;
3MMRDIMPE11;VRG;
3MMRDIMPE11AN;VRG;
3MMRDIMPE13;VRG;
3MMRDIMPE13AN;VRG;
3MMRDIMPE80;VRG;
3MMRDIMPE80AN;VRG;
3MMRDMACH11;VRG;
3MMRDMACH11AN;VRG;
3MMRDMACH13;VRG;
3MMRDMACH13AN;VRG;
3MMRDMACH80;VRG;
3MMRDMACH80AN;VRG;
3MMRDMARQ11;VRG;
3MMRDMARQ11AN;VRG;
3MMRDMARQ13;VRG;
3MMRDMARQ13AN;VRG;
3MMRDMARQ80;VRG;
3MMRDMARQ80AN;VRG;
3MMRDTRAV11;VRG;
3MMRDTRAV11AN;VRG;
3MMRDTRAV13;VRG;
3MMRDTRAV13AN;VRG;
3MMRDTRAV80;VRG;
3MMRDTRAV80AN;VRG;
3MMSP1CARR22;VRG;
3MMSP1CARR22AN;VRG;
3MMSP1CARR24;VRG;
3MMSP1CARR24AN;VRG;
3MMSP1CARR26;VRG;
3MMSP1CARR26AN;VRG;
3MMSP1CARR28;VRG;
3MMSP1CARR28AN;VRG;
3MMSP1CARR30;VRG;
3MMSP1CARR30AN;VRG;
3MMSP1CARR32;VRG;
3MMSP1CARR32AN;VRG;
3MMSP1CARR34AN;VRG;
3MMSP1CORA22;VRG;
3MMSP1CORA22AN;VRG;
3MMSP1CORA24;VRG;
3MMSP1CORA24AN;VRG;
3MMSP1CORA26;VRG;
3MMSP1CORA26AN;VRG;
3MMSP1CORA28;VRG;
3MMSP1CORA28AN;VRG;
3MMSP1CORA30;VRG;
3MMSP1CORA30AN;VRG;
3MMSP1CORA32;VRG;
3MMSP1CORA32AN;VRG;
3MMSP1CORA34;VRG;
3MMSP1CORA34AN;VRG;
3MMSP1GUAT22;VRG;
3MMSP1GUAT22AN;VRG;
3MMSP1GUAT24;VRG;
3MMSP1GUAT24AN;VRG;
3MMSP1GUAT26;VRG;
3MMSP1GUAT26AN;VRG;
3MMSP1GUAT28;VRG;
3MMSP1GUAT28AN;VRG;
3MMSP1GUAT30;VRG;
3MMSP1GUAT30AN;VRG;
3MMSP1GUAT32;VRG;
3MMSP1GUAT34;VRG;
3MMSP1GUAT34AN;VRG;
3MMSP1IMPE22;VRG;
3MMSP1IMPE22AN;VRG;
3MMSP1IMPE24;VRG;
3MMSP1IMPE24AN;VRG;
3MMSP1IMPE26;VRG;
3MMSP1IMPE26AN;VRG;
3MMSP1IMPE28;VRG;
3MMSP1IMPE28AN;VRG;
3MMSP1IMPE30;VRG;
3MMSP1IMPE30AN;VRG;
3MMSP1IMPE32;VRG;
3MMSP1IMPE32AN;VRG;
3MMSP1IMPE34;VRG;
3MMSP1IMPE34AN;VRG;
3MMSP1M78192;VRG;
3MMSP1MACH22;VRG;
3MMSP1MACH22AN;VRG;
3MMSP1MACH24;VRG;
3MMSP1MACH24AN;VRG;
3MMSP1MACH26;VRG;
3MMSP1MACH26AN;VRG;
3MMSP1MACH28;VRG;
3MMSP1MACH28AN;VRG;
3MMSP1MACH30;VRG;
3MMSP1MACH30AN;VRG;
3MMSP1MACH32;VRG;
3MMSP1MACH32AN;VRG;
3MMSP1MACH34;VRG;
3MMSP1MACH34AN;VRG;
3MMSP1MARQ22;VRG;
3MMSP1MARQ22AN;VRG;
3MMSP1MARQ24;VRG;
3MMSP1MARQ24AN;VRG;
3MMSP1MARQ26;VRG;
3MMSP1MARQ26AN;VRG;
3MMSP1MARQ28;VRG;
3MMSP1MARQ28AN;VRG;
3MMSP1MARQ30;VRG;
3MMSP1MARQ30AN;VRG;
3MMSP1MARQ32;VRG;
3MMSP1MARQ32AN;VRG;
3MMSP1MARQ34;VRG;
3MMSP1MARQ34AN;VRG;
3MMSP1T86700;VRG;
3MMSP1TRAV22;VRG;
3MMSP1TRAV22AN;VRG;
3MMSP1TRAV24;VRG;
3MMSP1TRAV24AN;VRG;
3MMSP1TRAV26;VRG;
3MMSP1TRAV26AN;VRG;
3MMSP1TRAV28;VRG;
3MMSP1TRAV28AN;VRG;
3MMSP1TRAV30AN;VRG;
3MMSP1TRAV32;VRG;
3MMSP1TRAV32AN;VRG;
3MMSP1TRAV34;VRG;
3MMSP1TRAV34AN;VRG;
3MMSP1TRAVESP;VRG;
3MMSP1TRAVESPA;VRG;
3MMSP1TRAVESPB;VRG;
3MMSP2CA250124;VRG;
3MMSP2CARR22;VRG;
3MMSP2CARR22AN;VRG;
3MMSP2CARR24;VRG;
3MMSP2CARR24AN;VRG;
3MMSP2CARR26;VRG;
3MMSP2CARR26AN;VRG;
3MMSP2CARR28;VRG;
3MMSP2CARR28AN;VRG;
3MMSP2CARR30;VRG;
3MMSP2CARR30AN;VRG;
3MMSP2CARR32;VRG;
3MMSP2CARR32AN;VRG;
3MMSP2CARR34;VRG;
3MMSP2CARR34AN;VRG;
3MMSP2CORA22;VRG;
3MMSP2CORA22AN;VRG;
3MMSP2CORA24;VRG;
3MMSP2CORA24AN;VRG;
3MMSP2CORA26;VRG;
3MMSP2CORA26AN;VRG;
3MMSP2CORA28;VRG;
3MMSP2CORA28AN;VRG;
3MMSP2CORA30;VRG;
3MMSP2CORA30AN;VRG;
3MMSP2CORA32;VRG;
3MMSP2CORA34;VRG;
3MMSP2CORA34AN;VRG;
3MMSP2G82983;VRG;
3MMSP2GUAT22;VRG;
3MMSP2GUAT22AN;VRG;
3MMSP2GUAT24;VRG;
3MMSP2GUAT24AN;VRG;
3MMSP2GUAT26;VRG;
3MMSP2GUAT26AN;VRG;
3MMSP2GUAT28;VRG;
3MMSP2GUAT28AN;VRG;
3MMSP2GUAT30;VRG;
3MMSP2GUAT30AN;VRG;
3MMSP2GUAT32;VRG;
3MMSP2GUAT32AN;VRG;
3MMSP2GUAT34;VRG;
3MMSP2GUAT34AN;VRG;
3MMSP2IM101433;VRG;
3MMSP2IMPE22;VRG;
3MMSP2IMPE22AN;VRG;
3MMSP2IMPE24;VRG;
3MMSP2IMPE24AN;VRG;
3MMSP2IMPE26;VRG;
3MMSP2IMPE26AN;VRG;
3MMSP2IMPE28;VRG;
3MMSP2IMPE28AN;VRG;
3MMSP2IMPE30;VRG;
3MMSP2IMPE30AN;VRG;
3MMSP2IMPE32;VRG;
3MMSP2IMPE32AN;VRG;
3MMSP2IMPE34;VRG;
3MMSP2IMPE34AN;VRG;
3MMSP2MACH22;VRG;
3MMSP2MACH22AN;VRG;
3MMSP2MACH24;VRG;
3MMSP2MACH24AN;VRG;
3MMSP2MACH26;VRG;
3MMSP2MACH26AN;VRG;
3MMSP2MACH28;VRG;
3MMSP2MACH28AN;VRG;
3MMSP2MACH30;VRG;
3MMSP2MACH30AN;VRG;
3MMSP2MACH32;VRG;
3MMSP2MACH32AN;VRG;
3MMSP2MACH34;VRG;
3MMSP2MACH34AN;VRG;
3MMSP2MARQ22;VRG;
3MMSP2MARQ22AN;VRG;
3MMSP2MARQ24;VRG;
3MMSP2MARQ24AN;VRG;
3MMSP2MARQ26;VRG;
3MMSP2MARQ26AN;VRG;
3MMSP2MARQ28;VRG;
3MMSP2MARQ28AN;VRG;
3MMSP2MARQ30;VRG;
3MMSP2MARQ30AN;VRG;
3MMSP2MARQ32;VRG;
3MMSP2MARQ32AN;VRG;
3MMSP2MARQ34;VRG;
3MMSP2MARQ34AN;VRG;
3MMSP2TRAV22;VRG;
3MMSP2TRAV24;VRG;
3MMSP2TRAV24AN;VRG;
3MMSP2TRAV26;VRG;
3MMSP2TRAV26AN;VRG;
3MMSP2TRAV28;VRG;
3MMSP2TRAV28AN;VRG;
3MMSP2TRAV30;VRG;
3MMSP2TRAV30AN;VRG;
3MMSP2TRAV32;VRG;
3MMSP2TRAV32AN;VRG;
3MMSP2TRAV34;VRG;
3MMSP2TRAV34AN;VRG;
3MMSY963134;VRG;
3MMSYCARR10AN;VRG;
3MMSYCARR11AN;VRG;
3MMSYCARR13;VRG;
3MMSYCARR13AN;VRG;
3MMSYCARR15;VRG;
3MMSYCARR15AN;VRG;
3MMSYCARR60;VRG;
3MMSYCARR60AN;VRG;
3MMSYCARR80;VRG;
3MMSYCARR80AN;VRG;
3MMSYCORA11;VRG;
3MMSYCORA11AN;VRG;
3MMSYCORA13;VRG;
3MMSYCORA15;VRG;
3MMSYCORA15AN;VRG;
3MMSYCORA60;VRG;
3MMSYCORA60AN;VRG;
3MMSYCORA80;VRG;
3MMSYCORA80AN;VRG;
3MMSYES4924;VRG;
3MMSYGUAT11;VRG;
3MMSYGUAT11AN;VRG;
3MMSYGUAT13;VRG;
3MMSYGUAT13AN;VRG;
3MMSYGUAT15;VRG;
3MMSYGUAT15AN;VRG;
3MMSYGUAT60;VRG;
3MMSYGUAT60AN;VRG;
3MMSYGUAT80AN;VRG;
3MMSYGUAT90;VRG;
3MMSYIMPE13;VRG;
3MMSYIMPE13AN;VRG;
3MMSYIMPE15;VRG;
3MMSYIMPE15AN;VRG;
3MMSYIMPE60;VRG;
3MMSYIMPE60AN;VRG;
3MMSYIMPE80;VRG;
3MMSYIMPE80AN;VRG;
3MMSYMACH11;VRG;
3MMSYMACH11AN;VRG;
3MMSYMACH13;VRG;
3MMSYMACH13AN;VRG;
3MMSYMACH15;VRG;
3MMSYMACH15AN;VRG;
3MMSYMACH60;VRG;
3MMSYMACH60AN;VRG;
3MMSYMACH80;VRG;
3MMSYMACH80AN;VRG;
3MMSYMARQ11;VRG;
3MMSYMARQ13;VRG;
3MMSYMARQ13AN;VRG;
3MMSYMARQ15;VRG;
3MMSYMARQ15AN;VRG;
3MMSYMARQ60;VRG;
3MMSYMARQ60AN;VRG;
3MMSYMARQ80;VRG;
3MMSYMARQ80AN;VRG;
3MMSYTRAV11;VRG;
3MMSYTRAV11AN;VRG;
3MMSYTRAV13;VRG;
3MMSYTRAV13AN;VRG;
3MMSYTRAV15;VRG;
3MMSYTRAV15AN;VRG;
3MMSYTRAV60;VRG;
3MMSYTRAV60AN;VRG;
3MMSYTRAV80;VRG;
3MMSYTRAV80AN;VRG;
3MNOORDQ0911PL;FNC;
3MNOORDQ2182GF;FNC;
3MNOORDQ2490NU;FNC;
3MNOOREQ0911PL;FNC;
3MNOOREQ1140PT;FNC;
3MNOOREQ1143PT;FNC;
3MNOOREQ1145PT;FNC;
3MNOOREQ1165GF;FNC;
3MNOOREQ2182GF;FNC;
3MNOOREQ2330GF;FNC;
3MNOOREQ2490NU;FNC;
3MONOCIMD13;VRG;
3MONOCIMD15;VRG;
3MONOCIMD60;VRG;
3MONOCIMPL13;VRG;
3MONOCIMPL24;VRG;
3MONOCIMPL71;VRG;
3MONONEVD13;VRG;
3MONONEVD15;VRG;
3MONONEVD60;VRG;
3MONONEVPL24;VRG;
3MONONEVPL66;VRG;
3MONONEVPL71;VRG;
3MTPARCARR11;VRG;
3MTPARCARR11AN;VRG;
3MTPARCARR80;VRG;
3MTPARCARR80AN;VRG;
3MTPARCORA11;VRG;
3MTPARCORA11AN;VRG;
3MTPARCORA80;VRG;
3MTPARCORA80AN;VRG;
3MTPARGUAT11;VRG;
3MTPARGUAT11AN;VRG;
3MTPARGUAT80;VRG;
3MTPARGUAT80AN;VRG;
3MTPARIMPE11;VRG;
3MTPARIMPE11AN;VRG;
3MTPARIMPE80;VRG;
3MTPARMACH11;VRG;
3MTPARMACH11AN;VRG;
3MTPARMACH80;VRG;
3MTPARMACH80AN;VRG;
3MTPARMARQ11;VRG;
3MTPARMARQ11AN;VRG;
3MTPARMARQ80;VRG;
3MTPARMARQ80AN;VRG;
3MTPARTRAV11;VRG;
3MTPARTRAV80;VRG;
3MTPARTRAV80AN;VRG;
3MTPBMCARR10;VRG;
3MTPBMCARR10AN;VRG;
3MTPBMCARR80;VRG;
3MTPBMCARR80AN;VRG;
3MTPBMCARR90;VRG;
3MTPBMCARR90AN;VRG;
3MTPBMCORA10;VRG;
3MTPBMCORA10AN;VRG;
3MTPBMCORA80;VRG;
3MTPBMCORA80AN;VRG;
3MTPBMCORA90;VRG;
3MTPBMCORA90AN;VRG;
3MTPBMGUAT10;VRG;
3MTPBMGUAT10AN;VRG;
3MTPBMGUAT80;VRG;
3MTPBMGUAT80AN;VRG;
3MTPBMGUAT90;VRG;
3MTPBMGUAT90AN;VRG;
3MTPBMIMPE10;VRG;
3MTPBMIMPE10AN;VRG;
3MTPBMIMPE80;VRG;
3MTPBMIMPE80AN;VRG;
3MTPBMIMPE90;VRG;
3MTPBMIMPE90AN;VRG;
3MTPBMMACH10;VRG;
3MTPBMMACH10AN;VRG;
3MTPBMMACH80;VRG;
3MTPBMMACH80AN;VRG;
3MTPBMMACH90;VRG;
3MTPBMMACH90AN;VRG;
3MTPBMMARQ10;VRG;
3MTPBMMARQ10AN;VRG;
3MTPBMMARQ80;VRG;
3MTPBMMARQ80AN;VRG;
3MTPBMMARQ90;VRG;
3MTPBMMARQ90AN;VRG;
3MTPBMTRAV10;VRG;
3MTPBMTRAV10AN;VRG;
3MTPBMTRAV80;VRG;
3MTPBMTRAV80AN;VRG;
3MTPBMTRAV90;VRG;
3MTPBMTRAV90AN;VRG;
3MTPECCARR20;VRG;
3MTPECCARR20AN;VRG;
3MTPECCARR22;VRG;
3MTPECCARR22AN;VRG;
3MTPECCARR24;VRG;
3MTPECCARR24AN;VRG;
3MTPECCARR26;VRG;
3MTPECCARR26AN;VRG;
3MTPECCORA20;VRG;
3MTPECCORA20AN;VRG;
3MTPECCORA22;VRG;
3MTPECCORA22AN;VRG;
3MTPECCORA24;VRG;
3MTPECCORA24AN;VRG;
3MTPECCORA26;VRG;
3MTPECCORA26AN;VRG;
3MTPECGUAT20AN;VRG;
3MTPECGUAT22;VRG;
3MTPECGUAT22AN;VRG;
3MTPECGUAT24;VRG;
3MTPECGUAT24AN;VRG;
3MTPECGUAT26AN;VRG;
3MTPECIMPE20;VRG;
3MTPECIMPE20AN;VRG;
3MTPECIMPE22;VRG;
3MTPECIMPE22AN;VRG;
3MTPECIMPE24;VRG;
3MTPECIMPE24AN;VRG;
3MTPECIMPE26;VRG;
3MTPECIMPE26AN;VRG;
3MTPECMACH20;VRG;
3MTPECMACH20AN;VRG;
3MTPECMACH22;VRG;
3MTPECMACH22AN;VRG;
3MTPECMACH24;VRG;
3MTPECMACH24AN;VRG;
3MTPECMACH26;VRG;
3MTPECMACH26AN;VRG;
3MTPECMARQ20;VRG;
3MTPECMARQ20AN;VRG;
3MTPECMARQ22;VRG;
3MTPECMARQ22AN;VRG;
3MTPECMARQ24;VRG;
3MTPECMARQ24AN;VRG;
3MTPECMARQ26;VRG;
3MTPECMARQ26AN;VRG;
3MTPECTRAV20;VRG;
3MTPECTRAV20AN;VRG;
3MTPECTRAV22;VRG;
3MTPECTRAV22AN;VRG;
3MTPECTRAV24;VRG;
3MTPECTRAV24AN;VRG;
3MTPECTRAV26;VRG;
3MTPECTRAV26AN;VRG;
3MTPMMCARRD1;VRG;
3MTPMMCARRD1AN;VRG;
3MTPMMCARRD2;VRG;
3MTPMMCARRD2AN;VRG;
3MTPMMCARRD3;VRG;
3MTPMMCARRD3AN;VRG;
3MTPMMCARRQ1;VRG;
3MTPMMCARRQ1AN;VRG;
3MTPMMCARRQ2;VRG;
3MTPMMCARRQ2AN;VRG;
3MTPMMCORAD1;VRG;
3MTPMMCORAD1AN;VRG;
3MTPMMCORAD2;VRG;
3MTPMMCORAD2AN;VRG;
3MTPMMCORAD3;VRG;
3MTPMMCORAD3AN;VRG;
3MTPMMCORAQ1;VRG;
3MTPMMCORAQ1AN;VRG;
3MTPMMCORAQ2;VRG;
3MTPMMCORAQ2AN;VRG;
3MTPMMGUATD1;VRG;
3MTPMMGUATD1AN;VRG;
3MTPMMGUATD2;VRG;
3MTPMMGUATD2AN;VRG;
3MTPMMGUATD3;VRG;
3MTPMMGUATD3AN;VRG;
3MTPMMGUATQ1;VRG;
3MTPMMGUATQ1AN;VRG;
3MTPMMGUATQ2;VRG;
3MTPMMGUATQ2AN;VRG;
3MTPMMIMPED1;VRG;
3MTPMMIMPED1AN;VRG;
3MTPMMIMPED2;VRG;
3MTPMMIMPED2AN;VRG;
3MTPMMIMPED3;VRG;
3MTPMMIMPED3AN;VRG;
3MTPMMIMPEQ1;VRG;
3MTPMMIMPEQ1AN;VRG;
3MTPMMIMPEQ2;VRG;
3MTPMMIMPEQ2AN;VRG;
3MTPMMMACHD1;VRG;
3MTPMMMACHD1AN;VRG;
3MTPMMMACHD2;VRG;
3MTPMMMACHD2AN;VRG;
3MTPMMMACHD3;VRG;
3MTPMMMACHD3AN;VRG;
3MTPMMMACHQ1;VRG;
3MTPMMMACHQ1AN;VRG;
3MTPMMMACHQ2;VRG;
3MTPMMMACHQ2AN;VRG;
3MTPMMMARQD1;VRG;
3MTPMMMARQD1AN;VRG;
3MTPMMMARQD2;VRG;
3MTPMMMARQD2AN;VRG;
3MTPMMMARQD3;VRG;
3MTPMMMARQD3AN;VRG;
3MTPMMMARQQ1;VRG;
3MTPMMMARQQ1AN;VRG;
3MTPMMMARQQ2;VRG;
3MTPMMMARQQ2AN;VRG;
3MTPMMTRAVD1;VRG;
3MTPMMTRAVD1AN;VRG;
3MTPMMTRAVD2;VRG;
3MTPMMTRAVD2AN;VRG;
3MTPMMTRAVD3;VRG;
3MTPMMTRAVD3AN;VRG;
3MTPMMTRAVQ1;VRG;
3MTPMMTRAVQ1AN;VRG;
3MTPMMTRAVQ2;VRG;
3MTPMMTRAVQ2AN;VRG;
3MTPMTCARR01;VRG;
3MTPMTCARR01AN;VRG;
3MTPMTCORA01;VRG;
3MTPMTCORA01AN;VRG;
3MTPMTGUAT01;VRG;
3MTPMTGUAT01AN;VRG;
3MTPMTIMPE01;VRG;
3MTPMTIMPE01AN;VRG;
3MTPMTMACH01;VRG;
3MTPMTMARQ01;VRG;
3MTPMTMARQ01AN;VRG;
3MTPMTTRAV01;VRG;
3MTPMTTRAV01AN;VRG;
3MTPMVCARR11;VRG;
3MTPMVCARR11AN;VRG;
3MTPMVCARR14;VRG;
3MTPMVCARR14AN;VRG;
3MTPMVCARR80;VRG;
3MTPMVCARR80AN;VRG;
3MTPMVCORA11;VRG;
3MTPMVCORA11AN;VRG;
3MTPMVCORA14;VRG;
3MTPMVCORA14AN;VRG;
3MTPMVCORA80;VRG;
3MTPMVGUAT11;VRG;
3MTPMVGUAT11AN;VRG;
3MTPMVGUAT14;VRG;
3MTPMVGUAT14AN;VRG;
3MTPMVGUAT80;VRG;
3MTPMVGUAT80AN;VRG;
3MTPMVIMPE11;VRG;
3MTPMVIMPE11AN;VRG;
3MTPMVIMPE14;VRG;
3MTPMVIMPE14AN;VRG;
3MTPMVIMPE80;VRG;
3MTPMVIMPE80AN;VRG;
3MTPMVMACH11;VRG;
3MTPMVMACH11AN;VRG;
3MTPMVMACH14;VRG;
3MTPMVMACH14AN;VRG;
3MTPMVMACH80;VRG;
3MTPMVMACH80AN;VRG;
3MTPMVMARQ11;VRG;
3MTPMVMARQ11AN;VRG;
3MTPMVMARQ14;VRG;
3MTPMVMARQ14AN;VRG;
3MTPMVMARQ80;VRG;
3MTPMVMARQ80AN;VRG;
3MTPMVTRAV11;VRG;
3MTPMVTRAV11AN;VRG;
3MTPMVTRAV14;VRG;
3MTPMVTRAV14AN;VRG;
3MTPMVTRAV80;VRG;
3MTPMVTRAV80AN;VRG;
3MTPPF58076;VRG;
3MTPPFCORA24;VRG;
3MTPPFCORA24AN;VRG;
3MTPPFGUAT24;VRG;
3MTPPFGUAT24AN;VRG;
3MTPPFIMPE24;VRG;
3MTPPFIMPE24AN;VRG;
3MTPPFMACH24;VRG;
3MTPPFMACH24AN;VRG;
3MTPPFMARQ24;VRG;
3MTPPFTRAV24AN;VRG;
3MTPSPGUAN34;VRG;
3MTPSPTRAV32;VRG;
3MTPTICARR22;VRG;
3MTPTICARR22AN;VRG;
3MTPTICARR24;VRG;
3MTPTICARR24AN;VRG;
3MTPTICARR26;VRG;
3MTPTICARR26AN;VRG;
3MTPTICARRR2;VRG;
3MTPTICARRR2AN;VRG;
3MTPTICARRR4;VRG;
3MTPTICARRR4AN;VRG;
3MTPTICARRR6;VRG;
3MTPTICARRR6AN;VRG;
3MTPTICORA22;VRG;
3MTPTICORA22AN;VRG;
3MTPTICORA24;VRG;
3MTPTICORA24AN;VRG;
3MTPTICORA26;VRG;
3MTPTICORA26AN;VRG;
3MTPTICORAR2;VRG;
3MTPTICORAR2AN;VRG;
3MTPTICORAR4;VRG;
3MTPTICORAR4AN;VRG;
3MTPTICORAR6;VRG;
3MTPTICORAR6AN;VRG;
3MTPTIGUAT22;VRG;
3MTPTIGUAT22AN;VRG;
3MTPTIGUAT24;VRG;
3MTPTIGUAT24AN;VRG;
3MTPTIGUAT26;VRG;
3MTPTIGUAT26AN;VRG;
3MTPTIGUATR2;VRG;
3MTPTIGUATR2AN;VRG;
3MTPTIGUATR4;VRG;
3MTPTIGUATR4AN;VRG;
3MTPTIGUATR6;VRG;
3MTPTIGUATR6AN;VRG;
3MTPTIIMPE22;VRG;
3MTPTIIMPE22AN;VRG;
3MTPTIIMPE24;VRG;
3MTPTIIMPE24AN;VRG;
3MTPTIIMPE26;VRG;
3MTPTIIMPER2;VRG;
3MTPTIIMPER2AN;VRG;
3MTPTIIMPER4;VRG;
3MTPTIIMPER4AN;VRG;
3MTPTIIMPER6;VRG;
3MTPTIIMPER6AN;VRG;
3MTPTIMACH22;VRG;
3MTPTIMACH22AN;VRG;
3MTPTIMACH24;VRG;
3MTPTIMACH24AN;VRG;
3MTPTIMACH26;VRG;
3MTPTIMACH26AN;VRG;
3MTPTIMACHR2;VRG;
3MTPTIMACHR2AN;VRG;
3MTPTIMACHR4;VRG;
3MTPTIMACHR4AN;VRG;
3MTPTIMACHR6;VRG;
3MTPTIMACHR6AN;VRG;
3MTPTIMARQ22;VRG;
3MTPTIMARQ22AN;VRG;
3MTPTIMARQ24;VRG;
3MTPTIMARQ26;VRG;
3MTPTIMARQ26AN;VRG;
3MTPTIMARQR2;VRG;
3MTPTIMARQR2AN;VRG;
3MTPTIMARQR4;VRG;
3MTPTIMARQR4AN;VRG;
3MTPTIMARQR6;VRG;
3MTPTIMARQR6AN;VRG;
3MTPTITRAV22;VRG;
3MTPTITRAV22AN;VRG;
3MTPTITRAV24;VRG;
3MTPTITRAV24AN;VRG;
3MTPTITRAV26;VRG;
3MTPTITRAV26AN;VRG;
3MTPTITRAVR2;VRG;
3MTPTITRAVR2AN;VRG;
3MTPTITRAVR4;VRG;
3MTPTITRAVR4AN;VRG;
3MTPTITRAVR6;VRG;
3MTPTITRAVR6AN;VRG;
3MTPVOCARR12;VRG;
3MTPVOCARR12AN;VRG;
3MTPVOCARR15;VRG;
3MTPVOCARR15AN;VRG;
3MTPVOCARR16;VRG;
3MTPVOCARR16AN;VRG;
3MTPVOCARR22;VRG;
3MTPVOCARR22AN;VRG;
3MTPVOCORA12;VRG;
3MTPVOCORA12AN;VRG;
3MTPVOCORA15;VRG;
3MTPVOCORA15AN;VRG;
3MTPVOCORA16;VRG;
3MTPVOCORA16AN;VRG;
3MTPVOCORA22;VRG;
3MTPVOCORA22AN;VRG;
3MTPVOGUAT12;VRG;
3MTPVOGUAT12AN;VRG;
3MTPVOGUAT15;VRG;
3MTPVOGUAT15AN;VRG;
3MTPVOGUAT16;VRG;
3MTPVOGUAT16AN;VRG;
3MTPVOGUAT22;VRG;
3MTPVOGUAT22AN;VRG;
3MTPVOIMPE12;VRG;
3MTPVOIMPE12AN;VRG;
3MTPVOIMPE15;VRG;
3MTPVOIMPE15AN;VRG;
3MTPVOIMPE16;VRG;
3MTPVOIMPE22;VRG;
3MTPVOIMPE22AN;VRG;
3MTPVOMACH12;VRG;
3MTPVOMACH12AN;VRG;
3MTPVOMACH15;VRG;
3MTPVOMACH15AN;VRG;
3MTPVOMACH16;VRG;
3MTPVOMACH16AN;VRG;
3MTPVOMACH22;VRG;
3MTPVOMACH22AN;VRG;
3MTPVOMARQ12;VRG;
3MTPVOMARQ12AN;VRG;
3MTPVOMARQ15;VRG;
3MTPVOMARQ15AN;VRG;
3MTPVOMARQ16;VRG;
3MTPVOMARQ16AN;VRG;
3MTPVOMARQ22;VRG;
3MTPVOMARQ22AN;VRG;
3MTPVOTRAV12;VRG;
3MTPVOTRAV12AN;VRG;
3MTPVOTRAV15;VRG;
3MTPVOTRAV15AN;VRG;
3MTPVOTRAV16;VRG;
3MTPVOTRAV16AN;VRG;
3MTPVOTRAV22;VRG;
3MTPVOTRAV22AN;VRG;
3ORGOURMAD1150;FNC;
3ORGOURMAD1200;FNC;
3ORGOURMAD550;FNC;
3ORGOURMAD850;FNC;
3ORGOURMAD900;FNC;
3ORUTCURMAD300;FNC;
3ORUTLONMAD300;FNC;
3PAMOVI;VSN;
3PAMOVI048417;VSN;
3PAMOVI0484171;VSN;
3PAMOVI04841717;VSN;
3PAMOVI070922T1;VSN;
3PAMOVI1402434L;VSN;
3PAMOVI170222P1;VSN;
3PAMOVI170222P2;VSN;
3PAMOVI170222T1;VSN;
3PAMOVI170222T2;VSN;
3PAMOVI170222W1;VSN;
3PAMOVI180222W1;VSN;
3PAMOVI2315801;VSN;
3PAMOVI232327C1;VSN;
3PAMOVI250723M1;VSN;
3PAMOVI265851;VSN;
3PAMOVI311022T1;VSN;
3PAMOVI5515281;VSN;
3PAMOVI650291H1;VSN;
3PAMOVI862355D6;VSN;
3PAMOVI862355DI;VSN;
3PAMOVI862355DN;VSN;
3PAMOVI862355DO;VSN;
3PAMOVI862355DU;VSN;
3PAMOVIAS7IDR71;VSN;
3PAMOVINNMDFJQ1;VSN;
3PAMOVIS8EIHSC1;VSN;
3PCFWZEN400F;FNC;
3PCU1005ANOD;VSN;
3PCU1005CONCRF;VSN;
3PCU1005STEEMF;VSN;
3PCU1036CARBOF;VSN;
3PCU1055GRAFIT;VSN;
3PCU1056GRAFIT;VSN;
3PCU1065GRAFIT;VSN;
3PCU1067CINCOF;VSN;
3PCU1086CARBOF;VSN;
3PCU1094STEEMF;VSN;
3PCU1096CARBOF;VSN;
3PCU1194BRONZE;VSN;
3PCU1194LACA;VSN;
3PCU1194STEEMF;VSN;
3PCU12940DUNAF;VSN;
3PCU1476000KUL;VSN;
3PCU1492CARBOF;VSN;
3PCU1604CONCRF;VSN;
3PCU169CINCOF;VSN;
3PCU1734R9002F;VSN;
3PCU1784ANOD;VSN;
3PCU1811LACA;VSN;
3PCU18240DUNAF;VSN;
3PCU18460DUNAF;VSN;
3PCU1864CINCOF;VSN;
3PCU1944ANOD;VSN;
3PCU194ANOD;VSN;
3PCU194LACA;VSN;
3PCU204CINCOF;VSN;
3PCU204QUINMF;VSN;
3PCU2104CONCRF;VSN;
3PCU2124R9002F;VSN;
3PCU2129R9002F;VSN;
3PCU2184FREIF;VSN;
3PCU2194ANOD;VSN;
3PCU2194LACA;VSN;
3PCU2196CONCRF;VSN;
3PCU2214R9002F;VSN;
3PCU2224CINCOF;VSN;
3PCU2266CARBOF;VSN;
3PCU2284CONCRF;VSN;
3PCU2294FREIF;VSN;
3PCU2314ASPARF;VSN;
3PCU236DAKARF;VSN;
3PCU2384COALAF;VSN;
3PCU2386000LUL;VSN;
3PCU2389LACA;VSN;
3PCU2394CROMMF;VSN;
3PCU2394LACA;VSN;
3PCU2404LACA;VSN;
3PCU2430QUINOF;VSN;
3PCU2444ASPARF;VSN;
3PCU2444STEEMF;VSN;
3PCU244ANOD;VSN;
3PCU246DAKARF;VSN;
3PCU2479QUINOF;VSN;
3PCU24940DUNAF;VSN;
3PCU2594QUINMF;VSN;
3PCU2609LACA;VSN;
3PCU2624CINCOF;VSN;
3PCU2659CINCOF;VSN;
3PCU2694DAKARF;VSN;
3PCU274LACA;VSN;
3PCU284CINCOF;VSN;
3PCU286CARBOF;VSN;
3PCU291CARBOF;VSN;
3PCU2940DUNAF;VSN;
3PCU294CONCRF;VSN;
3PCU294GRAFIT;VSN;
3PCU294LACA;VSN;
3PCU295LACA;VSN;
3PCU295QUINMF;VSN;
3PCU296STEEMF;VSN;
3PCU300ANOD;VSN;
3PCU300CINCOF;VSN;
3PCU300FREIF;VSN;
3PCU300LACA;VSN;
3PCU300SAIBRF;VSN;
3PCU300STEEMF;VSN;
3PCU317ANOD;VSN;
3PCU323LACA;VSN;
3PCU330000LUL;VSN;
3PCU335ANOD;VSN;
3PCU336STEEMF;VSN;
3PCU344ANOD;VSN;
3PCU344CINCOF;VSN;
3PCU358CINCOF;VSN;
3PCU364QUINMF;VSN;
3PCU368GRAFIT;VSN;
3PCU370000KUL;VSN;
3PCU385ANOD;VSN;
3PCU394STEEMF;VSN;
3PCU395GRAFIT;VSN;
3PCU395STEEMF;VSN;
3PCU3960DUNAF;VSN;
3PCU396CARBOF;VSN;
3PCU396LACA;VSN;
3PCU400ANOD;VSN;
3PCU400BRONZE;VSN;
3PCU400CACAUF;VSN;
3PCU400DAKARF;VSN;
3PCU400LACA;VSN;
3PCU400QUINOF;VSN;
3PCU408BRONZE;VSN;
3PCU414CINCOF;VSN;
3PCU414ROSACF;VSN;
3PCU415CINCOF;VSN;
3PCU417CINCOF;VSN;
3PCU420ANOD;VSN;
3PCU420CINCOF;VSN;
3PCU425CINCOF;VSN;
3PCU431000LUL;VSN;
3PCU431CENTEF;VSN;
3PCU432CINCOF;VSN;
3PCU435CINCOF;VSN;
3PCU435ROSACF;VSN;
3PCU437CARBOF;VSN;
3PCU439LACA;VSN;
3PCU4440DUNAF;VSN;
3PCU444ANOD;VSN;
3PCU445STEEMF;VSN;
3PCU448ANOD;VSN;
3PCU448QUINMF;VSN;
3PCU449QUINMF;VSN;
3PCU452BRONZE;VSN;
3PCU452STEEMF;VSN;
3PCU453STEEMF;VSN;
3PCU454ANOD;VSN;
3PCU465ANOD;VSN;
3PCU468ANOD;VSN;
3PCU469LACA;VSN;
3PCU470ANOD;VSN;
3PCU470LACA;VSN;
3PCU473CARBOF;VSN;
3PCU484LACA;VSN;
3PCU485LACA;VSN;
3PCU488LACA;VSN;
3PCU494ANOD;VSN;
3PCU494GRAFIT;VSN;
3PCU494R9002F;VSN;
3PCU4950DUNAF;VSN;
3PCU495CINCOF;VSN;
3PCU4960DUNAF;VSN;
3PCU496CARBOF;VSN;
3PCU497CINCOF;VSN;
3PCU502CARBOF;VSN;
3PCU504CINCOF;VSN;
3PCU505ANOD;VSN;
3PCU505CARBOF;VSN;
3PCU507CARBOF;VSN;
3PCU509LACA;VSN;
3PCU510ANOD;VSN;
3PCU510LACA;VSN;
3PCU514ANOD;VSN;
3PCU514LACA;VSN;
3PCU5170DUNAF;VSN;
3PCU525000KUL;VSN;
3PCU532R9002F;VSN;
3PCU534LACA;VSN;
3PCU536QUINOF;VSN;
3PCU538ASPARF;VSN;
3PCU544000LUL;VSN;
3PCU545000LUL;VSN;
3PCU553000LUL;VSN;
3PCU561QUINOF;VSN;
3PCU564LACA;VSN;
3PCU566LACA;VSN;
3PCU580ANOD;VSN;
3PCU581F;VSN;
3PCU583LACA;VSN;
3PCU591LACA;VSN;
3PCU594000KUL;VSN;
3PCU594ANOD;VSN;
3PCU594LACA;VSN;
3PCU595LACA;VSN;
3PCU5990DUNAF;VSN;
3PCU604CINCOF;VSN;
3PCU604LACA;VSN;
3PCU606STEEMF;VSN;
3PCU609LACA;VSN;
3PCU610CINCOF;VSN;
3PCU618DAKARF;VSN;
3PCU618GRAFIT;VSN;
3PCU619GRAFIT;VSN;
3PCU625ANOD;VSN;
3PCU628000LUL;VSN;
3PCU631CINCOF;VSN;
3PCU644ANOD;VSN;
3PCU644BRONZE;VSN;
3PCU644CINCOF;VSN;
3PCU644COALAF;VSN;
3PCU644STEEMF;VSN;
3PCU666STEEMF;VSN;
3PCU672DAKARF;VSN;
3PCU676CARBOF;VSN;
3PCU685QUINOF;VSN;
3PCU686DAKARF;VSN;
3PCU694CINCOF;VSN;
3PCU703CINCOF;VSN;
3PCU704ANOD;VSN;
3PCU708CARBOF;VSN;
3PCU710CINCOF;VSN;
3PCU714CINCOF;VSN;
3PCU742GRAFIT;VSN;
3PCU744000KUL;VSN;
3PCU7440DUNAF;VSN;
3PCU744CINCOF;VSN;
3PCU7450DUNAF;VSN;
3PCU7490DUNAF;VSN;
3PCU770CINCOF;VSN;
3PCU775GRAFIT;VSN;
3PCU776QUINOF;VSN;
3PCU777STEEMF;VSN;
3PCU7840DUNAF;VSN;
3PCU786ANOD;VSN;
3PCU786CARBOF;VSN;
3PCU786GRAFIT;VSN;
3PCU794LACA;VSN;
3PCU804ANOD;VSN;
3PCU819LACA;VSN;
3PCU821GRAFIT;VSN;
3PCU834CARBOF;VSN;
3PCU844STEEMF;VSN;
3PCU856ANOD;VSN;
3PCU862LACA;VSN;
3PCU875CINCOF;VSN;
3PCU894CACAMF;VSN;
3PCU894GRAFIT;VSN;
3PCU894LACA;VSN;
3PCU909STEEMF;VSN;
3PCU9250DUNAF;VSN;
3PCU929STEEMF;VSN;
3PCU944CINCOF;VSN;
3PCU945GRAFIT;VSN;
3PCU945STEEMF;VSN;
3PCU950000LUL;VSN;
3PCU958AZULSF;VSN;
3PCU974STEEMF;VSN;
3PCU975STEEMF;VSN;
3PCU993GRAFIT;VSN;
3PCU994STEEMF;VSN;
3PCU995LACA;VSN;
3PCU996STEEMF;VSN;
3PELP50GRAF;NEC;
3PER00RM066;NEC;
3PER00RM069;NEC;
3PER00RM070;NEC;
3PER00SP0128;NEC;
3PERFLYL1125BR;FNC;
3PERFLYL275QSF;FNC;
3PERFLYL615QSF;FNC;
3PERFWZEN1000F;FNC;
3PERFWZEN1200F;FNC;
3PERFWZEN1400F;FNC;
3PERFWZEN1800F;FNC;
3PERFWZEN2000F;FNC;
3PERFWZEN800F;FNC;
3PERFWZEN900F;FNC;
3PERKITONDIF;FNC;
3PERL1915NN26;VRG;
3PERL1915OW26;VRG;
3PERL1915SL26;VRG;
3PERL1918NW26;VRG;
3PERL1918ST26;VRG;
3PERL1946TC26;VRG;
3PERL2040BO26;VRG;
3PERL2040LE26;VRG;
3PERL2040MG26;VRG;
3PERL2040NN24;VRG;
3PERL2040NV26;VRG;
3PERL2040NW26;VRG;
3PERL2040PT26;VRG;
3PERL2040TC26;VRG;
3PERL2064NN26;VRG;
3PERL2064OW26;VRG;
3PERL2064SL26;VRG;
3PERL2070BO26;VRG;
3PERL2070LE26;VRG;
3PERL2070MG26;VRG;
3PERL2070PT26;VRG;
3PERL2070SL26;VRG;
3PERL2070TC26;VRG;
3PERL2075LE26;VRG;
3PERL2075MG26;VRG;
3PERLINKRM283;FNC;
3PERLINKRM284;FNC;
3PERM280CVDEAN;FNC;
3PERSIGN1000FX;FNC;
3PERSIGN1400FX;FNC;
3PERSIGN2000FX;FNC;
3PERSIGNFIXNAT;FNC;
3PERSIGNLUMIAN;FNC;
3PERSIGNLUMIBR;FNC;
3PERTRI2073ALT;FNC;
3PERTRIINFFR25;FNC;
3PERTRSUPODBEZ;FNC;
3PESBW24X70ALU;VRG;
3PESBW26X70ALU;VRG;
3PESCROK70X26;VRG;
3PESDEC70X220;VRG;
3PESESUR22JA;VRG;
3PESFIV180X60;VRG;
3PESFIV230X60;VRG;
3PESFIV260X60;VRG;
3PESLR3CB70X22;NEC;
3PESLR6TI70X24;NEC;
3PESLR6TI70X26;NEC;
3PESLR7CB70X26;NEC;
3PESLR7FR70X15;NEC;
3PESLUR260X70;VRG;
3PESLUVM70X22;VRG;
3PESNW24X70ALU;VRG;
3PESNW26X70ALU;VRG;
3PESPBG70X22;VRG;
3PESPBG70X26;VRG;
3PESPCQ70X22;VRG;
3PESPFG70X26;VRG;
3PESPGF70X22;VRG;
3PESPGF70X26;VRG;
3PESPNF70X22;VRG;
3PESPW24X70ALU;VRG;
3PESPW26X70ALU;VRG;
3PESRELD70X20;VRG;
3PESSOCE70X22;VRG;
3PESSOCP70X22;VRG;
3PESSOLK70X22;VRG;
3PESSOMA70X22;VRG;
3PESTRKW70X26;VRG;
3PFACAMAD200;FNC;
3PFFWZEN340F;FNC;
3PFRASCMAD100;FNC;
3PGARRAFPETMAD;FNC;
3PINOBPERFMAD;FNC;
3PIST00300623;FNC;
3PIST0066997;FNC;
3PIST0NO120;FNC;
3PLC581F;VSN;
3PLD282CARBOF;VSN;
3PLD290R9002F;VSN;
3PLD318CINCOF;VSN;
3PLD336HENNMF;VSN;
3PLD347000LUL;VSN;
3PLD349000LUL;VSN;
3PLD349F;VSN;
3PLD350000LUL;VSN;
3PLD372QUINOF;VSN;
3PLD381CARBOF;VSN;
3PLD384STEEMF;VSN;
3PLD386FREIF;VSN;
3PLD398000KUL;VSN;
3PLD400QUINOF;VSN;
3PLD414000KUL;VSN;
3PLD414CINTMF;VSN;
3PLD415000KUL;VSN;
3PLD415QUINOF;VSN;
3PLD415STEEMF;VSN;
3PLD422COALAF;VSN;
3PLD422DAKARF;VSN;
3PLD494RUSTMF;VSN;
3PLD495RUSTMF;VSN;
3PLD496COALAF;VSN;
3PLD497COALAF;VSN;
3PLD502CINCOF;VSN;
3PLD511COALAF;VSN;
3PLD514COALAF;VSN;
3PLD526CINCOF;VSN;
3PLD542CINCOF;VSN;
3PLD544CINCOF;VSN;
3PLD554CINCOF;VSN;
3PLD568CINCOF;VSN;
3PLD573CINCOF;VSN;
3PLD576STEEMF;VSN;
3PLD593CINCOF;VSN;
3PLD644CONCRF;VSN;
3PLD645CONCRF;VSN;
3PLD680SH155F;VSN;
3PLD687SH155F;VSN;
3PLE290R9002F;VSN;
3PLE318CINCOF;VSN;
3PLE336HENNMF;VSN;
3PLE346000LUL;VSN;
3PLE347000LUL;VSN;
3PLE349F;VSN;
3PLE350000LUL;VSN;
3PLE372QUINOF;VSN;
3PLE381CARBOF;VSN;
3PLE384STEEMF;VSN;
3PLE386FREIF;VSN;
3PLE398000KUL;VSN;
3PLE414CINTMF;VSN;
3PLE415000KUL;VSN;
3PLE415QUINOF;VSN;
3PLE415STEEMF;VSN;
3PLE421DAKARF;VSN;
3PLE422COALAF;VSN;
3PLE422DAKARF;VSN;
3PLE452CARBOF;VSN;
3PLE484QUINOF;VSN;
3PLE494RUSTMF;VSN;
3PLE495RUSTMF;VSN;
3PLE497COALAF;VSN;
3PLE502CINCOF;VSN;
3PLE514COALAF;VSN;
3PLE526CINCOF;VSN;
3PLE542CINCOF;VSN;
3PLE546COALAF;VSN;
3PLE553CINCOF;VSN;
3PLE566CINCOF;VSN;
3PLE569CINCOF;VSN;
3PLE576STEEMF;VSN;
3PLE586CINCOF;VSN;
3PLE608STEEMF;VSN;
3PLE632CINCOF;VSN;
3PLE645CONCRF;VSN;
3PLE680SH155F;VSN;
3PLE687SH155F;VSN;
3PLL1104CINCOF;VSN;
3PLL1173QUINOF;VSN;
3PLL1194STEEMF;VSN;
3PLL1195STEEMF;VSN;
3PLL1516STEEMF;VSN;
3PLL1576000KUL;VSN;
3PLL1584000LUL;VSN;
3PLL1856COALAF;VSN;
3PLL1896000LUL;VSN;
3PLL1936000LUL;VSN;
3PLL194QUINOF;VSN;
3PLL1966CINCOF;VSN;
3PLL196ANOD;VSN;
3PLL1994ANOD;VSN;
3PLL2036CINCOF;VSN;
3PLL2054000LUL;VSN;
3PLL2070000LUL;VSN;
3PLL2086QUINOF;VSN;
3PLL2124000LUL;VSN;
3PLL2124STEEMF;VSN;
3PLL2134000KUL;VSN;
3PLL2154CACAMF;VSN;
3PLL2156ASPARF;VSN;
3PLL2174000LUL;VSN;
3PLL2174ANOD;VSN;
3PLL2184FREIF;VSN;
3PLL2204ANOD;VSN;
3PLL2215VULCMF;VSN;
3PLL2234CACAMF;VSN;
3PLL2244CINCOF;VSN;
3PLL2244CINTMF;VSN;
3PLL2259CONCRF;VSN;
3PLL2266ASPARF;VSN;
3PLL2296CINCOF;VSN;
3PLL2314QUINMF;VSN;
3PLL2316ANOD;VSN;
3PLL2326000LUL;VSN;
3PLL2357QUINOF;VSN;
3PLL2360DAKARF;VSN;
3PLL2399STEEMF;VSN;
3PLL2404CONCRF;VSN;
3PLL2404FREIF;VSN;
3PLL2409QUINOF;VSN;
3PLL2414CINCOF;VSN;
3PLL2415VULCMF;VSN;
3PLL2426FREIF;VSN;
3PLL2429CONCRF;VSN;
3PLL2430QUINOF;VSN;
3PLL2444ANOD;VSN;
3PLL2447FREIF;VSN;
3PLL2449000KUL;VSN;
3PLL2464CINCOF;VSN;
3PLL2474ROSACF;VSN;
3PLL2475ROSACF;VSN;
3PLL2485000LUL;VSN;
3PLL2489000LUL;VSN;
3PLL2489ANOD;VSN;
3PLL2489QUINMF;VSN;
3PLL2509QUINOF;VSN;
3PLL2509STEEMF;VSN;
3PLL2519CINCOF;VSN;
3PLL2532CINCOF;VSN;
3PLL2559STEEMF;VSN;
3PLL2570CINCOF;VSN;
3PLL2585000LUL;VSN;
3PLL2594CONCRF;VSN;
3PLL2595000LUL;VSN;
3PLL2609CINCOF;VSN;
3PLL2629000LUL;VSN;
3PLL2639QUINMF;VSN;
3PLL2709COALAF;VSN;
3PLL300ANOD;VSN;
3PLL300AZULSF;VSN;
3PLL300CINCOF;VSN;
3PLL300DAKARF;VSN;
3PLL300STEEMF;VSN;
3PLL304CARBOF;VSN;
3PLL314QUINOF;VSN;
3PLL335F;VSN;
3PLL346000LUL;VSN;
3PLL349000LUL;VSN;
3PLL369STEEMF;VSN;
3PLL380CARBOF;VSN;
3PLL380CINCOF;VSN;
3PLL383STEEMF;VSN;
3PLL385F;VSN;
3PLL394CINCOF;VSN;
3PLL400ANOD;VSN;
3PLL400CACAUF;VSN;
3PLL400DAKARF;VSN;
3PLL400F;VSN;
3PLL414QUINOF;VSN;
3PLL426QUINOF;VSN;
3PLL431CENTEF;VSN;
3PLL465QUINOF;VSN;
3PLL510ANOD;VSN;
3PLL539CONCRF;VSN;
3PLL557FREIF;VSN;
3PLL562QUINOF;VSN;
3PLL575QUINOF;VSN;
3PLL608STEEMF;VSN;
3PLL613000LUL;VSN;
3PLL615000LUL;VSN;
3PLL615CINCOF;VSN;
3PLL630CROMMF;VSN;
3PLL644ASPARF;VSN;
3PLL644CONCRF;VSN;
3PLL644QUINMF;VSN;
3PLL664CINCOF;VSN;
3PLL670CROMMF;VSN;
3PLL682CROMMF;VSN;
3PLL699FREIF;VSN;
3PLL699STEEMF;VSN;
3PLL700STEEMF;VSN;
3PLL742COALAF;VSN;
3PLL744AZULSF;VSN;
3PLL749CINCOF;VSN;
3PLL764R9002F;VSN;
3PLL782CROMMF;VSN;
3PLL794STEEMF;VSN;
3PLL822CROMMF;VSN;
3PLL822FREIF;VSN;
3PLL846QUINMF;VSN;
3PLL856ANOD;VSN;
3PLL856QUINMF;VSN;
3PLL924ANOD;VSN;
3PLL924STEEMF;VSN;
3PLL935STEEMF;VSN;
3PLL944CINCOF;VSN;
3PLL964CINCOF;VSN;
3PLL994CINCOF;VSN;
3PON47TRI2073A;FNC;
3PONLUMOCTOPUS;FNC;
3PONTEIRSIGNAN;FNC;
3PONTEIRSIGNBR;FNC;
3PONTEIRSIGNPR;FNC;
3PORTAVINHOMAD;FNC;
3PRFUNIFLANG40;FNC;
3PROLOMAD200;FNC;
3PRT;VSN;
3PRTFWZEN800F;FNC;
3PTAMPAMAD175;FNC;
3PTCC;VSN;
3PTCC1;VSN;
3PTCO;VSN;
3PTCP0;VSN;
3PTCU028286D1;VSN;
3PTCU028286D2;VSN;
3PTCU030523Z1;VSN;
3PTCU030523Z2;VSN;
3PTCU0309651;VSN;
3PTCU033825A1;VSN;
3PTCU040723B1;VSN;
3PTCU040723B2;VSN;
3PTCU040723E1;VSN;
3PTCU040723E2;VSN;
3PTCU040723F1;VSN;
3PTCU040723F2;VSN;
3PTCU040723G1;VSN;
3PTCU040723G2;VSN;
3PTCU040723J1;VSN;
3PTCU040723J2;VSN;
3PTCU040723K1;VSN;
3PTCU040723K2;VSN;
3PTCU040723L1;VSN;
3PTCU040723L2;VSN;
3PTCU040723Q1;VSN;
3PTCU040723Q2;VSN;
3PTCU040723T1;VSN;
3PTCU040723T2;VSN;
3PTCU040723W1;VSN;
3PTCU040723W2;VSN;
3PTCU050723T1;VSN;
3PTCU050723T2;VSN;
3PTCU0627211;VSN;
3PTCU0627212;VSN;
3PTCU081329A1;VSN;
3PTCU081329A2;VSN;
3PTCU081329A3;VSN;
3PTCU091123U1;VSN;
3PTCU091123U2;VSN;
3PTCU091123U3;VSN;
3PTCU091123U4;VSN;
3PTCU091123Y1;VSN;
3PTCU091123Y2;VSN;
3PTCU091123Y3;VSN;
3PTCU091123Y4;VSN;
3PTCU098851B1;VSN;
3PTCU110123X1;VSN;
3PTCU110123X2;VSN;
3PTCU117017B1;VSN;
3PTCU117017B2;VSN;
3PTCU132839R1;VSN;
3PTCU132839R2;VSN;
3PTCU132839R3;VSN;
3PTCU132839R4;VSN;
3PTCU132839R5;VSN;
3PTCU140623X1;VSN;
3PTCU14ZUZHN1;VSN;
3PTCU14ZUZHN2;VSN;
3PTCU150523T1;VSN;
3PTCU150523T2;VSN;
3PTCU155631B1;VSN;
3PTCU155631B2;VSN;
3PTCU155631C1;VSN;
3PTCU155631C2;VSN;
3PTCU1LZGZCL1;VSN;
3PTCU1LZGZCL2;VSN;
3PTCU210623K1;VSN;
3PTCU210623W1;VSN;
3PTCU210722X1;VSN;
3PTCU220623X1;VSN;
3PTCU230623T1;VSN;
3PTCU230623T2;VSN;
3PTCU230623T3;VSN;
3PTCU230623V1;VSN;
3PTCU230623V2;VSN;
3PTCU265876E1;VSN;
3PTCU265876E2;VSN;
3PTCU265876E3;VSN;
3PTCU265876E4;VSN;
3PTCU265876E5;VSN;
3PTCU265876I1;VSN;
3PTCU265876I2;VSN;
3PTCU265876I3;VSN;
3PTCU265876I4;VSN;
3PTCU265876I5;VSN;
3PTCU265876R1;VSN;
3PTCU265876S1;VSN;
3PTCU298851B1;VSN;
3PTCU322574A1;VSN;
3PTCU322574A2;VSN;
3PTCU338021E1;VSN;
3PTCU338021E2;VSN;
3PTCU338021E3;VSN;
3PTCU338021E4;VSN;
3PTCU342025I1;VSN;
3PTCU342025I2;VSN;
3PTCU342025J1;VSN;
3PTCU342025J2;VSN;
3PTCU342025J3;VSN;
3PTCU342025J4;VSN;
3PTCU342025J5;VSN;
3PTCU377958F1;VSN;
3PTCU377958F2;VSN;
3PTCU3K40LYQ1;VSN;
3PTCU3K40LYQ2;VSN;
3PTCU4116801;VSN;
3PTCU4116802;VSN;
3PTCU444015E1;VSN;
3PTCU444015E2;VSN;
3PTCU444015E3;VSN;
3PTCU444015E4;VSN;
3PTCU444015J1;VSN;
3PTCU444015J2;VSN;
3PTCU444015J3;VSN;
3PTCU444015L1;VSN;
3PTCU444015L10;VSN;
3PTCU444015L2;VSN;
3PTCU444015L3;VSN;
3PTCU444015L4;VSN;
3PTCU444015L5;VSN;
3PTCU444015L6;VSN;
3PTCU444015L7;VSN;
3PTCU444015L8;VSN;
3PTCU444015L9;VSN;
3PTCU4893811;VSN;
3PTCU4893812;VSN;
3PTCU543534B1;VSN;
3PTCU543534C1;VSN;
3PTCU567884A1;VSN;
3PTCU567884A2;VSN;
3PTCU567884A3;VSN;
3PTCU567884A4;VSN;
3PTCU567884B1;VSN;
3PTCU567884B10;VSN;
3PTCU567884B11;VSN;
3PTCU567884B2;VSN;
3PTCU567884B3;VSN;
3PTCU567884B4;VSN;
3PTCU567884B5;VSN;
3PTCU567884B6;VSN;
3PTCU567884B7;VSN;
3PTCU567884B8;VSN;
3PTCU567884B9;VSN;
3PTCU569250A1;VSN;
3PTCU571500A1;VSN;
3PTCU571500A2;VSN;
3PTCU571500A3;VSN;
3PTCU571500A4;VSN;
3PTCU635666D1;VSN;
3PTCU635666D2;VSN;
3PTCU635666D3;VSN;
3PTCU635666D4;VSN;
3PTCU683227A1;VSN;
3PTCU683227A2;VSN;
3PTCU683227A3;VSN;
3PTCU683227A4;VSN;
3PTCU6YPEPA01;VSN;
3PTCU6YPEPA02;VSN;
3PTCU6YPEPA03;VSN;
3PTCU6YPEPA04;VSN;
3PTCU6YPEPA05;VSN;
3PTCU6YPEPA06;VSN;
3PTCU6YPEPA07;VSN;
3PTCU706244D1;VSN;
3PTCU706244D2;VSN;
3PTCU706244D3;VSN;
3PTCU706244D4;VSN;
3PTCU706244D5;VSN;
3PTCU7070161;VSN;
3PTCU7070162;VSN;
3PTCU709803D1;VSN;
3PTCU709803D2;VSN;
3PTCU709803D3;VSN;
3PTCU709803D4;VSN;
3PTCU709803E1;VSN;
3PTCU785717G1;VSN;
3PTCU785717G2;VSN;
3PTCU785717G3;VSN;
3PTCU785717G4;VSN;
3PTCU785717G5;VSN;
3PTCU785717G6;VSN;
3PTCU785717G7;VSN;
3PTCU785717G8;VSN;
3PTCU785717X1;VSN;
3PTCU785717X2;VSN;
3PTCU785717X3;VSN;
3PTCU796171B1;VSN;
3PTCU796171B2;VSN;
3PTCU796171B3;VSN;
3PTCU796171B4;VSN;
3PTCU796171B5;VSN;
3PTCU796171B6;VSN;
3PTCU796171B7;VSN;
3PTCU796171B8;VSN;
3PTCU796171B9;VSN;
3PTCU835505B1;VSN;
3PTCU839746U1;VSN;
3PTCU861310C1;VSN;
3PTCU861310C2;VSN;
3PTCU861310C3;VSN;
3PTCU8631261;VSN;
3PTCU8631262;VSN;
3PTCU8699281;VSN;
3PTCU8699282;VSN;
3PTCU8699283;VSN;
3PTCU879459C1;VSN;
3PTCU879459C2;VSN;
3PTCU879459C3;VSN;
3PTCU879459C4;VSN;
3PTCU8VYKA0V1;VSN;
3PTCU8X4LLL51;VSN;
3PTCU964169Y1;VSN;
3PTCU964169Y2;VSN;
3PTCU9693751;VSN;
3PTCU969375A1;VSN;
3PTCUBSXFV1O1;VSN;
3PTCUBSXFV1O2;VSN;
3PTCUBWYPUV21;VSN;
3PTCUCQZRAPI1;VSN;
3PTCUCQZRAPI2;VSN;
3PTCUCQZRAPI3;VSN;
3PTCUCQZRAPI4;VSN;
3PTCUCQZRAPI5;VSN;
3PTCUCQZRAPI6;VSN;
3PTCUG1FVV8H1;VSN;
3PTCUG1FVV8H2;VSN;
3PTCUI030YPO1;VSN;
3PTCUI030YPO2;VSN;
3PTCUI3BPCUV1;VSN;
3PTCUI3BPCUV2;VSN;
3PTCUI3BPCUV3;VSN;
3PTCUJNDU96M1;VSN;
3PTCUKSAHOLT1;VSN;
3PTCUKSAHOLT2;VSN;
3PTCUKSAHOLT3;VSN;
3PTCUKY5I3SM1;VSN;
3PTCUL6AEMZP1;VSN;
3PTCUL6AEMZP2;VSN;
3PTCUL6AEMZP3;VSN;
3PTCUR2UT86X1;VSN;
3PTCUST15MYN1;VSN;
3PTCUST15MYN2;VSN;
3PTCUWL12KW31;VSN;
3PTCUWL12KW32;VSN;
3PTCUX81V8X41;VSN;
3PTCUX81V8X42;VSN;
3PTCUX81V8X43;VSN;
3PTCV;VSN;
3PTDJ140623X1;VSN;
3PTDJ210623K1;VSN;
3PTDJ210623W1;VSN;
3PTDJ220623X1;VSN;
3PTDJ230623T1;VSN;
3PTDJ230623T2;VSN;
3PTDJ230623T3;VSN;
3PTDJ230623V1;VSN;
3PTDJ230623V2;VSN;
3PTDJ291122T1;VSN;
3PTEL0553191;VSN;
3PTEL076548F1;VSN;
3PTEL076548F2;VSN;
3PTEL076548F3;VSN;
3PTEL076548F4;VSN;
3PTEL076548F5;VSN;
3PTEL076548F6;VSN;
3PTEL076548F7;VSN;
3PTEL076548F8;VSN;
3PTEL076548G1;VSN;
3PTEL076548G2;VSN;
3PTEL076548G3;VSN;
3PTEL076548G4;VSN;
3PTEL0HV9YB51;VSN;
3PTEL0HV9YB52;VSN;
3PTEL0HV9YB53;VSN;
3PTEL0HV9YB54;VSN;
3PTEL0HV9YB55;VSN;
3PTEL0HV9YB56;VSN;
3PTEL0HV9YB57;VSN;
3PTEL1105231;VSN;
3PTEL1105232;VSN;
3PTEL1105233;VSN;
3PTEL120523J1;VSN;
3PTEL120523J2;VSN;
3PTEL120523J3;VSN;
3PTEL130623T1;VSN;
3PTEL130623V1;VSN;
3PTEL130623W1;VSN;
3PTEL130623X1;VSN;
3PTEL130623X2;VSN;
3PTEL130623X3;VSN;
3PTEL130623Y1;VSN;
3PTEL130623Y2;VSN;
3PTEL130623Y3;VSN;
3PTEL140623X1;VSN;
3PTEL140623Y1;VSN;
3PTEL177028K1;VSN;
3PTEL177028K2;VSN;
3PTEL177028K3;VSN;
3PTEL177028K4;VSN;
3PTEL177028K5;VSN;
3PTEL190523T1;VSN;
3PTEL190523T2;VSN;
3PTEL190523T3;VSN;
3PTEL190523Z1;VSN;
3PTEL190523Z2;VSN;
3PTEL190523Z3;VSN;
3PTEL197949D1;VSN;
3PTEL210623X1;VSN;
3PTEL210623X2;VSN;
3PTEL210623Y1;VSN;
3PTEL210623Y2;VSN;
3PTEL210623Z1;VSN;
3PTEL210623Z2;VSN;
3PTEL220623X1;VSN;
3PTEL230623T1;VSN;
3PTEL230623T2;VSN;
3PTEL230623T3;VSN;
3PTEL230623V1;VSN;
3PTEL230623V2;VSN;
3PTEL230623V3;VSN;
3PTEL240723X1;VSN;
3PTEL2854261;VSN;
3PTEL298851I1;VSN;
3PTEL298851I2;VSN;
3PTEL298851I3;VSN;
3PTEL298851I4;VSN;
3PTEL298851I5;VSN;
3PTEL298851I6;VSN;
3PTEL298851I7;VSN;
3PTEL3327161;VSN;
3PTEL3327162;VSN;
3PTEL3659501;VSN;
3PTEL444137D1;VSN;
3PTEL444137D2;VSN;
3PTEL444137D3;VSN;
3PTEL444137D4;VSN;
3PTEL444137D5;VSN;
3PTEL4656271;VSN;
3PTEL4656272;VSN;
3PTEL4656273;VSN;
3PTEL4656274;VSN;
3PTEL4656275;VSN;
3PTEL4656276;VSN;
3PTEL4656277;VSN;
3PTEL513068B1;VSN;
3PTEL513068B2;VSN;
3PTEL513068B3;VSN;
3PTEL565953D1;VSN;
3PTEL565953D2;VSN;
3PTEL565953D3;VSN;
3PTEL565953D4;VSN;
3PTEL5903131;VSN;
3PTEL5903132;VSN;
3PTEL75EIIHL1;VSN;
3PTEL75EIIHL2;VSN;
3PTEL7866621;VSN;
3PTEL800883C1;VSN;
3PTEL800883C2;VSN;
3PTEL800883D1;VSN;
3PTEL800883D2;VSN;
3PTEL800883F1;VSN;
3PTEL800883F2;VSN;
3PTEL824299G1;VSN;
3PTEL824299G2;VSN;
3PTEL8313031;VSN;
3PTEL8313032;VSN;
3PTEL835238C1;VSN;
3PTEL835238C2;VSN;
3PTEL835238C3;VSN;
3PTEL9804161;VSN;
3PTEL984267E1;VSN;
3PTEL984267E2;VSN;
3PTEL984267E3;VSN;
3PTEL984267E4;VSN;
3PTEL984267E5;VSN;
3PTEL984267E6;VSN;
3PTEL984267G1;VSN;
3PTEL984267G2;VSN;
3PTELOGSXUVZ1;VSN;
3PTELTFSC9LH1;VSN;
3PTELTFSC9LH2;VSN;
3PTELTFSC9LH3;VSN;
3PTELTFSC9LH4;VSN;
3PTELTFSC9LH5;VSN;
3PTELTFSC9LH6;VSN;
3PTELTFSC9LH7;VSN;
3PTELZIFKYEV1;VSN;
3PTELZIFKYEV2;VSN;
3PTEMPEMAD200;FNC;
3PTEMPEMAD300;FNC;
3PTES0229881;VSN;
3PTES02298810;VSN;
3PTES02298811;VSN;
3PTES02298812;VSN;
3PTES02298813;VSN;
3PTES02298814;VSN;
3PTES02298815;VSN;
3PTES02298816;VSN;
3PTES02298817;VSN;
3PTES02298818;VSN;
3PTES02298819;VSN;
3PTES0229882;VSN;
3PTES02298820;VSN;
3PTES02298821;VSN;
3PTES0229883;VSN;
3PTES0229884;VSN;
3PTES0229885;VSN;
3PTES0229886;VSN;
3PTES0229887;VSN;
3PTES0229888;VSN;
3PTES0229889;VSN;
3PTES02ACA421;VSN;
3PTES02ACA422;VSN;
3PTES02ACA423;VSN;
3PTES030523Z1;VSN;
3PTES030523Z2;VSN;
3PTES030523Z3;VSN;
3PTES030523Z4;VSN;
3PTES030523Z5;VSN;
3PTES031123B1;VSN;
3PTES031123B2;VSN;
3PTES031123B3;VSN;
3PTES031123B4;VSN;
3PTES031123B5;VSN;
3PTES031123B6;VSN;
3PTES031123B7;VSN;
3PTES031123B8;VSN;
3PTES031123N1;VSN;
3PTES031123N2;VSN;
3PTES031123N3;VSN;
3PTES031123N4;VSN;
3PTES031123N5;VSN;
3PTES031123N6;VSN;
3PTES031123N7;VSN;
3PTES031123N8;VSN;
3PTES031123Q1;VSN;
3PTES031123Q2;VSN;
3PTES031123Q3;VSN;
3PTES031123Q4;VSN;
3PTES031123Q5;VSN;
3PTES031123Q6;VSN;
3PTES031123Q7;VSN;
3PTES031123Q8;VSN;
3PTES031123W1;VSN;
3PTES031123W2;VSN;
3PTES031123W3;VSN;
3PTES031123W4;VSN;
3PTES031123W5;VSN;
3PTES031123W6;VSN;
3PTES031123W7;VSN;
3PTES031123W8;VSN;
3PTES03112QQ1;VSN;
3PTES03112QQ2;VSN;
3PTES03112QQ3;VSN;
3PTES03112QQ4;VSN;
3PTES03112QQ5;VSN;
3PTES03112QQ6;VSN;
3PTES03112QQ7;VSN;
3PTES03112QQ8;VSN;
3PTES041217C1;VSN;
3PTES041217C2;VSN;
3PTES041217C3;VSN;
3PTES041217C4;VSN;
3PTES041217C5;VSN;
3PTES041217C6;VSN;
3PTES047OKS81;VSN;
3PTES047OKS82;VSN;
3PTES047OKS83;VSN;
3PTES061123B1;VSN;
3PTES061123B10;VSN;
3PTES061123B11;VSN;
3PTES061123B12;VSN;
3PTES061123B13;VSN;
3PTES061123B14;VSN;
3PTES061123B15;VSN;
3PTES061123B16;VSN;
3PTES061123B17;VSN;
3PTES061123B18;VSN;
3PTES061123B19;VSN;
3PTES061123B2;VSN;
3PTES061123B20;VSN;
3PTES061123B21;VSN;
3PTES061123B3;VSN;
3PTES061123B4;VSN;
3PTES061123B5;VSN;
3PTES061123B6;VSN;
3PTES061123B7;VSN;
3PTES061123B8;VSN;
3PTES061123B9;VSN;
3PTES061123Q1;VSN;
3PTES061123Q2;VSN;
3PTES061123Q3;VSN;
3PTES061123Q4;VSN;
3PTES061123Q5;VSN;
3PTES061123Q6;VSN;
3PTES061123Q7;VSN;
3PTES061123Q8;VSN;
3PTES0613141;VSN;
3PTES0613142;VSN;
3PTES0691841;VSN;
3PTES0691842;VSN;
3PTES0691843;VSN;
3PTES0691844;VSN;
3PTES0830711;VSN;
3PTES0830712;VSN;
3PTES0830713;VSN;
3PTES0830714;VSN;
3PTES0830715;VSN;
3PTES0830716;VSN;
3PTES0830717;VSN;
3PTES0854631;VSN;
3PTES0854632;VSN;
3PTES091123U1;VSN;
3PTES091123U2;VSN;
3PTES091123U3;VSN;
3PTES091123U4;VSN;
3PTES091123U5;VSN;
3PTES091123U6;VSN;
3PTES091123U7;VSN;
3PTES091123U8;VSN;
3PTES091123Y1;VSN;
3PTES091123Y2;VSN;
3PTES091123Y3;VSN;
3PTES091123Y4;VSN;
3PTES091123Y5;VSN;
3PTES091123Y6;VSN;
3PTES091123Y7;VSN;
3PTES091123Y8;VSN;
3PTES0939081;VSN;
3PTES0939082;VSN;
3PTES0939083;VSN;
3PTES0954601;VSN;
3PTES09546010;VSN;
3PTES09546011;VSN;
3PTES09546012;VSN;
3PTES09546013;VSN;
3PTES09546014;VSN;
3PTES09546015;VSN;
3PTES09546016;VSN;
3PTES09546017;VSN;
3PTES09546018;VSN;
3PTES09546019;VSN;
3PTES0954602;VSN;
3PTES09546020;VSN;
3PTES09546021;VSN;
3PTES09546022;VSN;
3PTES09546023;VSN;
3PTES0954603;VSN;
3PTES0954604;VSN;
3PTES0954605;VSN;
3PTES0954606;VSN;
3PTES0954607;VSN;
3PTES0954608;VSN;
3PTES0954609;VSN;
3PTES098851B1;VSN;
3PTES098851B2;VSN;
3PTES098851B3;VSN;
3PTES098851B4;VSN;
3PTES0UAQFYV1;VSN;
3PTES1010141;VSN;
3PTES1010142;VSN;
3PTES1010143;VSN;
3PTES1010144;VSN;
3PTES1010145;VSN;
3PTES1010146;VSN;
3PTES1082291;VSN;
3PTES10822910;VSN;
3PTES10822911;VSN;
3PTES10822912;VSN;
3PTES10822913;VSN;
3PTES10822914;VSN;
3PTES10822915;VSN;
3PTES10822916;VSN;
3PTES10822917;VSN;
3PTES10822918;VSN;
3PTES10822919;VSN;
3PTES1082292;VSN;
3PTES10822920;VSN;
3PTES10822921;VSN;
3PTES10822922;VSN;
3PTES10822923;VSN;
3PTES1082293;VSN;
3PTES1082294;VSN;
3PTES1082295;VSN;
3PTES1082296;VSN;
3PTES1082297;VSN;
3PTES1082298;VSN;
3PTES1082299;VSN;
3PTES108229B1;VSN;
3PTES140020A1;VSN;
3PTES140923D1;VSN;
3PTES140923D2;VSN;
3PTES140923D3;VSN;
3PTES140923D4;VSN;
3PTES140923D5;VSN;
3PTES140923D6;VSN;
3PTES140923D7;VSN;
3PTES140923D8;VSN;
3PTES140923E1;VSN;
3PTES140923E2;VSN;
3PTES140923E3;VSN;
3PTES140923E4;VSN;
3PTES140923E5;VSN;
3PTES140923E6;VSN;
3PTES140923E7;VSN;
3PTES140923E8;VSN;
3PTES140923F1;VSN;
3PTES140923F2;VSN;
3PTES140923F3;VSN;
3PTES140923F4;VSN;
3PTES140923F5;VSN;
3PTES140923F6;VSN;
3PTES140923F7;VSN;
3PTES140923F8;VSN;
3PTES140923J1;VSN;
3PTES140923J2;VSN;
3PTES140923J3;VSN;
3PTES140923J4;VSN;
3PTES140923J5;VSN;
3PTES140923J6;VSN;
3PTES140923J7;VSN;
3PTES140923J8;VSN;
3PTES140923V1;VSN;
3PTES140923V2;VSN;
3PTES140923V3;VSN;
3PTES140923V4;VSN;
3PTES140923V5;VSN;
3PTES140923V6;VSN;
3PTES140923V7;VSN;
3PTES140923V8;VSN;
3PTES140923W1;VSN;
3PTES140923W2;VSN;
3PTES140923W3;VSN;
3PTES140923W4;VSN;
3PTES140923W5;VSN;
3PTES140923W6;VSN;
3PTES140923W7;VSN;
3PTES140923W8;VSN;
3PTES140923Z1;VSN;
3PTES140923Z2;VSN;
3PTES140923Z3;VSN;
3PTES140923Z4;VSN;
3PTES140923Z5;VSN;
3PTES140923Z6;VSN;
3PTES140923Z7;VSN;
3PTES140923Z8;VSN;
3PTES1750A3G1;VSN;
3PTES200323Z1;VSN;
3PTES210322T1;VSN;
3PTES210322T2;VSN;
3PTES210322T3;VSN;
3PTES210322T4;VSN;
3PTES210322T5;VSN;
3PTES210322T6;VSN;
3PTES210322T7;VSN;
3PTES243805K1;VSN;
3PTES243805K2;VSN;
3PTES243805K3;VSN;
3PTES243805K4;VSN;
3PTES243805K5;VSN;
3PTES261023C1;VSN;
3PTES261023C2;VSN;
3PTES261023C3;VSN;
3PTES261023C4;VSN;
3PTES261023C5;VSN;
3PTES261023C6;VSN;
3PTES261023C7;VSN;
3PTES261023C8;VSN;
3PTES263465B1;VSN;
3PTES263465B2;VSN;
3PTES263465B3;VSN;
3PTES263465D1;VSN;
3PTES263465D2;VSN;
3PTES263465D3;VSN;
3PTES265876R1;VSN;
3PTES265876R2;VSN;
3PTES265876S1;VSN;
3PTES265876S2;VSN;
3PTES266185B1;VSN;
3PTES266185B2;VSN;
3PTES298851B1;VSN;
3PTES298851B2;VSN;
3PTES298851B3;VSN;
3PTES298851B4;VSN;
3PTES298851J1;VSN;
3PTES298851J10;VSN;
3PTES298851J11;VSN;
3PTES298851J12;VSN;
3PTES298851J13;VSN;
3PTES298851J14;VSN;
3PTES298851J15;VSN;
3PTES298851J16;VSN;
3PTES298851J17;VSN;
3PTES298851J18;VSN;
3PTES298851J19;VSN;
3PTES298851J2;VSN;
3PTES298851J20;VSN;
3PTES298851J21;VSN;
3PTES298851J22;VSN;
3PTES298851J23;VSN;
3PTES298851J3;VSN;
3PTES298851J4;VSN;
3PTES298851J5;VSN;
3PTES298851J6;VSN;
3PTES298851J7;VSN;
3PTES298851J8;VSN;
3PTES298851J9;VSN;
3PTES3002001;VSN;
3PTES3002002;VSN;
3PTES3002003;VSN;
3PTES3002004;VSN;
3PTES300523Z1;VSN;
3PTES300523Z2;VSN;
3PTES306653A1;VSN;
3PTES306653A10;VSN;
3PTES306653A11;VSN;
3PTES306653A12;VSN;
3PTES306653A13;VSN;
3PTES306653A14;VSN;
3PTES306653A15;VSN;
3PTES306653A16;VSN;
3PTES306653A17;VSN;
3PTES306653A18;VSN;
3PTES306653A19;VSN;
3PTES306653A2;VSN;
3PTES306653A20;VSN;
3PTES306653A3;VSN;
3PTES306653A4;VSN;
3PTES306653A5;VSN;
3PTES306653A6;VSN;
3PTES306653A7;VSN;
3PTES306653A8;VSN;
3PTES306653A9;VSN;
3PTES307691O1;VSN;
3PTES307691O10;VSN;
3PTES307691O11;VSN;
3PTES307691O12;VSN;
3PTES307691O13;VSN;
3PTES307691O14;VSN;
3PTES307691O15;VSN;
3PTES307691O16;VSN;
3PTES307691O17;VSN;
3PTES307691O2;VSN;
3PTES307691O3;VSN;
3PTES307691O4;VSN;
3PTES307691O5;VSN;
3PTES307691O6;VSN;
3PTES307691O7;VSN;
3PTES307691O8;VSN;
3PTES307691O9;VSN;
3PTES310523X1;VSN;
3PTES340176N1;VSN;
3PTES340176N10;VSN;
3PTES340176N11;VSN;
3PTES340176N12;VSN;
3PTES340176N13;VSN;
3PTES340176N14;VSN;
3PTES340176N15;VSN;
3PTES340176N16;VSN;
3PTES340176N17;VSN;
3PTES340176N18;VSN;
3PTES340176N19;VSN;
3PTES340176N2;VSN;
3PTES340176N20;VSN;
3PTES340176N21;VSN;
3PTES340176N3;VSN;
3PTES340176N4;VSN;
3PTES340176N5;VSN;
3PTES340176N6;VSN;
3PTES340176N7;VSN;
3PTES340176N8;VSN;
3PTES340176N9;VSN;
3PTES384073D1;VSN;
3PTES384073D10;VSN;
3PTES384073D11;VSN;
3PTES384073D12;VSN;
3PTES384073D13;VSN;
3PTES384073D14;VSN;
3PTES384073D15;VSN;
3PTES384073D16;VSN;
3PTES384073D17;VSN;
3PTES384073D18;VSN;
3PTES384073D19;VSN;
3PTES384073D2;VSN;
3PTES384073D20;VSN;
3PTES384073D21;VSN;
3PTES384073D22;VSN;
3PTES384073D23;VSN;
3PTES384073D24;VSN;
3PTES384073D3;VSN;
3PTES384073D4;VSN;
3PTES384073D5;VSN;
3PTES384073D6;VSN;
3PTES384073D7;VSN;
3PTES384073D8;VSN;
3PTES384073D9;VSN;
3PTES384073G1;VSN;
3PTES384073G10;VSN;
3PTES384073G2;VSN;
3PTES384073G3;VSN;
3PTES384073G4;VSN;
3PTES384073G5;VSN;
3PTES384073G6;VSN;
3PTES384073G7;VSN;
3PTES384073G8;VSN;
3PTES384073G9;VSN;
3PTES3890031;VSN;
3PTES3890032;VSN;
3PTES3890033;VSN;
3PTES3890034;VSN;
3PTES3890035;VSN;
3PTES3890036;VSN;
3PTES3890037;VSN;
3PTES389003B1;VSN;
3PTES389003B2;VSN;
3PTES389003B3;VSN;
3PTES389003B4;VSN;
3PTES389003B5;VSN;
3PTES389003B6;VSN;
3PTES389003B7;VSN;
3PTES389003B8;VSN;
3PTES4116801;VSN;
3PTES4116802;VSN;
3PTES4116803;VSN;
3PTES4116804;VSN;
3PTES4116805;VSN;
3PTES418638E1;VSN;
3PTES418638E10;VSN;
3PTES418638E11;VSN;
3PTES418638E12;VSN;
3PTES418638E13;VSN;
3PTES418638E14;VSN;
3PTES418638E15;VSN;
3PTES418638E2;VSN;
3PTES418638E3;VSN;
3PTES418638E4;VSN;
3PTES418638E5;VSN;
3PTES418638E6;VSN;
3PTES418638E7;VSN;
3PTES418638E8;VSN;
3PTES418638E9;VSN;
3PTES418638T1;VSN;
3PTES418638T10;VSN;
3PTES418638T11;VSN;
3PTES418638T12;VSN;
3PTES418638T13;VSN;
3PTES418638T14;VSN;
3PTES418638T15;VSN;
3PTES418638T2;VSN;
3PTES418638T3;VSN;
3PTES418638T4;VSN;
3PTES418638T5;VSN;
3PTES418638T6;VSN;
3PTES418638T7;VSN;
3PTES418638T8;VSN;
3PTES418638T9;VSN;
3PTES494600G1;VSN;
3PTES494600G2;VSN;
3PTES494600G3;VSN;
3PTES494600G4;VSN;
3PTES509906B1;VSN;
3PTES509906B10;VSN;
3PTES509906B11;VSN;
3PTES509906B12;VSN;
3PTES509906B2;VSN;
3PTES509906B3;VSN;
3PTES509906B4;VSN;
3PTES509906B5;VSN;
3PTES509906B6;VSN;
3PTES509906B7;VSN;
3PTES509906B8;VSN;
3PTES509906B9;VSN;
3PTES527417I1;VSN;
3PTES527417I2;VSN;
3PTES527417I3;VSN;
3PTES543534B1;VSN;
3PTES543534B2;VSN;
3PTES543534C1;VSN;
3PTES543534C2;VSN;
3PTES552133E1;VSN;
3PTES552133E10;VSN;
3PTES552133E11;VSN;
3PTES552133E12;VSN;
3PTES552133E2;VSN;
3PTES552133E3;VSN;
3PTES552133E4;VSN;
3PTES552133E5;VSN;
3PTES552133E6;VSN;
3PTES552133E7;VSN;
3PTES552133E8;VSN;
3PTES552133E9;VSN;
3PTES555113P1;VSN;
3PTES555113P10;VSN;
3PTES555113P11;VSN;
3PTES555113P12;VSN;
3PTES555113P13;VSN;
3PTES555113P14;VSN;
3PTES555113P15;VSN;
3PTES555113P16;VSN;
3PTES555113P17;VSN;
3PTES555113P18;VSN;
3PTES555113P19;VSN;
3PTES555113P2;VSN;
3PTES555113P20;VSN;
3PTES555113P21;VSN;
3PTES555113P22;VSN;
3PTES555113P23;VSN;
3PTES555113P24;VSN;
3PTES555113P25;VSN;
3PTES555113P3;VSN;
3PTES555113P4;VSN;
3PTES555113P5;VSN;
3PTES555113P6;VSN;
3PTES555113P7;VSN;
3PTES555113P8;VSN;
3PTES555113P9;VSN;
3PTES562390B1;VSN;
3PTES562390B2;VSN;
3PTES562390B3;VSN;
3PTES562390B4;VSN;
3PTES562390B5;VSN;
3PTES562390B6;VSN;
3PTES562390B7;VSN;
3PTES562390B8;VSN;
3PTES562390B9;VSN;
3PTES571500A1;VSN;
3PTES571500A2;VSN;
3PTES571500A3;VSN;
3PTES571500A4;VSN;
3PTES571500A5;VSN;
3PTES571500A6;VSN;
3PTES571500A7;VSN;
3PTES571500A8;VSN;
3PTES571500C1;VSN;
3PTES571500C2;VSN;
3PTES571500C3;VSN;
3PTES571500C4;VSN;
3PTES571500C5;VSN;
3PTES571500C6;VSN;
3PTES571500C7;VSN;
3PTES571500C8;VSN;
3PTES5IFHCRS1;VSN;
3PTES5IFHCRS2;VSN;
3PTES5IFHCRS3;VSN;
3PTES5IFHCRS4;VSN;
3PTES5IFHCRS5;VSN;
3PTES6010421;VSN;
3PTES60104210;VSN;
3PTES60104211;VSN;
3PTES6010422;VSN;
3PTES6010423;VSN;
3PTES6010424;VSN;
3PTES6010425;VSN;
3PTES6010426;VSN;
3PTES6010427;VSN;
3PTES6010428;VSN;
3PTES6010429;VSN;
3PTES6037241;VSN;
3PTES6037242;VSN;
3PTES6046621;VSN;
3PTES6343101;VSN;
3PTES6550831;VSN;
3PTES6550832;VSN;
3PTES684516G1;VSN;
3PTES684516G2;VSN;
3PTES684516G3;VSN;
3PTES684516G4;VSN;
3PTES684516G5;VSN;
3PTES684516H1;VSN;
3PTES684516H10;VSN;
3PTES684516H11;VSN;
3PTES684516H12;VSN;
3PTES684516H13;VSN;
3PTES684516H14;VSN;
3PTES684516H15;VSN;
3PTES684516H2;VSN;
3PTES684516H3;VSN;
3PTES684516H4;VSN;
3PTES684516H5;VSN;
3PTES684516H6;VSN;
3PTES684516H7;VSN;
3PTES684516H8;VSN;
3PTES684516H9;VSN;
3PTES684516I1;VSN;
3PTES684516I2;VSN;
3PTES684516I3;VSN;
3PTES684516I4;VSN;
3PTES684516I5;VSN;
3PTES694891F1;VSN;
3PTES694891F10;VSN;
3PTES694891F11;VSN;
3PTES694891F12;VSN;
3PTES694891F13;VSN;
3PTES694891F14;VSN;
3PTES694891F15;VSN;
3PTES694891F16;VSN;
3PTES694891F17;VSN;
3PTES694891F18;VSN;
3PTES694891F19;VSN;
3PTES694891F2;VSN;
3PTES694891F20;VSN;
3PTES694891F21;VSN;
3PTES694891F22;VSN;
3PTES694891F23;VSN;
3PTES694891F24;VSN;
3PTES694891F25;VSN;
3PTES694891F26;VSN;
3PTES694891F27;VSN;
3PTES694891F28;VSN;
3PTES694891F3;VSN;
3PTES694891F4;VSN;
3PTES694891F5;VSN;
3PTES694891F6;VSN;
3PTES694891F7;VSN;
3PTES694891F8;VSN;
3PTES694891F9;VSN;
3PTES7001151;VSN;
3PTES70011510;VSN;
3PTES70011511;VSN;
3PTES70011512;VSN;
3PTES70011513;VSN;
3PTES70011514;VSN;
3PTES70011515;VSN;
3PTES70011516;VSN;
3PTES70011517;VSN;
3PTES70011518;VSN;
3PTES70011519;VSN;
3PTES7001152;VSN;
3PTES70011520;VSN;
3PTES7001153;VSN;
3PTES7001154;VSN;
3PTES7001155;VSN;
3PTES7001156;VSN;
3PTES7001157;VSN;
3PTES7001158;VSN;
3PTES7001159;VSN;
3PTES722430E1;VSN;
3PTES722430E2;VSN;
3PTES722430E3;VSN;
3PTES722430E4;VSN;
3PTES722430E5;VSN;
3PTES722430E6;VSN;
3PTES741217A1;VSN;
3PTES741217A2;VSN;
3PTES741217A3;VSN;
3PTES741217A4;VSN;
3PTES741217A5;VSN;
3PTES741217A6;VSN;
3PTES741217A7;VSN;
3PTES741217A8;VSN;
3PTES741217A9;VSN;
3PTES741217C1;VSN;
3PTES741217C2;VSN;
3PTES741217C3;VSN;
3PTES741217C4;VSN;
3PTES741217C5;VSN;
3PTES741217C6;VSN;
3PTES741217D1;VSN;
3PTES741217D2;VSN;
3PTES741217D3;VSN;
3PTES741217D4;VSN;
3PTES741217D5;VSN;
3PTES741217H1;VSN;
3PTES741217H2;VSN;
3PTES741217H3;VSN;
3PTES741217H4;VSN;
3PTES741217H5;VSN;
3PTES741217H6;VSN;
3PTES741217H7;VSN;
3PTES741217H8;VSN;
3PTES741217H9;VSN;
3PTES7479371;VSN;
3PTES74793710;VSN;
3PTES7479372;VSN;
3PTES7479373;VSN;
3PTES7479374;VSN;
3PTES7479375;VSN;
3PTES7479376;VSN;
3PTES7479377;VSN;
3PTES7479378;VSN;
3PTES7479379;VSN;
3PTES774712B1;VSN;
3PTES774712B2;VSN;
3PTES774712B3;VSN;
3PTES774712B4;VSN;
3PTES774712B5;VSN;
3PTES7820691;VSN;
3PTES7820692;VSN;
3PTES7820693;VSN;
3PTES7820694;VSN;
3PTES7M2JLDP1;VSN;
3PTES7M2JLDP2;VSN;
3PTES7UVJHJQ1;VSN;
3PTES8124IQD1;VSN;
3PTES835505B1;VSN;
3PTES835505B2;VSN;
3PTES835505B3;VSN;
3PTES835505B4;VSN;
3PTES8650141;VSN;
3PTES8650142;VSN;
3PTES868838B1;VSN;
3PTES868838B2;VSN;
3PTES869201I1;VSN;
3PTES869201I2;VSN;
3PTES869201I3;VSN;
3PTES869201I4;VSN;
3PTES869201I5;VSN;
3PTES869201I6;VSN;
3PTES869201I7;VSN;
3PTES869201I8;VSN;
3PTES879459C1;VSN;
3PTES879459C10;VSN;
3PTES879459C11;VSN;
3PTES879459C12;VSN;
3PTES879459C2;VSN;
3PTES879459C3;VSN;
3PTES879459C4;VSN;
3PTES879459C5;VSN;
3PTES879459C6;VSN;
3PTES879459C7;VSN;
3PTES879459C8;VSN;
3PTES879459C9;VSN;
3PTES8DLHIF31;VSN;
3PTES8VYKA0V1;VSN;
3PTES8VYKA0V2;VSN;
3PTES8VYKA0V3;VSN;
3PTES8VYKA0V4;VSN;
3PTES8X4LLL51;VSN;
3PTES8X4LLL52;VSN;
3PTES8X4LLL53;VSN;
3PTES8X4LLL54;VSN;
3PTES8X4LLL55;VSN;
3PTES8X4LLL56;VSN;
3PTES920269B1;VSN;
3PTES920269B2;VSN;
3PTES920269B3;VSN;
3PTES9445261;VSN;
3PTES9445262;VSN;
3PTES9593LEO1;VSN;
3PTES9593LEO2;VSN;
3PTES9593LEO3;VSN;
3PTES9593LEO4;VSN;
3PTES9693751;VSN;
3PTES9693752;VSN;
3PTES9693753;VSN;
3PTES9693754;VSN;
3PTES9693755;VSN;
3PTES9693756;VSN;
3PTES969375A1;VSN;
3PTES969375A2;VSN;
3PTES969375A3;VSN;
3PTES969375A4;VSN;
3PTES9759341;VSN;
3PTES9759342;VSN;
3PTES9759343;VSN;
3PTES9759344;VSN;
3PTES9759345;VSN;
3PTES9759346;VSN;
3PTES9759347;VSN;
3PTES9RZTMJL1;VSN;
3PTESA2MZSXI1;VSN;
3PTESA2MZSXI10;VSN;
3PTESA2MZSXI11;VSN;
3PTESA2MZSXI12;VSN;
3PTESA2MZSXI13;VSN;
3PTESA2MZSXI2;VSN;
3PTESA2MZSXI3;VSN;
3PTESA2MZSXI4;VSN;
3PTESA2MZSXI5;VSN;
3PTESA2MZSXI6;VSN;
3PTESA2MZSXI7;VSN;
3PTESA2MZSXI8;VSN;
3PTESA2MZSXI9;VSN;
3PTESB6JFH2R1;VSN;
3PTESB6JFH2R2;VSN;
3PTESB6JFH2R3;VSN;
3PTESB6JFH2R4;VSN;
3PTESB6JFH2R5;VSN;
3PTESB6JFH2R6;VSN;
3PTESBDNDOOO1;VSN;
3PTESBWYPUV21;VSN;
3PTESBWYPUV22;VSN;
3PTESBWYPUV23;VSN;
3PTESBWYPUV24;VSN;
3PTESC4HW2I91;VSN;
3PTESC4HW2I910;VSN;
3PTESC4HW2I911;VSN;
3PTESC4HW2I912;VSN;
3PTESC4HW2I913;VSN;
3PTESC4HW2I914;VSN;
3PTESC4HW2I915;VSN;
3PTESC4HW2I92;VSN;
3PTESC4HW2I93;VSN;
3PTESC4HW2I94;VSN;
3PTESC4HW2I95;VSN;
3PTESC4HW2I96;VSN;
3PTESC4HW2I97;VSN;
3PTESC4HW2I98;VSN;
3PTESC4HW2I99;VSN;
3PTESGAPY1IB1;VSN;
3PTESGAPY1IB2;VSN;
3PTESGAPY1IB3;VSN;
3PTESGAPY1IB4;VSN;
3PTESGAPY1IB5;VSN;
3PTESJNDU96M1;VSN;
3PTESJNDU96M2;VSN;
3PTESJNDU96M3;VSN;
3PTESJNDU96M4;VSN;
3PTESJNDU96M5;VSN;
3PTESJNDU96M6;VSN;
3PTESKWN26PH1;VSN;
3PTESKWN26PH2;VSN;
3PTESKWN26PH3;VSN;
3PTESKWN26PH4;VSN;
3PTESKWN26PH5;VSN;
3PTESKY5I3SM1;VSN;
3PTESKY5I3SM2;VSN;
3PTESKY5I3SM3;VSN;
3PTESKY5I3SM4;VSN;
3PTESM4P0W8K1;VSN;
3PTESM4P0W8K2;VSN;
3PTESNL44E2A1;VSN;
3PTESNL44E2A2;VSN;
3PTESNL44E2A3;VSN;
3PTESNL44E2A4;VSN;
3PTESNL44E2A5;VSN;
3PTESQU02M8Q1;VSN;
3PTESQU02M8Q2;VSN;
3PTESR2UT86X1;VSN;
3PTESR2UT86X2;VSN;
3PTESR2UT86X3;VSN;
3PTESR2UT86X4;VSN;
3PTESSC998L01;VSN;
3PTESSC998L010;VSN;
3PTESSC998L011;VSN;
3PTESSC998L012;VSN;
3PTESSC998L013;VSN;
3PTESSC998L014;VSN;
3PTESSC998L015;VSN;
3PTESSC998L016;VSN;
3PTESSC998L017;VSN;
3PTESSC998L018;VSN;
3PTESSC998L019;VSN;
3PTESSC998L02;VSN;
3PTESSC998L020;VSN;
3PTESSC998L021;VSN;
3PTESSC998L022;VSN;
3PTESSC998L023;VSN;
3PTESSC998L024;VSN;
3PTESSC998L025;VSN;
3PTESSC998L026;VSN;
3PTESSC998L03;VSN;
3PTESSC998L04;VSN;
3PTESSC998L05;VSN;
3PTESSC998L06;VSN;
3PTESSC998L07;VSN;
3PTESSC998L08;VSN;
3PTESSC998L09;VSN;
3PTESTRD8XEZ1;VSN;
3PTESWHBSLN11;VSN;
3PTESWHBSLN12;VSN;
3PTESWHBSLN13;VSN;
3PTESWHBSLN14;VSN;
3PTESWHBSLN15;VSN;
3PTESWHBSLN16;VSN;
3PTESWZEHQVP1;VSN;
3PTESWZEHQVP2;VSN;
3PTESWZEHQVP3;VSN;
3PTESWZEHQVP4;VSN;
3PTESWZEHQVP5;VSN;
3PTESWZEHQVP6;VSN;
3PTESX6MH15Z1;VSN;
3PTESX6MH15Z10;VSN;
3PTESX6MH15Z2;VSN;
3PTESX6MH15Z3;VSN;
3PTESX6MH15Z4;VSN;
3PTESX6MH15Z5;VSN;
3PTESX6MH15Z6;VSN;
3PTESX6MH15Z7;VSN;
3PTESX6MH15Z8;VSN;
3PTESX6MH15Z9;VSN;
3PTESZQR7ZHM1;VSN;
3PTGR140623K1;VSN;
3PTGR140623X1;VSN;
3PTGR140623X2;VSN;
3PTGR140623Y1;VSN;
3PTGR140623Z1;VSN;
3PTGR210623K1;VSN;
3PTGR210623T1;VSN;
3PTGR210623U1;VSN;
3PTGR210623V1;VSN;
3PTGR210623W1;VSN;
3PTGR210623Y1;VSN;
3PTGR210623Z1;VSN;
3PTGR220623X1;VSN;
3PTGR220623X2;VSN;
3PTGR230623T1;VSN;
3PTGR230623T2;VSN;
3PTGR230623T3;VSN;
3PTGR230623T4;VSN;
3PTGR230623V1;VSN;
3PTGR230623V2;VSN;
3PTGR230623V3;VSN;
3PTGR230623V4;VSN;
3PTGR230623V5;VSN;
3PTIT;VSN;
3PTJU;VSN;
3PTLG;VSN;
3PTLO013492A1;VSN;
3PTLO013492A2;VSN;
3PTLO013492A3;VSN;
3PTLO013492A4;VSN;
3PTLO025506J1;VSN;
3PTLO025506K1;VSN;
3PTLO061123M1;VSN;
3PTLO061123M2;VSN;
3PTLO061123M3;VSN;
3PTLO061123M4;VSN;
3PTLO081123Q1;VSN;
3PTLO081123Q2;VSN;
3PTLO082744B1;VSN;
3PTLO082744B2;VSN;
3PTLO082744E1;VSN;
3PTLO082744E2;VSN;
3PTLO082744E3;VSN;
3PTLO082744E4;VSN;
3PTLO091123Q1;VSN;
3PTLO091123Q2;VSN;
3PTLO091123U1;VSN;
3PTLO091123U2;VSN;
3PTLO091123U3;VSN;
3PTLO091123U4;VSN;
3PTLO091123Y1;VSN;
3PTLO091123Y2;VSN;
3PTLO091123Y3;VSN;
3PTLO091123Y4;VSN;
3PTLO097960A1;VSN;
3PTLO097960A2;VSN;
3PTLO098851B1;VSN;
3PTLO106557E1;VSN;
3PTLO106557E2;VSN;
3PTLO11052021;VSN;
3PTLO11052022;VSN;
3PTLO110523W1;VSN;
3PTLO110523W2;VSN;
3PTLO110523Z1;VSN;
3PTLO110523Z2;VSN;
3PTLO120523W1;VSN;
3PTLO120523W2;VSN;
3PTLO120523W3;VSN;
3PTLO132839J1;VSN;
3PTLO132839J2;VSN;
3PTLO140623X1;VSN;
3PTLO162487E1;VSN;
3PTLO162487E2;VSN;
3PTLO1642051;VSN;
3PTLO1642052;VSN;
3PTLO1642053;VSN;
3PTLO1642054;VSN;
3PTLO171484B1;VSN;
3PTLO171484B10;VSN;
3PTLO171484B2;VSN;
3PTLO171484B3;VSN;
3PTLO171484B4;VSN;
3PTLO171484B5;VSN;
3PTLO171484B6;VSN;
3PTLO171484B7;VSN;
3PTLO171484B8;VSN;
3PTLO171484B9;VSN;
3PTLO181491B1;VSN;
3PTLO181491B2;VSN;
3PTLO186656F1;VSN;
3PTLO186656F2;VSN;
3PTLO210623K1;VSN;
3PTLO210623W1;VSN;
3PTLO220623X1;VSN;
3PTLO227362E1;VSN;
3PTLO227362E2;VSN;
3PTLO227362E3;VSN;
3PTLO227362E4;VSN;
3PTLO230250Q1;VSN;
3PTLO230250Q2;VSN;
3PTLO230523E1;VSN;
3PTLO230523E2;VSN;
3PTLO230523Q1;VSN;
3PTLO230523Q2;VSN;
3PTLO230623T1;VSN;
3PTLO230623T2;VSN;
3PTLO230623V1;VSN;
3PTLO230623V2;VSN;
3PTLO243805M1;VSN;
3PTLO243805M2;VSN;
3PTLO243805P1;VSN;
3PTLO243805P2;VSN;
3PTLO256625A1;VSN;
3PTLO256625A2;VSN;
3PTLO265876R1;VSN;
3PTLO265876S1;VSN;
3PTLO271489B1;VSN;
3PTLO271489B2;VSN;
3PTLO274310H1;VSN;
3PTLO274310H2;VSN;
3PTLO274310H3;VSN;
3PTLO274310H4;VSN;
3PTLO298851B1;VSN;
3PTLO300922X1;VSN;
3PTLO300922Z1;VSN;
3PTLO30A1CRL1;VSN;
3PTLO30A1CRL2;VSN;
3PTLO30A1CRL3;VSN;
3PTLO30A1CRL4;VSN;
3PTLO386062Q1;VSN;
3PTLO386062Q2;VSN;
3PTLO386092C1;VSN;
3PTLO386092C2;VSN;
3PTLO429078A1;VSN;
3PTLO429078A2;VSN;
3PTLO429078A3;VSN;
3PTLO429078A4;VSN;
3PTLO439779H1;VSN;
3PTLO439779H2;VSN;
3PTLO444458A1;VSN;
3PTLO444458A2;VSN;
3PTLO444458A3;VSN;
3PTLO444458A4;VSN;
3PTLO444458A5;VSN;
3PTLO444458A6;VSN;
3PTLO487849I1;VSN;
3PTLO487849I2;VSN;
3PTLO518559A1;VSN;
3PTLO518559A2;VSN;
3PTLO527417C1;VSN;
3PTLO527417C2;VSN;
3PTLO543534B1;VSN;
3PTLO543534C1;VSN;
3PTLO565953B1;VSN;
3PTLO565953B2;VSN;
3PTLO565953E1;VSN;
3PTLO565953E2;VSN;
3PTLO565953E3;VSN;
3PTLO565953E4;VSN;
3PTLO571500A1;VSN;
3PTLO571500A2;VSN;
3PTLO571500A3;VSN;
3PTLO571500A4;VSN;
3PTLO5794061;VSN;
3PTLO5794062;VSN;
3PTLO5794063;VSN;
3PTLO683227B1;VSN;
3PTLO683227B2;VSN;
3PTLO683227B3;VSN;
3PTLO683227B4;VSN;
3PTLO683227B5;VSN;
3PTLO683227B6;VSN;
3PTLO683227B7;VSN;
3PTLO734375C1;VSN;
3PTLO734375C2;VSN;
3PTLO734375C3;VSN;
3PTLO734375H1;VSN;
3PTLO734375H2;VSN;
3PTLO753765F1;VSN;
3PTLO753765F2;VSN;
3PTLO753765F3;VSN;
3PTLO753765F4;VSN;
3PTLO8336171;VSN;
3PTLO835238J1;VSN;
3PTLO835238J2;VSN;
3PTLO835505B1;VSN;
3PTLO839746O1;VSN;
3PTLO839746O2;VSN;
3PTLO839746V1;VSN;
3PTLO839746V2;VSN;
3PTLO879459C1;VSN;
3PTLO879459C2;VSN;
3PTLO879459C3;VSN;
3PTLO879459C4;VSN;
3PTLO8VYKA0V1;VSN;
3PTLO8X4LLL51;VSN;
3PTLO9044591;VSN;
3PTLO9044592;VSN;
3PTLO90911Q1;VSN;
3PTLO90911Q2;VSN;
3PTLO959395C1;VSN;
3PTLO959395C2;VSN;
3PTLO9693751;VSN;
3PTLO969375A1;VSN;
3PTLOB6JFH2R1;VSN;
3PTLOC9XJK8B1;VSN;
3PTLOC9XJK8B2;VSN;
3PTLOC9XJK8B3;VSN;
3PTLOC9XJK8B4;VSN;
3PTLOHS8K2MP1;VSN;
3PTLOHS8K2MP2;VSN;
3PTLOISP0CEC1;VSN;
3PTLOIWC7O421;VSN;
3PTLOJNDU96M1;VSN;
3PTLOK8VFAYC1;VSN;
3PTLOK8VFAYC2;VSN;
3PTLONH083ER1;VSN;
3PTLONH083ER2;VSN;
3PTLOPLWIX8O1;VSN;
3PTLOPLWIX8O2;VSN;
3PTLOSNZZ4RM1;VSN;
3PTLOSSPAFCF1;VSN;
3PTLOSSPAFCF2;VSN;
3PTLOUQP1TFG1;VSN;
3PTLOUQP1TFG2;VSN;
3PTLOWHBSLN11;VSN;
3PTLOWZEHQVP1;VSN;
3PTMG;VSN;
3PTOE220623Z1;VSN;
3PTOE220623Z2;VSN;
3PTOE9759341;VSN;
3PTRO010906B1;VSN;
3PTRO010906B2;VSN;
3PTRO010906B3;VSN;
3PTRO010906B4;VSN;
3PTRO010906B5;VSN;
3PTRO010906B6;VSN;
3PTRO010906B7;VSN;
3PTRO010906B8;VSN;
3PTRO0229881;VSN;
3PTRO0229882;VSN;
3PTRO0309651;VSN;
3PTRO0309652;VSN;
3PTRO0841161;VSN;
3PTRO0841162;VSN;
3PTRO0854631;VSN;
3PTRO091123U1;VSN;
3PTRO091123U2;VSN;
3PTRO091123U3;VSN;
3PTRO091123U4;VSN;
3PTRO091123Y1;VSN;
3PTRO091123Y2;VSN;
3PTRO091123Y3;VSN;
3PTRO091123Y4;VSN;
3PTRO098851B1;VSN;
3PTRO100723E1;VSN;
3PTRO100723E10;VSN;
3PTRO100723E11;VSN;
3PTRO100723E12;VSN;
3PTRO100723E13;VSN;
3PTRO100723E14;VSN;
3PTRO100723E2;VSN;
3PTRO100723E3;VSN;
3PTRO100723E4;VSN;
3PTRO100723E5;VSN;
3PTRO100723E6;VSN;
3PTRO100723E7;VSN;
3PTRO100723E8;VSN;
3PTRO100723E9;VSN;
3PTRO100723Q1;VSN;
3PTRO100723Q10;VSN;
3PTRO100723Q11;VSN;
3PTRO100723Q12;VSN;
3PTRO100723Q13;VSN;
3PTRO100723Q14;VSN;
3PTRO100723Q2;VSN;
3PTRO100723Q3;VSN;
3PTRO100723Q4;VSN;
3PTRO100723Q5;VSN;
3PTRO100723Q6;VSN;
3PTRO100723Q7;VSN;
3PTRO100723Q8;VSN;
3PTRO100723Q9;VSN;
3PTRO100723W1;VSN;
3PTRO100723W10;VSN;
3PTRO100723W11;VSN;
3PTRO100723W12;VSN;
3PTRO100723W13;VSN;
3PTRO100723W14;VSN;
3PTRO100723W2;VSN;
3PTRO100723W3;VSN;
3PTRO100723W4;VSN;
3PTRO100723W5;VSN;
3PTRO100723W6;VSN;
3PTRO100723W7;VSN;
3PTRO100723W8;VSN;
3PTRO100723W9;VSN;
3PTRO140623X1;VSN;
3PTRO196269A1;VSN;
3PTRO210623K1;VSN;
3PTRO210623W1;VSN;
3PTRO220623X1;VSN;
3PTRO220623Y1;VSN;
3PTRO220623Y2;VSN;
3PTRO230623T1;VSN;
3PTRO230623T2;VSN;
3PTRO230623V1;VSN;
3PTRO230623V2;VSN;
3PTRO265876R1;VSN;
3PTRO266185B1;VSN;
3PTRO298851B1;VSN;
3PTRO300322V1;VSN;
3PTRO300322V2;VSN;
3PTRO300322V3;VSN;
3PTRO300322V4;VSN;
3PTRO300322V5;VSN;
3PTRO300322V6;VSN;
3PTRO300322V7;VSN;
3PTRO300322V8;VSN;
3PTRO3757821;VSN;
3PTRO382444E1;VSN;
3PTRO382444E2;VSN;
3PTRO382444E3;VSN;
3PTRO382444E4;VSN;
3PTRO3923501;VSN;
3PTRO4014551;VSN;
3PTRO4014552;VSN;
3PTRO4014553;VSN;
3PTRO4014554;VSN;
3PTRO4014555;VSN;
3PTRO4014556;VSN;
3PTRO4014557;VSN;
3PTRO4014558;VSN;
3PTRO434983C1;VSN;
3PTRO4791191;VSN;
3PTRO4791192;VSN;
3PTRO4791193;VSN;
3PTRO4791194;VSN;
3PTRO528370A1;VSN;
3PTRO543534B1;VSN;
3PTRO543534C1;VSN;
3PTRO568310A1;VSN;
3PTRO568310A2;VSN;
3PTRO568310A3;VSN;
3PTRO568310A4;VSN;
3PTRO571500A1;VSN;
3PTRO571500A2;VSN;
3PTRO571500A3;VSN;
3PTRO571500A4;VSN;
3PTRO576487D1;VSN;
3PTRO576487D2;VSN;
3PTRO576487D3;VSN;
3PTRO576487D4;VSN;
3PTRO576487D5;VSN;
3PTRO576487D6;VSN;
3PTRO591820Z1;VSN;
3PTRO591820Z10;VSN;
3PTRO591820Z2;VSN;
3PTRO591820Z3;VSN;
3PTRO591820Z4;VSN;
3PTRO591820Z5;VSN;
3PTRO591820Z6;VSN;
3PTRO591820Z7;VSN;
3PTRO591820Z8;VSN;
3PTRO591820Z9;VSN;
3PTRO7724301;VSN;
3PTRO77243010;VSN;
3PTRO77243011;VSN;
3PTRO77243012;VSN;
3PTRO77243013;VSN;
3PTRO77243014;VSN;
3PTRO7724302;VSN;
3PTRO7724303;VSN;
3PTRO7724304;VSN;
3PTRO7724305;VSN;
3PTRO7724306;VSN;
3PTRO7724307;VSN;
3PTRO7724308;VSN;
3PTRO7724309;VSN;
3PTRO824299A1;VSN;
3PTRO824299A2;VSN;
3PTRO824299A3;VSN;
3PTRO824299A4;VSN;
3PTRO824299A5;VSN;
3PTRO824299D1;VSN;
3PTRO824299D2;VSN;
3PTRO835505B1;VSN;
3PTRO8650141;VSN;
3PTRO879459C1;VSN;
3PTRO879459C2;VSN;
3PTRO879459C3;VSN;
3PTRO879459C4;VSN;
3PTRO8833261;VSN;
3PTRO8833262;VSN;
3PTRO8VYKA0V1;VSN;
3PTRO8X4LLL51;VSN;
3PTRO925215N1;VSN;
3PTRO925215N2;VSN;
3PTRO964169Q1;VSN;
3PTRO964169Q2;VSN;
3PTRO9693751;VSN;
3PTRO969375A1;VSN;
3PTRO9714171;VSN;
3PTROB6JFH2R1;VSN;
3PTROBWYPUV21;VSN;
3PTROJNDU96M1;VSN;
3PTROKY5I3SM1;VSN;
3PTRONHVPHFH1;VSN;
3PTRONHVPHFH2;VSN;
3PTRONHVPHFH3;VSN;
3PTRONHVPHFH4;VSN;
3PTRONHVPHFH5;VSN;
3PTRONHVPHFH6;VSN;
3PTRONHVPHFH7;VSN;
3PTROR2UT86X1;VSN;
3PTROWHBSLN11;VSN;
3PTROWZEHQVP1;VSN;
3PTSO010923Z1;VSN;
3PTSO010923Z2;VSN;
3PTSO010923Z3;VSN;
3PTSO010923Z4;VSN;
3PTSO0133751;VSN;
3PTSO0133752;VSN;
3PTSO0141461;VSN;
3PTSO0141462;VSN;
3PTSO0141463;VSN;
3PTSO0141464;VSN;
3PTSO018738B1;VSN;
3PTSO018738B2;VSN;
3PTSO0218881;VSN;
3PTSO025506E1;VSN;
3PTSO025506E2;VSN;
3PTSO025506E3;VSN;
3PTSO025506F1;VSN;
3PTSO025506F2;VSN;
3PTSO025506L1;VSN;
3PTSO025506L2;VSN;
3PTSO032995A1;VSN;
3PTSO032995A10;VSN;
3PTSO032995A11;VSN;
3PTSO032995A12;VSN;
3PTSO032995A2;VSN;
3PTSO032995A3;VSN;
3PTSO032995A4;VSN;
3PTSO032995A5;VSN;
3PTSO032995A6;VSN;
3PTSO032995A7;VSN;
3PTSO032995A8;VSN;
3PTSO032995A9;VSN;
3PTSO032995C1;VSN;
3PTSO032995C2;VSN;
3PTSO032995C3;VSN;
3PTSO032995C4;VSN;
3PTSO043267J1;VSN;
3PTSO043267J2;VSN;
3PTSO043267J3;VSN;
3PTSO043267J4;VSN;
3PTSO043267J5;VSN;
3PTSO043267J6;VSN;
3PTSO055913A1;VSN;
3PTSO055913A2;VSN;
3PTSO058868I1;VSN;
3PTSO058868I2;VSN;
3PTSO05MZA8E1;VSN;
3PTSO05MZA8E2;VSN;
3PTSO060923A1;VSN;
3PTSO060923A2;VSN;
3PTSO060923B1;VSN;
3PTSO060923B2;VSN;
3PTSO060923C1;VSN;
3PTSO060923C2;VSN;
3PTSO061123N1;VSN;
3PTSO061123N2;VSN;
3PTSO072193D1;VSN;
3PTSO072193D2;VSN;
3PTSO0810551;VSN;
3PTSO0810552;VSN;
3PTSO083577A1;VSN;
3PTSO083577A2;VSN;
3PTSO0854631;VSN;
3PTSO091123U1;VSN;
3PTSO091123U2;VSN;
3PTSO091123U3;VSN;
3PTSO091123U4;VSN;
3PTSO091123Y1;VSN;
3PTSO091123Y2;VSN;
3PTSO091123Y3;VSN;
3PTSO091123Y4;VSN;
3PTSO098851B1;VSN;
3PTSO0EOHWUD1;VSN;
3PTSO0EOHWUD2;VSN;
3PTSO0EOHWUD3;VSN;
3PTSO0EOHWUD4;VSN;
3PTSO0NDJXLJ1;VSN;
3PTSO0NDJXLJ2;VSN;
3PTSO0P5IXQ61;VSN;
3PTSO0Q8Z8Y01;VSN;
3PTSO0Q8Z8Y02;VSN;
3PTSO1150031;VSN;
3PTSO1150032;VSN;
3PTSO1184681;VSN;
3PTSO1184682;VSN;
3PTSO129392C1;VSN;
3PTSO129392C2;VSN;
3PTSO1343691;VSN;
3PTSO1343692;VSN;
3PTSO140322T1;VSN;
3PTSO140322T2;VSN;
3PTSO140322T3;VSN;
3PTSO140322T4;VSN;
3PTSO140322T5;VSN;
3PTSO140322T6;VSN;
3PTSO140322T7;VSN;
3PTSO140623X1;VSN;
3PTSO1504541;VSN;
3PTSO152532B1;VSN;
3PTSO152532B2;VSN;
3PTSO1973151;VSN;
3PTSO1973152;VSN;
3PTSO1973153;VSN;
3PTSO1973154;VSN;
3PTSO1973155;VSN;
3PTSO1973156;VSN;
3PTSO1JC1NR91;VSN;
3PTSO2022981;VSN;
3PTSO2022982;VSN;
3PTSO206543E1;VSN;
3PTSO206543E2;VSN;
3PTSO210623K1;VSN;
3PTSO210623W1;VSN;
3PTSO2162251;VSN;
3PTSO220623X1;VSN;
3PTSO2235781;VSN;
3PTSO2235782;VSN;
3PTSO227362K1;VSN;
3PTSO227362K2;VSN;
3PTSO227362K3;VSN;
3PTSO229340E1;VSN;
3PTSO229340E2;VSN;
3PTSO230623T1;VSN;
3PTSO230623T2;VSN;
3PTSO230623T3;VSN;
3PTSO230623V1;VSN;
3PTSO230623V2;VSN;
3PTSO242483F1;VSN;
3PTSO242483F2;VSN;
3PTSO248966E1;VSN;
3PTSO248966E2;VSN;
3PTSO24Q6SMU1;VSN;
3PTSO24Q6SMU2;VSN;
3PTSO24Q6SMU3;VSN;
3PTSO265876R1;VSN;
3PTSO266185B1;VSN;
3PTSO289073E1;VSN;
3PTSO289073E2;VSN;
3PTSO289073E3;VSN;
3PTSO289073E4;VSN;
3PTSO298851B1;VSN;
3PTSO2UXVI081;VSN;
3PTSO2UXVI082;VSN;
3PTSO307319A1;VSN;
3PTSO307319A2;VSN;
3PTSO307319A3;VSN;
3PTSO307319A4;VSN;
3PTSO307319A5;VSN;
3PTSO307319B1;VSN;
3PTSO307319B2;VSN;
3PTSO307319B3;VSN;
3PTSO307319C1;VSN;
3PTSO307319C2;VSN;
3PTSO307319C3;VSN;
3PTSO307319C4;VSN;
3PTSO307319D1;VSN;
3PTSO307319D2;VSN;
3PTSO307319D3;VSN;
3PTSO307319E1;VSN;
3PTSO307319E2;VSN;
3PTSO307319E3;VSN;
3PTSO3076321;VSN;
3PTSO3076322;VSN;
3PTSO3076323;VSN;
3PTSO3076324;VSN;
3PTSO3102971;VSN;
3PTSO3102972;VSN;
3PTSO329326A1;VSN;
3PTSO329326A2;VSN;
3PTSO329326A3;VSN;
3PTSO329326A4;VSN;
3PTSO329326A5;VSN;
3PTSO329521F1;VSN;
3PTSO329521F2;VSN;
3PTSO329521F3;VSN;
3PTSO369600B1;VSN;
3PTSO369600B2;VSN;
3PTSO3783111;VSN;
3PTSO3783112;VSN;
3PTSO3783113;VSN;
3PTSO3783114;VSN;
3PTSO378325C1;VSN;
3PTSO378325C2;VSN;
3PTSO378325C3;VSN;
3PTSO378325C4;VSN;
3PTSO378325C5;VSN;
3PTSO378325C6;VSN;
3PTSO378325E1;VSN;
3PTSO378325E2;VSN;
3PTSO381035A1;VSN;
3PTSO381035A2;VSN;
3PTSO381035A3;VSN;
3PTSO3823981;VSN;
3PTSO386611A1;VSN;
3PTSO386611A2;VSN;
3PTSO389003B1;VSN;
3PTSO389003B2;VSN;
3PTSO389003B3;VSN;
3PTSO389003B4;VSN;
3PTSO3PCBALK1;VSN;
3PTSO3PCBALK2;VSN;
3PTSO3PCBALK3;VSN;
3PTSO407961A1;VSN;
3PTSO407961A2;VSN;
3PTSO407961A3;VSN;
3PTSO407961D1;VSN;
3PTSO407961D2;VSN;
3PTSO417488B1;VSN;
3PTSO417488B2;VSN;
3PTSO4184641;VSN;
3PTSO4184642;VSN;
3PTSO418638P1;VSN;
3PTSO418638P10;VSN;
3PTSO418638P2;VSN;
3PTSO418638P3;VSN;
3PTSO418638P4;VSN;
3PTSO418638P5;VSN;
3PTSO418638P6;VSN;
3PTSO418638P7;VSN;
3PTSO418638P8;VSN;
3PTSO418638P9;VSN;
3PTSO453630D1;VSN;
3PTSO453630D2;VSN;
3PTSO460479B1;VSN;
3PTSO460479B2;VSN;
3PTSO463580O1;VSN;
3PTSO463580O2;VSN;
3PTSO480567F1;VSN;
3PTSO480567F2;VSN;
3PTSO494600P1;VSN;
3PTSO494600P2;VSN;
3PTSO496262I1;VSN;
3PTSO496262I2;VSN;
3PTSO496262I3;VSN;
3PTSO496262I4;VSN;
3PTSO496262I5;VSN;
3PTSO496262I6;VSN;
3PTSO536632A1;VSN;
3PTSO536632A2;VSN;
3PTSO538505H1;VSN;
3PTSO538505H2;VSN;
3PTSO543351D1;VSN;
3PTSO543351D2;VSN;
3PTSO543351D3;VSN;
3PTSO543351D4;VSN;
3PTSO543534B1;VSN;
3PTSO543534C1;VSN;
3PTSO555113F1;VSN;
3PTSO555113F2;VSN;
3PTSO555113F3;VSN;
3PTSO555113F4;VSN;
3PTSO555113F5;VSN;
3PTSO555113F6;VSN;
3PTSO555113H1;VSN;
3PTSO555113H2;VSN;
3PTSO555113H3;VSN;
3PTSO555113H4;VSN;
3PTSO555113H5;VSN;
3PTSO555113H6;VSN;
3PTSO563169O1;VSN;
3PTSO563169O2;VSN;
3PTSO563169O3;VSN;
3PTSO563169O4;VSN;
3PTSO567638F1;VSN;
3PTSO571500A1;VSN;
3PTSO571500A2;VSN;
3PTSO571500A3;VSN;
3PTSO571500A4;VSN;
3PTSO575454C1;VSN;
3PTSO575454C2;VSN;
3PTSO578140A1;VSN;
3PTSO593598P1;VSN;
3PTSO593598P2;VSN;
3PTSO593598P3;VSN;
3PTSO593598Q1;VSN;
3PTSO593598Q2;VSN;
3PTSO593598Q3;VSN;
3PTSO593598Q4;VSN;
3PTSO593598Q5;VSN;
3PTSO595187Q1;VSN;
3PTSO595187Q2;VSN;
3PTSO5E2UXW81;VSN;
3PTSO5E2UXW82;VSN;
3PTSO5ZIW2XC1;VSN;
3PTSO5ZIW2XC2;VSN;
3PTSO610265F1;VSN;
3PTSO610265F2;VSN;
3PTSO6150551;VSN;
3PTSO628067E1;VSN;
3PTSO628067H1;VSN;
3PTSO631367P1;VSN;
3PTSO631367P2;VSN;
3PTSO631367P3;VSN;
3PTSO631367P4;VSN;
3PTSO631367P5;VSN;
3PTSO631367P6;VSN;
3PTSO6577401;VSN;
3PTSO6577402;VSN;
3PTSO6577403;VSN;
3PTSO6577404;VSN;
3PTSO6577405;VSN;
3PTSO6577406;VSN;
3PTSO6577407;VSN;
3PTSO67306A1;VSN;
3PTSO67306A2;VSN;
3PTSO67306A3;VSN;
3PTSO67306A4;VSN;
3PTSO67306A5;VSN;
3PTSO67306A6;VSN;
3PTSO694891G1;VSN;
3PTSO694891G10;VSN;
3PTSO694891G11;VSN;
3PTSO694891G12;VSN;
3PTSO694891G2;VSN;
3PTSO694891G3;VSN;
3PTSO694891G4;VSN;
3PTSO694891G5;VSN;
3PTSO694891G6;VSN;
3PTSO694891G7;VSN;
3PTSO694891G8;VSN;
3PTSO694891G9;VSN;
3PTSO696232P1;VSN;
3PTSO696232P2;VSN;
3PTSO696232T1;VSN;
3PTSO696232T2;VSN;
3PTSO696232T3;VSN;
3PTSO696232T4;VSN;
3PTSO696232U1;VSN;
3PTSO696232U2;VSN;
3PTSO696232U3;VSN;
3PTSO696232U4;VSN;
3PTSO696232U5;VSN;
3PTSO696232U6;VSN;
3PTSO6971841;VSN;
3PTSO6971842;VSN;
3PTSO6971843;VSN;
3PTSO6971844;VSN;
3PTSO6NC7PRK1;VSN;
3PTSO6NC7PRK10;VSN;
3PTSO6NC7PRK11;VSN;
3PTSO6NC7PRK12;VSN;
3PTSO6NC7PRK2;VSN;
3PTSO6NC7PRK3;VSN;
3PTSO6NC7PRK4;VSN;
3PTSO6NC7PRK5;VSN;
3PTSO6NC7PRK6;VSN;
3PTSO6NC7PRK7;VSN;
3PTSO6NC7PRK8;VSN;
3PTSO6NC7PRK9;VSN;
3PTSO7353051;VSN;
3PTSO7353052;VSN;
3PTSO7353053;VSN;
3PTSO7353054;VSN;
3PTSO742003E1;VSN;
3PTSO742003E2;VSN;
3PTSO7426441;VSN;
3PTSO7426442;VSN;
3PTSO7426443;VSN;
3PTSO7426444;VSN;
3PTSO7426445;VSN;
3PTSO7426446;VSN;
3PTSO7426447;VSN;
3PTSO756833G1;VSN;
3PTSO756833G10;VSN;
3PTSO756833G2;VSN;
3PTSO756833G3;VSN;
3PTSO756833G4;VSN;
3PTSO756833G5;VSN;
3PTSO756833G6;VSN;
3PTSO756833G7;VSN;
3PTSO756833G8;VSN;
3PTSO756833G9;VSN;
3PTSO756833H1;VSN;
3PTSO756833H2;VSN;
3PTSO756833H3;VSN;
3PTSO756833H4;VSN;
3PTSO756833H5;VSN;
3PTSO783677E1;VSN;
3PTSO785717W1;VSN;
3PTSO785717W2;VSN;
3PTSO794079C1;VSN;
3PTSO794079C2;VSN;
3PTSO7A2RXYQ1;VSN;
3PTSO7A2RXYQ2;VSN;
3PTSO7A2RXYQ3;VSN;
3PTSO7A2RXYQ4;VSN;
3PTSO7A2RXYQ5;VSN;
3PTSO7A2RXYQ6;VSN;
3PTSO7A2RXYQ7;VSN;
3PTSO835505B1;VSN;
3PTSO858494A1;VSN;
3PTSO858494A2;VSN;
3PTSO8650141;VSN;
3PTSO879459C1;VSN;
3PTSO879459C2;VSN;
3PTSO879459C3;VSN;
3PTSO879459C4;VSN;
3PTSO887069C1;VSN;
3PTSO887069C2;VSN;
3PTSO8A7AQ1E1;VSN;
3PTSO8A7AQ1E2;VSN;
3PTSO8VYKA0V1;VSN;
3PTSO8X4LLL51;VSN;
3PTSO9160341;VSN;
3PTSO9160342;VSN;
3PTSO9280121;VSN;
3PTSO9280122;VSN;
3PTSO936600B1;VSN;
3PTSO936600B2;VSN;
3PTSO936600B3;VSN;
3PTSO961674A1;VSN;
3PTSO9649681;VSN;
3PTSO96496810;VSN;
3PTSO9649682;VSN;
3PTSO9649683;VSN;
3PTSO9649684;VSN;
3PTSO9649685;VSN;
3PTSO9649686;VSN;
3PTSO9649687;VSN;
3PTSO9649688;VSN;
3PTSO9649689;VSN;
3PTSO967673I1;VSN;
3PTSO967673I2;VSN;
3PTSO967673I3;VSN;
3PTSO9693751;VSN;
3PTSO969375A1;VSN;
3PTSO972282A1;VSN;
3PTSO972282A2;VSN;
3PTSO9961191;VSN;
3PTSO9961192;VSN;
3PTSO9961193;VSN;
3PTSO9961194;VSN;
3PTSOAEQAQF11;VSN;
3PTSOAEQAQF12;VSN;
3PTSOAKETBFT1;VSN;
3PTSOAKETBFT2;VSN;
3PTSOANPKXPS1;VSN;
3PTSOANPKXPS2;VSN;
3PTSOANPKXPS3;VSN;
3PTSOANPKXPS4;VSN;
3PTSOANPKXPS5;VSN;
3PTSOAT41899;VSN;
3PTSOB46C7D51;VSN;
3PTSOB46C7D52;VSN;
3PTSOB46C7D53;VSN;
3PTSOB6JFH2R1;VSN;
3PTSOBWYPUV21;VSN;
3PTSODFMWPPM1;VSN;
3PTSODFMWPPM2;VSN;
3PTSOE79FT371;VSN;
3PTSOE79FT372;VSN;
3PTSOFKCGQ4M1;VSN;
3PTSOFKCGQ4M2;VSN;
3PTSOFKCGQ4M3;VSN;
3PTSOFKCGQ4M4;VSN;
3PTSOI76560G1;VSN;
3PTSOI76560G2;VSN;
3PTSOIE6MHLK1;VSN;
3PTSOIE6MHLK10;VSN;
3PTSOIE6MHLK11;VSN;
3PTSOIE6MHLK12;VSN;
3PTSOIE6MHLK13;VSN;
3PTSOIE6MHLK14;VSN;
3PTSOIE6MHLK2;VSN;
3PTSOIE6MHLK3;VSN;
3PTSOIE6MHLK4;VSN;
3PTSOIE6MHLK5;VSN;
3PTSOIE6MHLK6;VSN;
3PTSOIE6MHLK7;VSN;
3PTSOIE6MHLK8;VSN;
3PTSOIE6MHLK9;VSN;
3PTSOILBSHQD1;VSN;
3PTSOJ0SS76K1;VSN;
3PTSOJ0SS76K2;VSN;
3PTSOJ0SS76K3;VSN;
3PTSOJ0SS76K4;VSN;
3PTSOJ0SS76K5;VSN;
3PTSOJ0SS76K6;VSN;
3PTSOJ0SS76K7;VSN;
3PTSOJ0SS76K8;VSN;
3PTSOJ0YVG9L1;VSN;
3PTSOJNDU96M1;VSN;
3PTSOJXYM4BL1;VSN;
3PTSOJXYM4BL2;VSN;
3PTSOKY5I3SM1;VSN;
3PTSOKYPH3DC1;VSN;
3PTSOKYPH3DC2;VSN;
3PTSOLCY2FOP1;VSN;
3PTSOLCY2FOP2;VSN;
3PTSOLZYVHF21;VSN;
3PTSOLZYVHF22;VSN;
3PTSOMHCBIG01;VSN;
3PTSONULY4HI1;VSN;
3PTSONULY4HI2;VSN;
3PTSOQ3ZQTPJ1;VSN;
3PTSOQ3ZQTPJ2;VSN;
3PTSOR2UT86X1;VSN;
3PTSOS01FF551;VSN;
3PTSOS01FF552;VSN;
3PTSOU3VOXTG1;VSN;
3PTSOU3VOXTG2;VSN;
3PTSOV9APTZF1;VSN;
3PTSOV9RH5V21;VSN;
3PTSOV9RH5V22;VSN;
3PTSOWHBSLN11;VSN;
3PTSOWZEHQVP1;VSN;
3PTSOZVNH2N21;VSN;
3PTSOZVNH2N22;VSN;
3PTVC083267A1;VSN;
3PTVC083267A2;VSN;
3PTVC083267A3;VSN;
3PTVC083267A4;VSN;
3PTVC140623X1;VSN;
3PTVC140623X2;VSN;
3PTVC2106231;VSN;
3PTVC210623X1;VSN;
3PTVC210623Y1;VSN;
3PTVC210623Z1;VSN;
3PTVC220623X1;VSN;
3PTVC220623X2;VSN;
3PTVC230623K1;VSN;
3PTVC230623T1;VSN;
3PTVC230623T2;VSN;
3PTVC230623T3;VSN;
3PTVC230623U1;VSN;
3PTVC230623V1;VSN;
3PTVC230623V2;VSN;
3PTVC230623V3;VSN;
3PTVC230623W1;VSN;
3PTVC230623Z1;VSN;
3PTVC240723Y1;VSN;
3PTVC265876B1;VSN;
3PTVC265876B2;VSN;
3PTVC265876B3;VSN;
3PTVC265876B4;VSN;
3PTVC265876B5;VSN;
3PTVC322574B1;VSN;
3PTVC322574B2;VSN;
3PTVC322574B3;VSN;
3PTVC414407F1;VSN;
3PTVC414407F2;VSN;
3PTVC414407F3;VSN;
3PTVC7233441;VSN;
3PTVC7233442;VSN;
3PTVC8X4LLL51;VSN;
3PTVCJNDU96M1;VSN;
3PTVE0125747;VSN;
3PTVE140020A1;VSN;
3PTVE140020A2;VSN;
3PTVE140623X1;VSN;
3PTVE140623X2;VSN;
3PTVE140623X3;VSN;
3PTVE140623X4;VSN;
3PTVE1WE679X1;VSN;
3PTVE1WE679X2;VSN;
3PTVE1WE679X3;VSN;
3PTVE1WE679X4;VSN;
3PTVE210623T1;VSN;
3PTVE210623T2;VSN;
3PTVE210623T3;VSN;
3PTVE210623T4;VSN;
3PTVE210623U1;VSN;
3PTVE210623U2;VSN;
3PTVE210623U3;VSN;
3PTVE210623U4;VSN;
3PTVE210623V1;VSN;
3PTVE210623V2;VSN;
3PTVE210623V3;VSN;
3PTVE210623V4;VSN;
3PTVE210623Z1;VSN;
3PTVE210623Z2;VSN;
3PTVE210623Z3;VSN;
3PTVE210623Z4;VSN;
3PTVE220623X1;VSN;
3PTVE220623X2;VSN;
3PTVE220623X3;VSN;
3PTVE220623X4;VSN;
3PTVE230623T1;VSN;
3PTVE230623T2;VSN;
3PTVE230623T3;VSN;
3PTVE230623T4;VSN;
3PTVE230623T5;VSN;
3PTVE230623T6;VSN;
3PTVE230623T7;VSN;
3PTVE230623T8;VSN;
3PTVE230623V1;VSN;
3PTVE230623V2;VSN;
3PTVE230623V3;VSN;
3PTVE230623V4;VSN;
3PTVE240823K1;VSN;
3PTVE240823K2;VSN;
3PTVE240823W1;VSN;
3PTVE274310O1;VSN;
3PTVE274310O2;VSN;
3PTVE274310O3;VSN;
3PTVE274310O4;VSN;
3PTVE426800A1;VSN;
3PTVE426800A2;VSN;
3PTVE426800A3;VSN;
3PTVE426800A4;VSN;
3PTVE426800B1;VSN;
3PTVE426800B2;VSN;
3PTVE426800B3;VSN;
3PTVE426800B4;VSN;
3PTVE426800B5;VSN;
3PTVE426800B6;VSN;
3PTVE426800B7;VSN;
3PTVE5042851;VSN;
3PTVE5042852;VSN;
3PTVE5042853;VSN;
3PTVE5042854;VSN;
3PTVE567722H1;VSN;
3PTVE567722H2;VSN;
3PTVE567722H3;VSN;
3PTVE567722H4;VSN;
3PTVE6343101;VSN;
3PTVE6343102;VSN;
3PTVE741217E1;VSN;
3PTVE741217E2;VSN;
3PTVE741217G1;VSN;
3PTVE741217G2;VSN;
3PTVE741217H1;VSN;
3PTVE741217H2;VSN;
3PTVE9383621;VSN;
3PTVE9383622;VSN;
3PTVE942768A1;VSN;
3PTVE942768A2;VSN;
3PTVE942768A3;VSN;
3PTVE942768A4;VSN;
3PTVE942768A5;VSN;
3PTVE942768A6;VSN;
3PTVE942768A7;VSN;
3PTVR002800D1;VSN;
3PTVR002800D10;VSN;
3PTVR002800D2;VSN;
3PTVR002800D3;VSN;
3PTVR002800D4;VSN;
3PTVR002800D5;VSN;
3PTVR002800D6;VSN;
3PTVR002800D7;VSN;
3PTVR002800D8;VSN;
3PTVR002800D9;VSN;
3PTVR002800E1;VSN;
3PTVR002800E2;VSN;
3PTVR0602231;VSN;
3PTVR0602232;VSN;
3PTVR060223X1;VSN;
3PTVR060223X2;VSN;
3PTVR0854631;VSN;
3PTVR091123U1;VSN;
3PTVR091123U2;VSN;
3PTVR091123U3;VSN;
3PTVR091123U4;VSN;
3PTVR091123Y1;VSN;
3PTVR091123Y2;VSN;
3PTVR091123Y3;VSN;
3PTVR091123Y4;VSN;
3PTVR098851B1;VSN;
3PTVR0HV9YB51;VSN;
3PTVR0HV9YB52;VSN;
3PTVR0HV9YB53;VSN;
3PTVR0HV9YB54;VSN;
3PTVR0M7WEWT1;VSN;
3PTVR0M7WEWT2;VSN;
3PTVR111631A1;VSN;
3PTVR111631A2;VSN;
3PTVR111631A3;VSN;
3PTVR111631A4;VSN;
3PTVR111631A5;VSN;
3PTVR111631A6;VSN;
3PTVR111631A7;VSN;
3PTVR140623X1;VSN;
3PTVR210623K1;VSN;
3PTVR210623W1;VSN;
3PTVR220623X1;VSN;
3PTVR230623T1;VSN;
3PTVR230623T2;VSN;
3PTVR230623V1;VSN;
3PTVR230623V2;VSN;
3PTVR265876R1;VSN;
3PTVR265876S1;VSN;
3PTVR266185B1;VSN;
3PTVR2682861;VSN;
3PTVR2682862;VSN;
3PTVR298851B1;VSN;
3PTVR300623Y1;VSN;
3PTVR300623Y2;VSN;
3PTVR300623Y3;VSN;
3PTVR300623Y4;VSN;
3PTVR300623Y5;VSN;
3PTVR300623Y6;VSN;
3PTVR300623Z1;VSN;
3PTVR300623Z2;VSN;
3PTVR300623Z3;VSN;
3PTVR300623Z4;VSN;
3PTVR300623Z5;VSN;
3PTVR300623Z6;VSN;
3PTVR3812841;VSN;
3PTVR3812842;VSN;
3PTVR3812843;VSN;
3PTVR3812844;VSN;
3PTVR3812845;VSN;
3PTVR3812846;VSN;
3PTVR4484151;VSN;
3PTVR4484152;VSN;
3PTVR4CJ6QNF1;VSN;
3PTVR4CJ6QNF2;VSN;
3PTVR515460A1;VSN;
3PTVR515460A2;VSN;
3PTVR543534B1;VSN;
3PTVR543534C1;VSN;
3PTVR5688121;VSN;
3PTVR5688122;VSN;
3PTVR571500A1;VSN;
3PTVR571500A2;VSN;
3PTVR571500A3;VSN;
3PTVR571500A4;VSN;
3PTVR591820W1;VSN;
3PTVR591820W10;VSN;
3PTVR591820W2;VSN;
3PTVR591820W3;VSN;
3PTVR591820W4;VSN;
3PTVR591820W5;VSN;
3PTVR591820W6;VSN;
3PTVR591820W7;VSN;
3PTVR591820W8;VSN;
3PTVR591820W9;VSN;
3PTVR794079B1;VSN;
3PTVR794079B2;VSN;
3PTVR794079B3;VSN;
3PTVR835505B1;VSN;
3PTVR8650141;VSN;
3PTVR879459C1;VSN;
3PTVR879459C2;VSN;
3PTVR879459C3;VSN;
3PTVR879459C4;VSN;
3PTVR8VYKA0V1;VSN;
3PTVR8X4LLL51;VSN;
3PTVR961674D1;VSN;
3PTVR961674D2;VSN;
3PTVR961674D3;VSN;
3PTVR961674D4;VSN;
3PTVR961674D5;VSN;
3PTVR961674D6;VSN;
3PTVR9693751;VSN;
3PTVR969375A1;VSN;
3PTVR984267A1;VSN;
3PTVR984267A2;VSN;
3PTVR984267A3;VSN;
3PTVR984267A4;VSN;
3PTVR984267A5;VSN;
3PTVR984267A6;VSN;
3PTVR984267E1;VSN;
3PTVR984267E2;VSN;
3PTVR984267E3;VSN;
3PTVR984267E4;VSN;
3PTVR984267E5;VSN;
3PTVR984267F1;VSN;
3PTVR984267F2;VSN;
3PTVR984267F3;VSN;
3PTVR984267F4;VSN;
3PTVR984267F5;VSN;
3PTVR984267F6;VSN;
3PTVRB6JFH2R1;VSN;
3PTVRBWYPUV21;VSN;
3PTVRE2HJR1Q1;VSN;
3PTVRE2HJR1Q2;VSN;
3PTVRJNDU96M1;VSN;
3PTVRKY5I3SM1;VSN;
3PTVRR2UT86X1;VSN;
3PTVRS29ELA41;VSN;
3PTVRTFSC9LH1;VSN;
3PTVRTFSC9LH2;VSN;
3PTVRTFSC9LH3;VSN;
3PTVRTFSC9LH4;VSN;
3PTVRWHBSLN11;VSN;
3PTVRWZEHQVP1;VSN;
3PTVW323545B2;VSN;
3PTWY;VSN;
3PTWY023706A1;VSN;
3PTWY023706A2;VSN;
3PTWY023706A3;VSN;
3PTWY030622X1;VSN;
3PTWY030622X2;VSN;
3PTWY030622X3;VSN;
3PTWY030622Y1;VSN;
3PTWY030622Y2;VSN;
3PTWY030622Y3;VSN;
3PTWY030622Z1;VSN;
3PTWY030622Z2;VSN;
3PTWY030622Z3;VSN;
3PTWY050423V1;VSN;
3PTWY050423X1;VSN;
3PTWY050423Z1;VSN;
3PTWY060622Z1;VSN;
3PTWY060622Z2;VSN;
3PTWY060622Z3;VSN;
3PTWY072193E1;VSN;
3PTWY072193E2;VSN;
3PTWY096968J1;VSN;
3PTWY096968J2;VSN;
3PTWY097960A1;VSN;
3PTWY1010221;VSN;
3PTWY1010222;VSN;
3PTWY1010223;VSN;
3PTWY1010224;VSN;
3PTWY1010225;VSN;
3PTWY1010226;VSN;
3PTWY111022T1;VSN;
3PTWY111022T2;VSN;
3PTWY111022T3;VSN;
3PTWY111022T4;VSN;
3PTWY111022T5;VSN;
3PTWY111022T6;VSN;
3PTWY140623X1;VSN;
3PTWY1428631;VSN;
3PTWY1428632;VSN;
3PTWY1428633;VSN;
3PTWY1428634;VSN;
3PTWY1696091;VSN;
3PTWY16960910;VSN;
3PTWY16960911;VSN;
3PTWY16960912;VSN;
3PTWY16960913;VSN;
3PTWY16960914;VSN;
3PTWY16960915;VSN;
3PTWY16960916;VSN;
3PTWY1696092;VSN;
3PTWY1696093;VSN;
3PTWY1696094;VSN;
3PTWY1696095;VSN;
3PTWY1696096;VSN;
3PTWY1696097;VSN;
3PTWY1696098;VSN;
3PTWY1696099;VSN;
3PTWY170423B1;VSN;
3PTWY170423B2;VSN;
3PTWY170423B3;VSN;
3PTWY170423B4;VSN;
3PTWY170423C1;VSN;
3PTWY170423C2;VSN;
3PTWY170423C3;VSN;
3PTWY170423C4;VSN;
3PTWY170423N1;VSN;
3PTWY170423N2;VSN;
3PTWY170423N3;VSN;
3PTWY170423N4;VSN;
3PTWY170423O1;VSN;
3PTWY170423O2;VSN;
3PTWY170423O3;VSN;
3PTWY170423O4;VSN;
3PTWY170423P1;VSN;
3PTWY170423P2;VSN;
3PTWY170423P3;VSN;
3PTWY170423P4;VSN;
3PTWY170423V1;VSN;
3PTWY170423V2;VSN;
3PTWY170423V3;VSN;
3PTWY170423V4;VSN;
3PTWY170423X1;VSN;
3PTWY170423X2;VSN;
3PTWY170423X3;VSN;
3PTWY170423X4;VSN;
3PTWY170423Z1;VSN;
3PTWY170423Z2;VSN;
3PTWY170423Z3;VSN;
3PTWY170423Z4;VSN;
3PTWY1DGDZ8Q1;VSN;
3PTWY210623X1;VSN;
3PTWY220623X1;VSN;
3PTWY230623X1;VSN;
3PTWY230623Y1;VSN;
3PTWY237481B1;VSN;
3PTWY237481B2;VSN;
3PTWY237481B3;VSN;
3PTWY237481B4;VSN;
3PTWY265876P1;VSN;
3PTWY265876P2;VSN;
3PTWY265876P3;VSN;
3PTWY265876Q1;VSN;
3PTWY265876Q2;VSN;
3PTWY265876Q3;VSN;
3PTWY270123T1;VSN;
3PTWY270123T10;VSN;
3PTWY270123T11;VSN;
3PTWY270123T12;VSN;
3PTWY270123T13;VSN;
3PTWY270123T14;VSN;
3PTWY270123T15;VSN;
3PTWY270123T16;VSN;
3PTWY270123T2;VSN;
3PTWY270123T3;VSN;
3PTWY270123T4;VSN;
3PTWY270123T5;VSN;
3PTWY270123T6;VSN;
3PTWY270123T7;VSN;
3PTWY270123T8;VSN;
3PTWY270123T9;VSN;
3PTWY414636A1;VSN;
3PTWY414636A2;VSN;
3PTWY414636A3;VSN;
3PTWY414636A4;VSN;
3PTWY414636A5;VSN;
3PTWY414636A6;VSN;
3PTWY543381B1;VSN;
3PTWY543381B2;VSN;
3PTWY543381B3;VSN;
3PTWY543381B4;VSN;
3PTWY565953B1;VSN;
3PTWY565953B2;VSN;
3PTWY565953B3;VSN;
3PTWY567653A1;VSN;
3PTWY567653A2;VSN;
3PTWY567653A3;VSN;
3PTWY5ZIW2XC1;VSN;
3PTWY5ZIW2XC2;VSN;
3PTWY5ZIW2XC3;VSN;
3PTWY5ZIW2XC4;VSN;
3PTWY658991B1;VSN;
3PTWY658991B2;VSN;
3PTWY658991B3;VSN;
3PTWY658991B4;VSN;
3PTWY6K0ELDE1;VSN;
3PTWY734375G2;VSN;
3PTWY734375G3;VSN;
3PTWY8559841;VSN;
3PTWY8559842;VSN;
3PTWY8559843;VSN;
3PTWY8559844;VSN;
3PTWY8559845;VSN;
3PTWY8559846;VSN;
3PTWY916851B1;VSN;
3PTWY916851B2;VSN;
3PTWY916851B3;VSN;
3PTWYAQX75D21;VSN;
3PTWYBDIZGDA1;VSN;
3PTWYBDIZGDA2;VSN;
3PTWYBDIZGDA3;VSN;
3PTWYBSOR0H91;VSN;
3PTWYBSOR0H92;VSN;
3PTWYBSOR0H93;VSN;
3PTWYTJ2KH291;VSN;
3PTWYTJ2KH292;VSN;
3PTWYTJ2KH293;VSN;
3PTWYYU9XVVY1;VSN;
3PTWYYU9XVVY2;VSN;
3PTWYYU9XVVY3;VSN;
3PUX00054535;FNC;
3PUX0032031;FNC;
3PUX00ZP5713;FNC;
3PUXAD700CV;NEC;
3PUXAD700IE;NEC;
3PUXALLEN160VM;FNC;
3PUXALLEN544NV;FNC;
3PUXALLEN640BZ;FNC;
3PUXALLEN640CV;FNC;
3PUXALLEN640DO;FNC;
3PUXALLEN640GF;FNC;
3PUXALLEN640NV;FNC;
3PUXALLEN640RS;FNC;
3PUXALLEN640TN;FNC;
3PUXALLEN640VM;FNC;
3PUXALLEN800BZ;FNC;
3PUXALLEN800CV;FNC;
3PUXALLEN800DO;FNC;
3PUXALLEN800GF;FNC;
3PUXALLEN800NV;FNC;
3PUXALLEN800RS;FNC;
3PUXALLEN800TN;FNC;
3PUXALLEN800VM;FNC;
3PUXALLEN810BR;FNC;
3PUXBALI320CRMR;FNC;
3PUXBALI320CRPT;FNC;
3PUXBALI544CRMR;FNC;
3PUXBALI544CRPT;FNC;
3PUXBALI64CRMR;FNC;
3PUXBALI64CRPT;FNC;
3PUXBEETLECV;FNC;
3PUXBEETLEDO;FNC;
3PUXBEETLENV;FNC;
3PUXBEETLETN;FNC;
3PUXCARDF200;NEC;
3PUXCARDF30;NEC;
3PUXCARDF420;NEC;
3PUXCARDF640;NEC;
3PUXCARDI200;NEC;
3PUXCARDI30;NEC;
3PUXCARDI420;NEC;
3PUXCARDI640;NEC;
3PUXCARDI85;FNC;
3PUXCARDP200;NEC;
3PUXCARDP30;NEC;
3PUXCARDP420;NEC;
3PUXCARDP640;NEC;
3PUXCARDP85;NEC;
3PUXCARDT200;NEC;
3PUXCARDT30;NEC;
3PUXCARDT420;NEC;
3PUXCARDT640;NEC;
3PUXCRETA192DO;FNC;
3PUXES10731;FNC;
3PUXEUROAL;FNC;
3PUXEUROBZ;FNC;
3PUXEURODO;FNC;
3PUXEUROIN;FNC;
3PUXEUROTI;FNC;
3PUXEUROVM;FNC;
3PUXFARMCRMR;FNC;
3PUXFARMCRPT;FNC;
3PUXFUSIO128RS;FNC;
3PUXFUSIO352RS;FNC;
3PUXFUSIO352TN;FNC;
3PUXFUSIO544BZ;FNC;
3PUXFUSIO544RS;FNC;
3PUXFUSIO544TN;FNC;
3PUXGARAI10;NEC;
3PUXGARAP10;NEC;
3PUXHD700CV;NEC;
3PUXHD700IE;FNC;
3PUXHD700IP;FNC;
3PUXHS700IP;NEC;
3PUXMAGNU224BZ;FNC;
3PUXMAGNU224RS;FNC;
3PUXMAGNU544BZ;FNC;
3PUXMAGNU544GF;FNC;
3PUXMAGNU544RS;FNC;
3PUXMAGNU544TN;FNC;
3PUXNORD160P;FNC;
3PUXPIATTO60CR;NEC;
3PUXPOJO43B;NEC;
3PUXPOJO43C;NEC;
3PUXPOJO43P;NEC;
3PUXR0065284;FNC;
3PUXRADIO16RS;FNC;
3PUXRADIO16TN;FNC;
3PUXRADIO27PR;FNC;
3PUXRADIO38BZ;FNC;
3PUXRADIO38CR;FNC;
3PUXRADIO38RS;FNC;
3PUXRADIO38TN;FNC;
3PUXSANTA640CV;FNC;
3PUXSANTA640DO;FNC;
3PUXSANTA640NV;FNC;
3PUXSANTA640TN;FNC;
3PUXSOPRA192AF;NEC;
3PUXSOPRA192AP;NEC;
3PUXSOPRA192BR;NEC;
3PUXSOPRA192BZ;NEC;
3PUXSOPRA192CR;NEC;
3PUXSOPRA192GF;NEC;
3PUXSOPRA192RS;NEC;
3PUXZP186530;NEC;
3PUXZP186630;NEC;
3PUXZP191724;FNC;
3PUXZP1929723;NEC;
3PUXZP1932101;NEC;
3PUXZP1933102;NEC;
3PUXZP193630;NEC;
3PUXZP39492;NEC;
3PUXZP394924;NEC;
3PUXZP394925;NEC;
3PUXZP3949648;NEC;
3PUXZP3949889;NEC;
3PUXZP39502;NEC;
3PUXZP395024;NEC;
3PUXZP395025;NEC;
3PUXZP3950648;NEC;
3PUXZP3950889;NEC;
3PUXZP43082;NEC;
3PUXZP430824;NEC;
3PUXZP430825;NEC;
3PUXZP43092;NEC;
3PUXZP430924;NEC;
3PUXZP430925;NEC;
3PUXZP43102;NEC;
3PUXZP431024;NEC;
3PUXZP431025;NEC;
3PUXZP43182;NEC;
3PUXZP431824;NEC;
3PUXZP431825;NEC;
3PUXZP4318648;NEC;
3PUXZP4318889;NEC;
3PXEU1086AL;NEC;
3PXEU1809AL;NEC;
3PXEU2124AL;NEC;
3PXEU2144AL;NEC;
3PXEU2216AL;NEC;
3PXEU2254AL;NEC;
3PXEU2274AL;NEC;
3PXEU2304AL;NEC;
3PXEU2316AL;NEC;
3PXEU2363AL;NEC;
3PXEU2369AL;NEC;
3PXEU2404AL;NEC;
3PXEU2469AL;NEC;
3PXEU2486AL;NEC;
3PXEU2489AL;NEC;
3PXEU2636AL;NEC;
3PXEU2644AL;NEC;
3PXEU300AL;NEC;
3PXEU314AL;NEC;
3PXEU335AL;NEC;
3PXEU381AL;NEC;
3PXEU382AL;NEC;
3PXEU385AL;NEC;
3PXEU394AL;NEC;
3PXEU395AL;NEC;
3PXEU407AL;NEC;
3PXEU412AL;NEC;
3PXEU413AL;NEC;
3PXEU502AL;NEC;
3PXEU505AL;NEC;
3PXEU634AL;NEC;
3PXEU638AL;NEC;
3PXEU844AL;NEC;
3PXEU903AL;NEC;
3RDZ0270923;NEC;
3RDZG270923;NEC;
3RIPA00BP0008;NEC;
3RIPA00BP0043;NEC;
3RIPA00BP0044;NEC;
3RIPA00BP0046;NEC;
3RIPA00BP0057;NEC;
3RIPA00BP0064;NEC;
3RIPA00BP0070;NEC;
3RIPA00BP0075;NEC;
3RIPA00BP0077;NEC;
3RIPA00BP0079;NEC;
3RIPA00BP0080;NEC;
3SDRIVCANT2MEC;FNC;
3SDRIVCBSINC08;FNC;
3SDRIVCBSINC16;FNC;
3SDRIVLFLEXGEL;FNC;
3SDRIVPERF0670;FNC;
3SDRIVPERF1170;FNC;
3SDRIVSUPHPERF;FNC;
3SGMH1C450350AC;VSN;
3SGMH1C450350AM;VSN;
3SIEOC80FR252P;FNC;
3SIEOC80FR253P;FNC;
3SIGNGANCHOAN;FNC;
3SIGNGANCHOBR;FNC;
3SIGNM100X35BR;FNC;
3SIGNPPAPHIGAN;FNC;
3SIGNPPAPHIGBR;FNC;
3SIGNPPAPHIGPR;FNC;
3SIGNPPAPTOAAN;FNC;
3SIGNPPAPTOABR;FNC;
3SIGNPRT0388PR;FNC;
3SIGNPRT0434PR;FNC;
3SIGNPRT0884PR;FNC;
3SIGNPTABLETAN;FNC;
3SIGNPTABLETBR;FNC;
3SIGNPTACA4AN;FNC;
3SIGNPTACA4BR;FNC;
3SIGNPTACA4PR;FNC;
3SIGNPTACA6AN;FNC;
3SIGNPTACA6BR;FNC;
3SIGNPTACA6PR;FNC;
3SIGNPTOALHAAN;FNC;
3SIGNPTOALHABR;FNC;
3SIGNPTOALHAPR;FNC;
3SIGNSABONETAN;FNC;
3SIGNSABONETBR;FNC;
3SIGNSABONETPR;FNC;
3SISCORINVRO27;FNC;
3SKY1000X455QD;VSN;
3SKY1000X547QA;VSN;
3SKY1020X622QP;VSN;
3SKY1044X551QG;VSN;
3SKY1063X622QP;VSN;
3SKY1064X475QD;VSN;
3SKY1064X572QP;VSN;
3SKY1103X314QG;VSN;
3SKY1121X540QG;VSN;
3SKY1139X572QG;VSN;
3SKY1163X410CA;FNC;
3SKY1164X572QP;VSN;
3SKY1170X592QP;VSN;
3SKY1200X600QA;VSN;
3SKY1208X366QP;VSN;
3SKY1209X572QA;VSN;
3SKY1213X396QD;VSN;
3SKY1213X420QD;VSN;
3SKY1264X544QD;VSN;
3SKY1264X576QD;VSN;
3SKY400X250QB;VSN;
3SKY400X324QB;VSN;
3SKY425X324QB;VSN;
3SKY457.5X334QG;VSN;
3SKY463X456QA;VSN;
3SKY522.5X294QA;VSN;
3SKY522X294QA;VSN;
3SKY563X566QG;VSN;
3SKY563X622QA;VSN;
3SKY565X424QA;VSN;
3SKY582X272QP;VSN;
3SKY600X600QA;VSN;
3SKY601X572QA;VSN;
3SKY622.5X334QG;VSN;
3SKY622.5X484QP;VSN;
3SKY693X505QB;VSN;
3SKY714X552QA;VSN;
3SKY714X572QA;VSN;
3SKY727X572QD;VSN;
3SKY764X622QP;VSN;
3SKY821X572QA;VSN;
3SKY869.5X284QA;VSN;
3SKY869.5X300QA;VSN;
3SKY936X572QP;VSN;
3SKY955X522QG;VSN;
3SKY970X572QP;VSN;
3SKY9999X999NA;FNC;
3SKY9999X999NB;FNC;
3SKY9999X999ND;FNC;
3SKY9999X999NG;FNC;
3SKY9999X999NI;FNC;
3SKY9999X999NP;FNC;
3SKY9999X999QA;FNC;
3SKY9999X999QB;FNC;
3SKY9999X999QD;FNC;
3SKY9999X999QG;FNC;
3SKY9999X999QI;FNC;
3SKY9999X999QP;FNC;
3SMART1CAMD24V;FNC;
3SMARTCABCON01;FNC;
3SMARTCABPREP3;FNC;
3SMARTCTRLMD1C;FNC;
3SMARTFIOMD24V;FNC;
3SMARTINFRVEXTD;FNC;
3SMARTINFRVEXTS;FNC;
3SMARTINFRVFIO;FNC;
3SMARTOUCHEMB;FNC;
3SMARTPRESEFIO;FNC;
3SMARTSEIVFLDU;FNC;
3SMARTSWITCHBR;FNC;
3SMOTOUCHPRESB;FNC;
3SMOTOUCHPRESN;FNC;
3SMTOUCHMDRISF;FNC;
3SOL0000A0000Q;FNC;
3SOL0610A2220Q;FNC;
3SOL1000A2194.5;VSN;
3SOL1000A2194Q;VSN;
3SOL1595A0670Q;FNC;
3SOL250A1948Q;VSN;
3SOL309A2352Q;VSN;
3SOL361A362Q;VSN;
3SOL450A1164Q;VSN;
3SOL461A1362Q;VSN;
3SOL461A2232Q;VSN;
3SOL461A2262Q;VSN;
3SOL461A2412Q;VSN;
3SOL481A2312Q;VSN;
3SOL498A2328Q;VSN;
3SOL508A1948Q;VSN;
3SOL527A2082Q;VSN;
3SOL561A1602Q;VSN;
3SOL561A2312Q;VSN;
3SOL561A722Q;VSN;
3SOL581A2152Q;VSN;
3SOL581A912Q;VSN;
3SOL582A1518Q;VSN;
3SOL596A2122Q;VSN;
3SOL597A2042Q;VSN;
3SOL599A1870Q;VSN;
3SOL599A1874Q;VSN;
3SOL600A1372Q;VSN;
3SOL600A1733Q;VSN;
3SOL600A452Q;VSN;
3SOL601A1887Q;VSN;
3SOL602A883Q;VSN;
3SOL602A933Q;VSN;
3SOL611A2122Q;VSN;
3SOL611A862Q;VSN;
3SOL612A2382Q;VSN;
3SOL622A1887Q;VSN;
3SOL636A2196.5Q;VSN;
3SOL636A2196Q;VSN;
3SOL666A1690Q;VSN;
3SOL670A1063Q;VSN;
3SOL670A1690Q;VSN;
3SOL670A2000Q;VSN;
3SOL670A2044Q;VSN;
3SOL712A2182Q;VSN;
3SOL732A392Q;VSN;
3SOL749A2196Q;VSN;
3SOL761A2362Q;VSN;
3SOL761A462Q;VSN;
3SOL822A2382Q;VSN;
3SOL825A1555Q;VSN;
3SOL853A1520Q;VSN;
3SOL880.5A2382Q;VSN;
3SOL880A1862Q;VSN;
3SOL891A2272Q;VSN;
3SOL916A1437Q;VSN;
3SOL918A1559Q;VSN;
3SOL921A2402Q;VSN;
3SOL934A652Q;VSN;
3SOL961A2122Q;VSN;
3SOL961A2262Q;VSN;
3SOL961A2352Q;VSN;
3SOL961A2412Q;VSN;
3SOL961A2442Q;VSN;
3SOL961A698Q;VSN;
3SOL982A1164Q;VSN;
3SOM105HAFELE;FNC;
3SPES0130323;FNC;
3SPOT1XAR70;FNC;
3SPOT1XPAR20;FNC;
3SUP0DS20604;NEC;
3SUPCABOBLATCZ;FNC;
3SUPCECABILUAL;FNC;
3SUPDS16701D;NEC;
3SUPDS16702E;NEC;
3SUPDS16703C;NEC;
3SUPGTV281X72P;FNC;
3SUPLINK45G;FNC;
3SUPOPE500EXTD;FNC;
3SUPOPE500EXTE;FNC;
3SUPOPEN500INT;FNC;
3SUPREGQUAD;NEC;
3SUPTRASEREZD;FNC;
3SUPVDKRISTAL8;NEC;
3TEXP5ACO1X20G;FNC;
3TOAFWZENF;FNC;
3TOMPLUS10ABRA;FNC;
3TOMPLUS10APRE;FNC;
3TPAV;VSN;
3TPLUBSIDINT45;FNC;
3TPLUBSIDINT50;FNC;
3TPLUFRASCOS45;FNC;
3TPLUFRASCOS50;FNC;
3TPLULATME650D;FNC;
3TPLULATME650E;FNC;
3TPLUSSTRACCD;FNC;
3TPLUSSTRASDCI;FNC;
3TPLUSSTRASMCI;FNC;
3TPLUSSYNCROMD;FNC;
3TPLUSSYNCROMM;FNC;
3TPLUTIPOBLUL5;FNC;
3TPLUTIPOBLUS1;FNC;
3TRAVLATEXNA;VRG;
3TRAVPLU44X64;VRG;
3TRI0003232;VSN;
3TRI0003600;VSN;
3TRI0003850;FNC;
3TRI0004300;VSN;
3TRI0004600;VSN;
3TRI0004900;FNC;
3TRIL0060323;FNC;
3TRIPASAMPNT30;FNC;
3TRIPASAMPNT40;FNC;
3TRISUPPTCOR;FNC;
3VD00029473;VSN;
3VD00037422;VSN;
3VD00082883;VSN;
3VD2395X640X4;VSN;
3VD260X130EP;VSN;
3VDBACZ23681;VSN;
3VDBAMS56656;VSN;
3VDBAMS64644;VSN;
3VDBAMS67124;VSN;
3VDBAMS67124A;VSN;
3VEDSYNT7171BR;FNC;
3VEDSYNT7171CI;FNC;
3VEDSYNT7171PR;FNC;
3VEFREES10X7CI;FNC;
3VIB;VSN;
3VIB0AT28165;VSN;
3VIB1000X1000B;VSN;
3VIB1000X1000P;VSN;
3VIB1000X1008B;VSN;
3VIB1000X1025P;VSN;
3VIB1000X1030P;VSN;
3VIB1000X1080P;VSN;
3VIB1000X1128B;VSN;
3VIB1000X1144P;VSN;
3VIB1000X1150B;VSN;
3VIB1000X1150P;VSN;
3VIB1000X1157B;VSN;
3VIB1000X1175P;VSN;
3VIB1000X1195P;VSN;
3VIB1000X1200P;VSN;
3VIB1000X1205P;VSN;
3VIB1000X1220P;VSN;
3VIB1000X1230P;VSN;
3VIB1000X1246P;VSN;
3VIB1000X1260P;VSN;
3VIB1000X1300P;VSN;
3VIB1000X1309P;VSN;
3VIB1000X1347P;VSN;
3VIB1000X1350P;VSN;
3VIB1000X1375P;VSN;
3VIB1000X1385P;VSN;
3VIB1000X1390P;VSN;
3VIB1000X1391P;VSN;
3VIB1000X1400B;VSN;
3VIB1000X1400P;VSN;
3VIB1000X1430P;VSN;
3VIB1000X1440P;VSN;
3VIB1000X1450B;VSN;
3VIB1000X1470P;VSN;
3VIB1000X1500P;VSN;
3VIB1000X1530B;VSN;
3VIB1000X1580P;VSN;
3VIB1000X1620P;VSN;
3VIB1000X1658P;VSN;
3VIB1000X1670P;VSN;
3VIB1000X1680P;VSN;
3VIB1000X1688B;VSN;
3VIB1000X1703P;VSN;
3VIB1000X1750B;VSN;
3VIB1000X1767B;VSN;
3VIB1000X1796P;VSN;
3VIB1000X1800B;VSN;
3VIB1000X1800P;VSN;
3VIB1000X1812P;VSN;
3VIB1000X1870P;VSN;
3VIB1000X1890F;VSN;
3VIB1000X1930P;VSN;
3VIB1000X1938B;VSN;
3VIB1000X1940B;VSN;
3VIB1000X1940P;VSN;
3VIB1000X1950B;VSN;
3VIB1000X1950F;VSN;
3VIB1000X1954F;VSN;
3VIB1000X1990B;VSN;
3VIB1000X2000B;VSN;
3VIB1000X2000P;VSN;
3VIB1000X2000PA;VSN;
3VIB1000X200P;VSN;
3VIB1000X2030P;VSN;
3VIB1000X2050B;VSN;
3VIB1000X2055P;VSN;
3VIB1000X205B;VSN;
3VIB1000X2065P;VSN;
3VIB1000X2066P;VSN;
3VIB1000X2080P;VSN;
3VIB1000X2090P;VSN;
3VIB1000X2095B;VSN;
3VIB1000X2100P;VSN;
3VIB1000X2120B;VSN;
3VIB1000X2125P;VSN;
3VIB1000X2140P;VSN;
3VIB1000X2142B;VSN;
3VIB1000X2144P;VSN;
3VIB1000X2150P;VSN;
3VIB1000X2160P;VSN;
3VIB1000X2170P;VSN;
3VIB1000X2180P;VSN;
3VIB1000X2186P;VSN;
3VIB1000X2192B;VSN;
3VIB1000X2199P;VSN;
3VIB1000X2200B;VSN;
3VIB1000X2200F;VSN;
3VIB1000X2200P;VSN;
3VIB1000X2220P;VSN;
3VIB1000X2230P;VSN;
3VIB1000X2250P;VSN;
3VIB1000X2409B;VSN;
3VIB1000X280B;VSN;
3VIB1000X280P;VSN;
3VIB1000X300B;VSN;
3VIB1000X300P;VSN;
3VIB1000X330P;VSN;
3VIB1000X350P;VSN;
3VIB1000X400B;VSN;
3VIB1000X410P;VSN;
3VIB1000X450P;VSN;
3VIB1000X458P;VSN;
3VIB1000X470P;VSN;
3VIB1000X500B;VSN;
3VIB1000X500P;VSN;
3VIB1000X530P;VSN;
3VIB1000X550B;VSN;
3VIB1000X562B;VSN;
3VIB1000X568B;VSN;
3VIB1000X600P;VSN;
3VIB1000X650B;VSN;
3VIB1000X660B;VSN;
3VIB1000X700P;VSN;
3VIB1000X720B;VSN;
3VIB1000X743P;VSN;
3VIB1000X750P;VSN;
3VIB1000X760P;VSN;
3VIB1000X800B;VSN;
3VIB1000X800P;VSN;
3VIB1000X815B;VSN;
3VIB1000X840B;VSN;
3VIB1000X875B;VSN;
3VIB1000X898P;VSN;
3VIB1000X900B;VSN;
3VIB1000X940B;VSN;
3VIB1002X2295B;VSN;
3VIB1002X420B;VSN;
3VIB1007X1720P;VSN;
3VIB1007X1750P;VSN;
3VIB1008X1000B;VSN;
3VIB1008X1190B;VSN;
3VIB1008X1670P;VSN;
3VIB1008X2366P;VSN;
3VIB100X2465P;VSN;
3VIB100X2470P;VSN;
3VIB1010X2200P;VSN;
3VIB1010X380P;VSN;
3VIB1015X2440P;VSN;
3VIB1018X2470P;VSN;
3VIB1020X1700P;VSN;
3VIB1020X2145B;VSN;
3VIB1022X2142B;VSN;
3VIB1025X2650P;VSN;
3VIB1030X2000P;VSN;
3VIB1030X700P;VSN;
3VIB1030X895P;VSN;
3VIB1030X900B;VSN;
3VIB1040X1000B;VSN;
3VIB1040X1070B;VSN;
3VIB1040X1750P;VSN;
3VIB1040X2000P;VSN;
3VIB1040X300B;VSN;
3VIB1042X2650P;VSN;
3VIB1044X1200B;VSN;
3VIB1044X385B;VSN;
3VIB1045X1424P;VSN;
3VIB1045X2000P;VSN;
3VIB1045X345P;VSN;
3VIB1046X1580P;VSN;
3VIB1046X613P;VSN;
3VIB1046X623P;VSN;
3VIB1047X1580P;VSN;
3VIB1048X1720P;VSN;
3VIB1048X1750P;VSN;
3VIB1048X1798B;VSN;
3VIB1048X478B;VSN;
3VIB1048X550B;VSN;
3VIB1050X1000B;VSN;
3VIB1050X1070B;VSN;
3VIB1050X1290P;VSN;
3VIB1050X1450B;VSN;
3VIB1050X1450P;VSN;
3VIB1050X1645B;VSN;
3VIB1050X2000B;VSN;
3VIB1050X2030P;VSN;
3VIB1050X2200B;VSN;
3VIB1050X2200P;VSN;
3VIB1050X300B;VSN;
3VIB1050X380P;VSN;
3VIB1050X440B;VSN;
3VIB1050X450B;VSN;
3VIB1050X500B;VSN;
3VIB1050X505B;VSN;
3VIB1050X562PA;VSN;
3VIB1050X800PA;VSN;
3VIB1051X2320P;VSN;
3VIB1051X820P;VSN;
3VIB1054X1200P;VSN;
3VIB1055X1374B;VSN;
3VIB1055X900P;VSN;
3VIB1056X900P;VSN;
3VIB1057X870P;VSN;
3VIB1058X1671P;VSN;
3VIB1058X380P;VSN;
3VIB1059X2300P;VSN;
3VIB1060X1200P;VSN;
3VIB1060X1830P;VSN;
3VIB1060X2055P;VSN;
3VIB1060X545P;VSN;
3VIB1060X800P;VSN;
3VIB1060X885P;VSN;
3VIB1060X960P;VSN;
3VIB1062X530B;VSN;
3VIB1065X1300P;VSN;
3VIB1068X1094P;VSN;
3VIB1069X2700P;VSN;
3VIB1070X1200P;VSN;
3VIB1070X2125P;VSN;
3VIB1070X2400B;VSN;
3VIB1070X250B;VSN;
3VIB1070X280B;VSN;
3VIB1073X2588P;VSN;
3VIB1074X1998P;VSN;
3VIB1075X378P;VSN;
3VIB1079X325B;VSN;
3VIB1079X875B;VSN;
3VIB1080X1506B;VSN;
3VIB1080X2020P;VSN;
3VIB1080X2063P;VSN;
3VIB1080X2090P;VSN;
3VIB1083X900P;VSN;
3VIB1084X1699P;VSN;
3VIB1085X1088P;VSN;
3VIB1085X478P;VSN;
3VIB1088X1880P;VSN;
3VIB1090X1255P;VSN;
3VIB1090X1470P;VSN;
3VIB1092X1998B;VSN;
3VIB1092X210B;VSN;
3VIB1092X2615B;VSN;
3VIB1095X2325B;VSN;
3VIB1095X395P;VSN;
3VIB1100X1430P;VSN;
3VIB1100X1600P;VSN;
3VIB1100X1620P;VSN;
3VIB1100X1700P;VSN;
3VIB1100X1760P;VSN;
3VIB1100X1880P;VSN;
3VIB1100X1960P;VSN;
3VIB1100X2000P;VSN;
3VIB1100X2400P;VSN;
3VIB1100X300P;VSN;
3VIB1100X992B;VSN;
3VIB1105X1560P;VSN;
3VIB1105X2360P;VSN;
3VIB1110X1160P;VSN;
3VIB1110X1200F;VSN;
3VIB1110X2000B;VSN;
3VIB1110X530B;VSN;
3VIB1113X1007P;VSN;
3VIB1115X2020P;VSN;
3VIB1116X1800F;VSN;
3VIB1118X1200B;VSN;
3VIB1120X1000P;VSN;
3VIB1120X1075P;VSN;
3VIB1120X1120P;VSN;
3VIB1120X1200B;VSN;
3VIB1120X2200P;VSN;
3VIB1120X2340B;VSN;
3VIB1120X370P;VSN;
3VIB1120X378P;VSN;
3VIB1120X565B;VSN;
3VIB1120X600B;VSN;
3VIB1120X690P;VSN;
3VIB1125X1670B;VSN;
3VIB1125X735B;VSN;
3VIB1130X532P;VSN;
3VIB1132X1054P;VSN;
3VIB1132X775B;VSN;
3VIB1135X1950F;VSN;
3VIB1135X998F;VSN;
3VIB1136X2355B;VSN;
3VIB1140X1120B;VSN;
3VIB1140X1590P;VSN;
3VIB1140X1730B;VSN;
3VIB1140X2100P;VSN;
3VIB1140X795B;VSN;
3VIB1144X2402B;VSN;
3VIB1150X1200P;VSN;
3VIB1150X1250P;VSN;
3VIB1150X2003P;VSN;
3VIB1150X200B;VSN;
3VIB1150X2400B;VSN;
3VIB1150X2700P;VSN;
3VIB1150X350B;VSN;
3VIB1150X510P;VSN;
3VIB1150X740B;VSN;
3VIB1150X872P;VSN;
3VIB1150X910P;VSN;
3VIB1152X1960P;VSN;
3VIB1155X1609P;VSN;
3VIB1160X1600P;VSN;
3VIB1160X2000P;VSN;
3VIB1160X700P;VSN;
3VIB1160X730B;VSN;
3VIB1160X740B;VSN;
3VIB1160X810P;VSN;
3VIB1164X1800B;VSN;
3VIB1165X1230P;VSN;
3VIB1166X700P;VSN;
3VIB1168X1007P;VSN;
3VIB1168X700P;VSN;
3VIB1168X820B;VSN;
3VIB1170X1200P;VSN;
3VIB1170X1400B;VSN;
3VIB1170X1425P;VSN;
3VIB1170X1720P;VSN;
3VIB1170X200P;VSN;
3VIB1170X2070P;VSN;
3VIB1170X230P;VSN;
3VIB1170X804P;VSN;
3VIB1171X900P;VSN;
3VIB1174X1462P;VSN;
3VIB1175X1395P;VSN;
3VIB1175X1460P;VSN;
3VIB1175X1550P;VSN;
3VIB1177X352P;VSN;
3VIB1177X366P;VSN;
3VIB1180X1200P;VSN;
3VIB1180X1425P;VSN;
3VIB1180X2250P;VSN;
3VIB1180X620F;VSN;
3VIB1180X695B;VSN;
3VIB1180X700B;VSN;
3VIB1184X200P;VSN;
3VIB1185X1700P;VSN;
3VIB1185X530B;VSN;
3VIB1185X537B;VSN;
3VIB1185X800P;VSN;
3VIB1188X2300P;VSN;
3VIB1190X1050P;VSN;
3VIB1190X2290B;VSN;
3VIB1190X420B;VSN;
3VIB1190X560P;VSN;
3VIB1195X1565P;VSN;
3VIB1195X595P;VSN;
3VIB1198X2588P;VSN;
3VIB1198X900B;VSN;
3VIB1200X1000P;VSN;
3VIB1200X1020B;VSN;
3VIB1200X1060P;VSN;
3VIB1200X1133B;VSN;
3VIB1200X1145P;VSN;
3VIB1200X1180P;VSN;
3VIB1200X1240P;VSN;
3VIB1200X1250P;VSN;
3VIB1200X1255P;VSN;
3VIB1200X1260P;VSN;
3VIB1200X1265P;VSN;
3VIB1200X1300P;VSN;
3VIB1200X1310P;VSN;
3VIB1200X1340P;VSN;
3VIB1200X1400F;VSN;
3VIB1200X1400P;VSN;
3VIB1200X1410P;VSN;
3VIB1200X1420P;VSN;
3VIB1200X1452P;VSN;
3VIB1200X1597P;VSN;
3VIB1200X1600P;VSN;
3VIB1200X1603B;VSN;
3VIB1200X1620P;VSN;
3VIB1200X1650P;VSN;
3VIB1200X1660P;VSN;
3VIB1200X1700B;VSN;
3VIB1200X1763B;VSN;
3VIB1200X1798P;VSN;
3VIB1200X1800P;VSN;
3VIB1200X1816P;VSN;
3VIB1200X1820P;VSN;
3VIB1200X1914P;VSN;
3VIB1200X1950F;VSN;
3VIB1200X1950P;VSN;
3VIB1200X1955F;VSN;
3VIB1200X1960B;VSN;
3VIB1200X1974P;VSN;
3VIB1200X1980P;VSN;
3VIB1200X1986P;VSN;
3VIB1200X2000B;VSN;
3VIB1200X2000P;VSN;
3VIB1200X2008P;VSN;
3VIB1200X200P;VSN;
3VIB1200X205P;VSN;
3VIB1200X2070B;VSN;
3VIB1200X2100P;VSN;
3VIB1200X2102P;VSN;
3VIB1200X2115P;VSN;
3VIB1200X2240P;VSN;
3VIB1200X230P;VSN;
3VIB1200X2340P;VSN;
3VIB1200X2355P;VSN;
3VIB1200X2360P;VSN;
3VIB1200X2382P;VSN;
3VIB1200X2390P;VSN;
3VIB1200X2400B;VSN;
3VIB1200X2430P;VSN;
3VIB1200X2631B;VSN;
3VIB1200X300B;VSN;
3VIB1200X310P;VSN;
3VIB1200X330P;VSN;
3VIB1200X375P;VSN;
3VIB1200X450B;VSN;
3VIB1200X450P;VSN;
3VIB1200X470P;VSN;
3VIB1200X490B;VSN;
3VIB1200X500P;VSN;
3VIB1200X558P;VSN;
3VIB1200X580B;VSN;
3VIB1200X628P;VSN;
3VIB1200X640P;VSN;
3VIB1200X650P;VSN;
3VIB1200X655P;VSN;
3VIB1200X700B;VSN;
3VIB1200X700P;VSN;
3VIB1200X750B;VSN;
3VIB1200X750P;VSN;
3VIB1200X765B;VSN;
3VIB1200X800P;VSN;
3VIB1200X875P;VSN;
3VIB1200X930B;VSN;
3VIB1200X950P;VSN;
3VIB1210X800B;VSN;
3VIB1212X1004P;VSN;
3VIB1215X1070B;VSN;
3VIB1215X1570P;VSN;
3VIB1215X680B;VSN;
3VIB1220X1000P;VSN;
3VIB1222X438P;VSN;
3VIB1222X973B;VSN;
3VIB1223X973B;VSN;
3VIB1224X940P;VSN;
3VIB1230X894P;VSN;
3VIB1250X1000P;VSN;
3VIB1250X934P;VSN;
3VIB1255X240P;VSN;
3VIB1255X875P;VSN;
3VIB1258X200P;VSN;
3VIB1260X850P;VSN;
3VIB1262X1030P;VSN;
3VIB1270X1000B;VSN;
3VIB1270X1168P;VSN;
3VIB1270X800P;VSN;
3VIB1272X1130P;VSN;
3VIB1273X1030P;VSN;
3VIB1280X1157P;VSN;
3VIB1280X818P;VSN;
3VIB1290X800P;VSN;
3VIB1292X900P;VSN;
3VIB1296X217P;VSN;
3VIB1296X782P;VSN;
3VIB1298X348B;VSN;
3VIB1299X200P;VSN;
3VIB1305X800P;VSN;
3VIB1314X920P;VSN;
3VIB1330X1074P;VSN;
3VIB1330X900P;VSN;
3VIB1334X2052B;VSN;
3VIB1335X200P;VSN;
3VIB1340X1000P;VSN;
3VIB1340X1006P;VSN;
3VIB1340X506P;VSN;
3VIB1340X753P;VSN;
3VIB1350X710P;VSN;
3VIB1350X800P;VSN;
3VIB1350X860B;VSN;
3VIB1350X900P;VSN;
3VIB1358X200B;VSN;
3VIB1360X850P;VSN;
3VIB1370X350P;VSN;
3VIB1380X1200P;VSN;
3VIB1386X900P;VSN;
3VIB1390X930P;VSN;
3VIB1400X432P;VSN;
3VIB1400X970P;VSN;
3VIB1405X370P;VSN;
3VIB1405X780P;VSN;
3VIB1405X900P;VSN;
3VIB1415X900P;VSN;
3VIB1420X504B;VSN;
3VIB1426X1200P;VSN;
3VIB1430X1100P;VSN;
3VIB1436X1200P;VSN;
3VIB1440X780B;VSN;
3VIB1445X900P;VSN;
3VIB1450X2150B;VSN;
3VIB1455X200P;VSN;
3VIB1460X757P;VSN;
3VIB1465X1488B;VSN;
3VIB1465X800P;VSN;
3VIB1465X808P;VSN;
3VIB1465X810P;VSN;
3VIB1470X900P;VSN;
3VIB1497X370B;VSN;
3VIB1497X450B;VSN;
3VIB1500X1000P;VSN;
3VIB1500X1040P;VSN;
3VIB1500X932F;VSN;
3VIB1500X965F;VSN;
3VIB150X1150B;VSN;
3VIB150X1200B;VSN;
3VIB150X1280P;VSN;
3VIB150X1300P;VSN;
3VIB150X1370B;VSN;
3VIB150X1370P;VSN;
3VIB150X1398P;VSN;
3VIB150X1400B;VSN;
3VIB150X140P;VSN;
3VIB150X1540P;VSN;
3VIB150X1550P;VSN;
3VIB150X2000B;VSN;
3VIB150X200B;VSN;
3VIB150X200F;VSN;
3VIB150X200P;VSN;
3VIB150X250P;VSN;
3VIB150X435P;VSN;
3VIB150X486P;VSN;
3VIB150X848P;VSN;
3VIB150X868P;VSN;
3VIB150X920P;VSN;
3VIB1510X866P;VSN;
3VIB1525X1200P;VSN;
3VIB1540X770B;VSN;
3VIB1540X800P;VSN;
3VIB1544X823P;VSN;
3VIB1544X824P;VSN;
3VIB1545X1000P;VSN;
3VIB1550X887B;VSN;
3VIB1557X1200P;VSN;
3VIB1564X1040P;VSN;
3VIB1566X692B;VSN;
3VIB1572X502B;VSN;
3VIB1580X460P;VSN;
3VIB1584X1097P;VSN;
3VIB1593X900P;VSN;
3VIB1595X1050P;VSN;
3VIB1600X750P;VSN;
3VIB1630X757B;VSN;
3VIB1640X1170P;VSN;
3VIB1646X1003P;VSN;
3VIB165X1102B;VSN;
3VIB165X1128B;VSN;
3VIB165X2180P;VSN;
3VIB165X2200P;VSN;
3VIB165X270P;VSN;
3VIB1700X1200P;VSN;
3VIB1700X900P;VSN;
3VIB1705X800P;VSN;
3VIB170X2180P;VSN;
3VIB1720X1160P;VSN;
3VIB1727X1180P;VSN;
3VIB1740X1000B;VSN;
3VIB1745X962F;VSN;
3VIB1750X1000P;VSN;
3VIB1750X1050P;VSN;
3VIB1750X600P;VSN;
3VIB1755X1200P;VSN;
3VIB1765X1040P;VSN;
3VIB1765X200P;VSN;
3VIB1765X222B;VSN;
3VIB1765X319B;VSN;
3VIB1790X700P;VSN;
3VIB1798X1200P;VSN;
3VIB1800X1000P;VSN;
3VIB1800X1067P;VSN;
3VIB1800X350B;VSN;
3VIB1800X473B;VSN;
3VIB1800X480B;VSN;
3VIB1800X530P;VSN;
3VIB1800X550B;VSN;
3VIB1800X576B;VSN;
3VIB1800X612P;VSN;
3VIB1800X780B;VSN;
3VIB1800X900B;VSN;
3VIB180X1735B;VSN;
3VIB180X700B;VSN;
3VIB1825X638B;VSN;
3VIB1842X700B;VSN;
3VIB1845X800P;VSN;
3VIB1860X1020P;VSN;
3VIB1880X1000P;VSN;
3VIB1888X1888B;VSN;
3VIB1900X1000P;VSN;
3VIB1900X1100P;VSN;
3VIB1900X705B;VSN;
3VIB1900X800B;VSN;
3VIB1910X1200P;VSN;
3VIB1910X270P;VSN;
3VIB1938X493B;VSN;
3VIB1938X772P;VSN;
3VIB1949X874P;VSN;
3VIB1950X1000P;VSN;
3VIB1960X764P;VSN;
3VIB1979X200P;VSN;
3VIB2000X1000P;VSN;
3VIB2000X1200P;VSN;
3VIB2000X800P;VSN;
3VIB2000X894P;VSN;
3VIB2000X904P;VSN;
3VIB200X1045P;VSN;
3VIB200X1070P;VSN;
3VIB200X1084P;VSN;
3VIB200X1114P;VSN;
3VIB200X1122B;VSN;
3VIB200X1125B;VSN;
3VIB200X1155P;VSN;
3VIB200X1158P;VSN;
3VIB200X1200B;VSN;
3VIB200X1200P;VSN;
3VIB200X1220B;VSN;
3VIB200X1220P;VSN;
3VIB200X1240P;VSN;
3VIB200X1300P;VSN;
3VIB200X1330P;VSN;
3VIB200X1337P;VSN;
3VIB200X1460P;VSN;
3VIB200X1715P;VSN;
3VIB200X1735B;VSN;
3VIB200X1796P;VSN;
3VIB200X1800F;VSN;
3VIB200X1820P;VSN;
3VIB200X1835P;VSN;
3VIB200X1890B;VSN;
3VIB200X1900P;VSN;
3VIB200X1915P;VSN;
3VIB200X1964P;VSN;
3VIB200X2000P;VSN;
3VIB200X200B;VSN;
3VIB200X200F;VSN;
3VIB200X200P;VSN;
3VIB200X2110B;VSN;
3VIB200X2115B;VSN;
3VIB200X2200P;VSN;
3VIB200X220P;VSN;
3VIB200X2400B;VSN;
3VIB200X250B;VSN;
3VIB200X2670P;VSN;
3VIB200X2700B;VSN;
3VIB200X300F;VSN;
3VIB200X304P;VSN;
3VIB200X306P;VSN;
3VIB200X500P;VSN;
3VIB200X550B;VSN;
3VIB200X600P;VSN;
3VIB200X700B;VSN;
3VIB200X760P;VSN;
3VIB200X860B;VSN;
3VIB200X910B;VSN;
3VIB200X984P;VSN;
3VIB2015X200P;VSN;
3VIB2050X800B;VSN;
3VIB2060X830B;VSN;
3VIB2070X850P;VSN;
3VIB2100X410B;VSN;
3VIB2100X540P;VSN;
3VIB2100X600P;VSN;
3VIB210X1193P;VSN;
3VIB210X1410P;VSN;
3VIB210X2670P;VSN;
3VIB2115X800P;VSN;
3VIB2120X600P;VSN;
3VIB2122X820P;VSN;
3VIB212X343B;VSN;
3VIB2130X945P;VSN;
3VIB2135X1155P;VSN;
3VIB2140X864P;VSN;
3VIB2140X869P;VSN;
3VIB2150X383B;VSN;
3VIB2150X800B;VSN;
3VIB215X1188P;VSN;
3VIB215X1885P;VSN;
3VIB215X2360F;VSN;
3VIB215X960P;VSN;
3VIB216X1700P;VSN;
3VIB216X1740B;VSN;
3VIB216X200B;VSN;
3VIB216X2417B;VSN;
3VIB216X650P;VSN;
3VIB2170X862P;VSN;
3VIB2170X894P;VSN;
3VIB2180X1000P;VSN;
3VIB2196X840B;VSN;
3VIB2200X1000B;VSN;
3VIB2200X1122P;VSN;
3VIB2200X500B;VSN;
3VIB2200X78B;VSN;
3VIB2200X933P;VSN;
3VIB220X1795F;VSN;
3VIB2220X846B;VSN;
3VIB222X895B;VSN;
3VIB2257X560P;VSN;
3VIB2257X650P;VSN;
3VIB225X1500P;VSN;
3VIB226X2540B;VSN;
3VIB2274X694P;VSN;
3VIB2280X850B;VSN;
3VIB2300X648P;VSN;
3VIB2308X1050P;VSN;
3VIB230X1920P;VSN;
3VIB2312X1045B;VSN;
3VIB231X2306B;VSN;
3VIB2320X800P;VSN;
3VIB2325X1095B;VSN;
3VIB2330X940P;VSN;
3VIB2350X864P;VSN;
3VIB238X2588P;VSN;
3VIB2400X1200P;VSN;
3VIB240X1803B;VSN;
3VIB240X746B;VSN;
3VIB2420X1000B;VSN;
3VIB2420X1135B;VSN;
3VIB2420X600P;VSN;
3VIB2420X795B;VSN;
3VIB2420X925B;VSN;
3VIB2430X1215P;VSN;
3VIB2450X475P;VSN;
3VIB2450X635P;VSN;
3VIB2450X800B;VSN;
3VIB2459X371F;VSN;
3VIB245X1200P;VSN;
3VIB2460X1149P;VSN;
3VIB2470X612P;VSN;
3VIB2470X795B;VSN;
3VIB2480X410B;VSN;
3VIB2480X630P;VSN;
3VIB248X1605B;VSN;
3VIB2500X950P;VSN;
3VIB250X1046P;VSN;
3VIB250X1053P;VSN;
3VIB250X1200P;VSN;
3VIB250X1245P;VSN;
3VIB250X1250B;VSN;
3VIB250X1400P;VSN;
3VIB250X1453B;VSN;
3VIB250X1537P;VSN;
3VIB250X1926P;VSN;
3VIB250X1940P;VSN;
3VIB250X2080B;VSN;
3VIB250X250B;VSN;
3VIB250X250F;VSN;
3VIB250X270P;VSN;
3VIB250X350B;VSN;
3VIB250X600B;VSN;
3VIB250X645P;VSN;
3VIB250X683P;VSN;
3VIB250X705P;VSN;
3VIB250X800B;VSN;
3VIB250X815B;VSN;
3VIB250X840B;VSN;
3VIB250X907P;VSN;
3VIB250X913B;VSN;
3VIB2510X920P;VSN;
3VIB253X2070B;VSN;
3VIB2564X693P;VSN;
3VIB256X750B;VSN;
3VIB257X1410B;VSN;
3VIB257X1415B;VSN;
3VIB2580X750P;VSN;
3VIB2606X810B;VSN;
3VIB260X1120P;VSN;
3VIB260X296P;VSN;
3VIB260X300P;VSN;
3VIB260X540P;VSN;
3VIB260X675P;VSN;
3VIB262X1800B;VSN;
3VIB264X1053P;VSN;
3VIB2650X919F;VSN;
3VIB2695X520P;VSN;
3VIB270X1010B;VSN;
3VIB270X1047P;VSN;
3VIB270X1655B;VSN;
3VIB270X1675B;VSN;
3VIB270X685B;VSN;
3VIB270X705B;VSN;
3VIB270X750B;VSN;
3VIB270X936P;VSN;
3VIB272X1950P;VSN;
3VIB275X1800B;VSN;
3VIB275X887B;VSN;
3VIB280X1150P;VSN;
3VIB280X1167B;VSN;
3VIB280X1237B;VSN;
3VIB280X2090B;VSN;
3VIB280X290P;VSN;
3VIB280X475B;VSN;
3VIB280X800P;VSN;
3VIB285X1210P;VSN;
3VIB285X2054P;VSN;
3VIB285X887B;VSN;
3VIB286X294P;VSN;
3VIB286X354P;VSN;
3VIB286X741P;VSN;
3VIB288X1048P;VSN;
3VIB290623ESP;VSN;
3VIB290623ESP1;VSN;
3VIB290623ESP2;VSN;
3VIB290X1055P;VSN;
3VIB290X2073B;VSN;
3VIB290X280P;VSN;
3VIB292X1242F;VSN;
3VIB293X1048P;VSN;
3VIB293X1052P;VSN;
3VIB293X1924B;VSN;
3VIB293X947P;VSN;
3VIB294X440P;VSN;
3VIB295X1924B;VSN;
3VIB295X1960P;VSN;
3VIB298X298B;VSN;
3VIB300X1001B;VSN;
3VIB300X1035B;VSN;
3VIB300X1045P;VSN;
3VIB300X1046P;VSN;
3VIB300X1050P;VSN;
3VIB300X1070P;VSN;
3VIB300X1260P;VSN;
3VIB300X1537P;VSN;
3VIB300X1640P;VSN;
3VIB300X1763B;VSN;
3VIB300X1800P;VSN;
3VIB300X1845B;VSN;
3VIB300X200P;VSN;
3VIB300X2190B;VSN;
3VIB300X2300P;VSN;
3VIB300X2382P;VSN;
3VIB300X2445P;VSN;
3VIB300X250B;VSN;
3VIB300X2700P;VSN;
3VIB300X300F;VSN;
3VIB300X300P;VSN;
3VIB300X400P;VSN;
3VIB300X575P;VSN;
3VIB300X600P;VSN;
3VIB300X820B;VSN;
3VIB300X975P;VSN;
3VIB302X1094P;VSN;
3VIB302X1812P;VSN;
3VIB303X1924B;VSN;
3VIB305X1960B;VSN;
3VIB306X1710B;VSN;
3VIB306X285B;VSN;
3VIB306X530B;VSN;
3VIB308X1637P;VSN;
3VIB310X1158P;VSN;
3VIB315X1800P;VSN;
3VIB317X2470P;VSN;
3VIB319X1281P;VSN;
3VIB319X895B;VSN;
3VIB320X1193P;VSN;
3VIB320X2010P;VSN;
3VIB320X580B;VSN;
3VIB325X1070P;VSN;
3VIB325X1800P;VSN;
3VIB325X340B;VSN;
3VIB325X400P;VSN;
3VIB325X680B;VSN;
3VIB326X1309P;VSN;
3VIB326X1850P;VSN;
3VIB328X281B;VSN;
3VIB329X579P;VSN;
3VIB332X880P;VSN;
3VIB332X898P;VSN;
3VIB334X1144P;VSN;
3VIB338X1924B;VSN;
3VIB339X647F;VSN;
3VIB340X1000B;VSN;
3VIB340X1020B;VSN;
3VIB340X1160P;VSN;
3VIB340X1200P;VSN;
3VIB340X256P;VSN;
3VIB340X522P;VSN;
3VIB343X343B;VSN;
3VIB350X1000B;VSN;
3VIB350X1073B;VSN;
3VIB350X1200B;VSN;
3VIB350X1250B;VSN;
3VIB350X1300P;VSN;
3VIB350X1367B;VSN;
3VIB350X1400P;VSN;
3VIB350X1450P;VSN;
3VIB350X1500B;VSN;
3VIB350X1500P;VSN;
3VIB350X1600P;VSN;
3VIB350X1700P;VSN;
3VIB350X2000B;VSN;
3VIB350X2000P;VSN;
3VIB350X2035P;VSN;
3VIB350X2060B;VSN;
3VIB350X220P;VSN;
3VIB350X350B;VSN;
3VIB350X604P;VSN;
3VIB350X930P;VSN;
3VIB360X1940P;VSN;
3VIB360X300B;VSN;
3VIB360X400P;VSN;
3VIB360X894P;VSN;
3VIB360X904P;VSN;
3VIB361X1055P;VSN;
3VIB363X1055P;VSN;
3VIB363X290F;VSN;
3VIB364X764B;VSN;
3VIB365X570F;VSN;
3VIB365X600B;VSN;
3VIB368X1400B;VSN;
3VIB368X1625B;VSN;
3VIB368X1643B;VSN;
3VIB370X1255B;VSN;
3VIB370X1986P;VSN;
3VIB370X200P;VSN;
3VIB370X2080P;VSN;
3VIB370X2180P;VSN;
3VIB370X2200P;VSN;
3VIB370X2400P;VSN;
3VIB370X570F;VSN;
3VIB373X1537P;VSN;
3VIB375X1420P;VSN;
3VIB375X804P;VSN;
3VIB378X1199P;VSN;
3VIB378X1224P;VSN;
3VIB378X706P;VSN;
3VIB380X1400B;VSN;
3VIB380X1500B;VSN;
3VIB384X1830B;VSN;
3VIB384X814P;VSN;
3VIB385X1165P;VSN;
3VIB385X1888B;VSN;
3VIB386X2146B;VSN;
3VIB386X308B;VSN;
3VIB387X1734P;VSN;
3VIB389X1200P;VSN;
3VIB389X1418P;VSN;
3VIB389X828P;VSN;
3VIB390X1225B;VSN;
3VIB390X1255B;VSN;
3VIB391X1410P;VSN;
3VIB391X439B;VSN;
3VIB395X1926P;VSN;
3VIB395X356P;VSN;
3VIB395X910B;VSN;
3VIB397X364B;VSN;
3VIB397X764B;VSN;
3VIB398X364B;VSN;
3VIB398X764B;VSN;
3VIB400X1030P;VSN;
3VIB400X1200B;VSN;
3VIB400X1200P;VSN;
3VIB400X1338P;VSN;
3VIB400X1340P;VSN;
3VIB400X1380B;VSN;
3VIB400X1400B;VSN;
3VIB400X1400P;VSN;
3VIB400X1490P;VSN;
3VIB400X1600P;VSN;
3VIB400X1946P;VSN;
3VIB400X1960B;VSN;
3VIB400X2000B;VSN;
3VIB400X2100B;VSN;
3VIB400X2100P;VSN;
3VIB400X2440P;VSN;
3VIB400X300B;VSN;
3VIB400X300P;VSN;
3VIB400X340P;VSN;
3VIB400X375P;VSN;
3VIB400X400P;VSN;
3VIB400X400PB;VSN;
3VIB400X450P;VSN;
3VIB400X585P;VSN;
3VIB400X600P;VSN;
3VIB400X800P;VSN;
3VIB400X850P;VSN;
3VIB400X880P;VSN;
3VIB400X925B;VSN;
3VIB401X1825P;VSN;
3VIB401X440P;VSN;
3VIB402X357B;VSN;
3VIB402X365B;VSN;
3VIB402X367B;VSN;
3VIB402X782B;VSN;
3VIB404X359B;VSN;
3VIB404X369B;VSN;
3VIB404X784B;VSN;
3VIB405X2000P;VSN;
3VIB407X1734P;VSN;
3VIB40940589;VSN;
3VIB409X910B;VSN;
3VIB410X1220B;VSN;
3VIB410X1340P;VSN;
3VIB410X1480P;VSN;
3VIB410X1915P;VSN;
3VIB410X890B;VSN;
3VIB411X2052B;VSN;
3VIB412X1050P;VSN;
3VIB412X1420P;VSN;
3VIB412X685P;VSN;
3VIB416X435B;VSN;
3VIB418X2238B;VSN;
3VIB420X1350P;VSN;
3VIB420X1800F;VSN;
3VIB420X1940P;VSN;
3VIB420X2050P;VSN;
3VIB420X350B;VSN;
3VIB420X600P;VSN;
3VIB420X625P;VSN;
3VIB420X786P;VSN;
3VIB420X788P;VSN;
3VIB420X862P;VSN;
3VIB423X1566B;VSN;
3VIB423X1697B;VSN;
3VIB423X250B;VSN;
3VIB423X428B;VSN;
3VIB425X1075P;VSN;
3VIB425X1340P;VSN;
3VIB425X1350P;VSN;
3VIB425X2284P;VSN;
3VIB425X460B;VSN;
3VIB425X650P;VSN;
3VIB427X1337P;VSN;
3VIB428X1780B;VSN;
3VIB430X1367B;VSN;
3VIB430X1570B;VSN;
3VIB430X2000B;VSN;
3VIB430X255B;VSN;
3VIB430X255F;VSN;
3VIB430X255P;VSN;
3VIB430X840P;VSN;
3VIB430X980P;VSN;
3VIB431X1924B;VSN;
3VIB432X1932P;VSN;
3VIB432X212B;VSN;
3VIB432X250B;VSN;
3VIB432X852P;VSN;
3VIB435X1757B;VSN;
3VIB435X818B;VSN;
3VIB436X1578B;VSN;
3VIB437X1924B;VSN;
3VIB438X393B;VSN;
3VIB438X398B;VSN;
3VIB438X403B;VSN;
3VIB438X418B;VSN;
3VIB438X818B;VSN;
3VIB438X833B;VSN;
3VIB438X843B;VSN;
3VIB440X1145P;VSN;
3VIB440X1150P;VSN;
3VIB440X1800P;VSN;
3VIB440X1824P;VSN;
3VIB440X2060P;VSN;
3VIB440X395B;VSN;
3VIB440X400B;VSN;
3VIB440X401P;VSN;
3VIB440X405B;VSN;
3VIB440X420B;VSN;
3VIB440X820B;VSN;
3VIB440X835B;VSN;
3VIB440X845B;VSN;
3VIB443X1370B;VSN;
3VIB444X1622P;VSN;
3VIB447X430B;VSN;
3VIB450X1000B;VSN;
3VIB450X1000P;VSN;
3VIB450X1135F;VSN;
3VIB450X1272B;VSN;
3VIB450X1330B;VSN;
3VIB450X1400P;VSN;
3VIB450X1410P;VSN;
3VIB450X1460P;VSN;
3VIB450X1524P;VSN;
3VIB450X1688B;VSN;
3VIB450X1800PB;VSN;
3VIB450X1890P;VSN;
3VIB450X1900P;VSN;
3VIB450X2100B;VSN;
3VIB450X2200PA;VSN;
3VIB450X420B;VSN;
3VIB450X450F;VSN;
3VIB450X450P;VSN;
3VIB450X670B;VSN;
3VIB450X690B;VSN;
3VIB450X895B;VSN;
3VIB450X939B;VSN;
3VIB451X724B;VSN;
3VIB452X1975B;VSN;
3VIB452X425P;VSN;
3VIB455X1330P;VSN;
3VIB455X1400B;VSN;
3VIB455X880B;VSN;
3VIB457X1124P;VSN;
3VIB460X1164B;VSN;
3VIB460X1200B;VSN;
3VIB460X1670B;VSN;
3VIB460X1800P;VSN;
3VIB460X1950B;VSN;
3VIB460X615P;VSN;
3VIB460X810P;VSN;
3VIB462X1266P;VSN;
3VIB462X1271P;VSN;
3VIB462X412B;VSN;
3VIB465X1065F;VSN;
3VIB465X677B;VSN;
3VIB465X679B;VSN;
3VIB468X1500B;VSN;
3VIB470X1376B;VSN;
3VIB470X1990B;VSN;
3VIB470X445B;VSN;
3VIB470X450B;VSN;
3VIB470X762B;VSN;
3VIB470X980P;VSN;
3VIB471X1370B;VSN;
3VIB472X363F;VSN;
3VIB473X1150B;VSN;
3VIB473X2093P;VSN;
3VIB473X730B;VSN;
3VIB474X1578B;VSN;
3VIB474X1961B;VSN;
3VIB475X1065B;VSN;
3VIB475X1670P;VSN;
3VIB475X1926P;VSN;
3VIB475X2100P;VSN;
3VIB475X2340P;VSN;
3VIB475X2390P;VSN;
3VIB475X272P;VSN;
3VIB475X400B;VSN;
3VIB475X730B;VSN;
3VIB477X648F;VSN;
3VIB478X208P;VSN;
3VIB478X400B;VSN;
3VIB480X1070F;VSN;
3VIB480X1100P;VSN;
3VIB480X1120F;VSN;
3VIB480X1160P;VSN;
3VIB480X1170P;VSN;
3VIB480X1338B;VSN;
3VIB480X1370B;VSN;
3VIB480X1480P;VSN;
3VIB480X2200P;VSN;
3VIB480X2400P;VSN;
3VIB480X637P;VSN;
3VIB482X405B;VSN;
3VIB482X538B;VSN;
3VIB484X2080B;VSN;
3VIB484X913B;VSN;
3VIB485X1575B;VSN;
3VIB486X1065F;VSN;
3VIB489X1250B;VSN;
3VIB489X2200F;VSN;
3VIB490X2200P;VSN;
3VIB490X930B;VSN;
3VIB492X2200P;VSN;
3VIB495X1090B;VSN;
3VIB495X1242F;VSN;
3VIB495X1530P;VSN;
3VIB495X1835B;VSN;
3VIB496X1580B;VSN;
3VIB496X400B;VSN;
3VIB496X496P;VSN;
3VIB498X1605B;VSN;
3VIB498X580B;VSN;
3VIB499X1450B;VSN;
3VIB499X599P;VSN;
3VIB500X1000B;VSN;
3VIB500X1054P;VSN;
3VIB500X1070P;VSN;
3VIB500X1100P;VSN;
3VIB500X1157B;VSN;
3VIB500X1180B;VSN;
3VIB500X1193P;VSN;
3VIB500X1200F;VSN;
3VIB500X1200P;VSN;
3VIB500X1206P;VSN;
3VIB500X1228B;VSN;
3VIB500X1250B;VSN;
3VIB500X1283P;VSN;
3VIB500X1320B;VSN;
3VIB500X1430P;VSN;
3VIB500X1500P;VSN;
3VIB500X1510B;VSN;
3VIB500X1530P;VSN;
3VIB500X1600P;VSN;
3VIB500X1630B;VSN;
3VIB500X1700B;VSN;
3VIB500X1700F;VSN;
3VIB500X1700P;VSN;
3VIB500X1782P;VSN;
3VIB500X1950P;VSN;
3VIB500X200P;VSN;
3VIB500X2050B;VSN;
3VIB500X2070P;VSN;
3VIB500X2100P;VSN;
3VIB500X2150B;VSN;
3VIB500X2150P;VSN;
3VIB500X2155B;VSN;
3VIB500X2200P;VSN;
3VIB500X230P;VSN;
3VIB500X2350P;VSN;
3VIB500X239P;VSN;
3VIB500X2400B;VSN;
3VIB500X2400P;VSN;
3VIB500X250P;VSN;
3VIB500X2540B;VSN;
3VIB500X280P;VSN;
3VIB500X350P;VSN;
3VIB500X400B;VSN;
3VIB500X420PA;VSN;
3VIB500X500B;VSN;
3VIB500X590B;VSN;
3VIB500X590P;VSN;
3VIB500X647F;VSN;
3VIB500X660B;VSN;
3VIB500X670PA;VSN;
3VIB500X690PA;VSN;
3VIB500X700F;VSN;
3VIB500X700P;VSN;
3VIB500X841B;VSN;
3VIB500X860B;VSN;
3VIB500X939PA;VSN;
3VIB502X1150B;VSN;
3VIB504X1788P;VSN;
3VIB505X980P;VSN;
3VIB50X1502P;VSN;
3VIB50X900P;VSN;
3VIB510X1100P;VSN;
3VIB510X1400B;VSN;
3VIB510X1940P;VSN;
3VIB510X1950P;VSN;
3VIB510X1960B;VSN;
3VIB510X2150P;VSN;
3VIB510X2170P;VSN;
3VIB510X2560P;VSN;
3VIB51200X1465;VSN;
3VIB514X1218B;VSN;
3VIB514X1370P;VSN;
3VIB514X1398P;VSN;
3VIB515X1500P;VSN;
3VIB517X1960B;VSN;
3VIB520X1000B;VSN;
3VIB520X1240B;VSN;
3VIB520X1385P;VSN;
3VIB520X2200P;VSN;
3VIB520X250P;VSN;
3VIB520X290P;VSN;
3VIB520X380P;VSN;
3VIB520X539P;VSN;
3VIB520X600P;VSN;
3VIB520X791P;VSN;
3VIB520X885B;VSN;
3VIB520X960P;VSN;
3VIB522X2070B;VSN;
3VIB524X1370P;VSN;
3VIB524X1398P;VSN;
3VIB524X1800P;VSN;
3VIB525X1071P;VSN;
3VIB525X1575B;VSN;
3VIB525X1670P;VSN;
3VIB525X1680P;VSN;
3VIB525X830P;VSN;
3VIB525X940F;VSN;
3VIB525X962F;VSN;
3VIB528X725B;VSN;
3VIB530X1100B;VSN;
3VIB530X1190F;VSN;
3VIB530X1200B;VSN;
3VIB530X1200F;VSN;
3VIB530X1310B;VSN;
3VIB530X1685B;VSN;
3VIB530X1930P;VSN;
3VIB530X2000PA;VSN;
3VIB530X900B;VSN;
3VIB534X2180P;VSN;
3VIB534X337B;VSN;
3VIB534X340B;VSN;
3VIB534X342B;VSN;
3VIB535X1122P;VSN;
3VIB535X2400P;VSN;
3VIB535X350B;VSN;
3VIB539X1142B;VSN;
3VIB540X1001B;VSN;
3VIB540X1015P;VSN;
3VIB540X1035B;VSN;
3VIB540X1190B;VSN;
3VIB540X1260PA;VSN;
3VIB540X1350P;VSN;
3VIB540X1400PA;VSN;
3VIB540X1500B;VSN;
3VIB540X1578B;VSN;
3VIB540X1590B;VSN;
3VIB540X1730B;VSN;
3VIB540X2060P;VSN;
3VIB540X2070B;VSN;
3VIB540X2195B;VSN;
3VIB540X2400B;VSN;
3VIB540X320P;VSN;
3VIB540X395P;VSN;
3VIB540X540B;VSN;
3VIB540X540F;VSN;
3VIB540X540P;VSN;
3VIB540X700P;VSN;
3VIB540X730B;VSN;
3VIB540X929B;VSN;
3VIB542X1409P;VSN;
3VIB542X1410P;VSN;
3VIB542X425P;VSN;
3VIB542X670P;VSN;
3VIB542X960P;VSN;
3VIB544X670P;VSN;
3VIB545X1400B;VSN;
3VIB547X2050P;VSN;
3VIB548X1929P;VSN;
3VIB548X910B;VSN;
3VIB550X1200P;VSN;
3VIB550X1245B;VSN;
3VIB550X1410P;VSN;
3VIB550X1450P;VSN;
3VIB550X1460B;VSN;
3VIB550X1540B;VSN;
3VIB550X1630P;VSN;
3VIB550X1635B;VSN;
3VIB550X1650P;VSN;
3VIB550X1840P;VSN;
3VIB550X1940P;VSN;
3VIB550X200B;VSN;
3VIB550X2040B;VSN;
3VIB550X2160P;VSN;
3VIB550X2195B;VSN;
3VIB550X2400B;VSN;
3VIB550X500B;VSN;
3VIB550X500P;VSN;
3VIB550X501P;VSN;
3VIB550X600P;VSN;
3VIB550X610B;VSN;
3VIB550X800P;VSN;
3VIB550X815B;VSN;
3VIB550X820B;VSN;
3VIB550X910B;VSN;
3VIB550X980B;VSN;
3VIB555X1106B;VSN;
3VIB555X1600F;VSN;
3VIB555X1770B;VSN;
3VIB555X1940P;VSN;
3VIB555X610B;VSN;
3VIB555X770B;VSN;
3VIB556X556B;VSN;
3VIB558X508B;VSN;
3VIB559X2144P;VSN;
3VIB560X1097B;VSN;
3VIB560X1800F;VSN;
3VIB560X1830B;VSN;
3VIB560X1960B;VSN;
3VIB560X2000B;VSN;
3VIB560X2160B;VSN;
3VIB560X600P;VSN;
3VIB561X1911P;VSN;
3VIB563X1999P;VSN;
3VIB564X1196P;VSN;
3VIB564X1460B;VSN;
3VIB565X1570B;VSN;
3VIB565X1950F;VSN;
3VIB565X770B;VSN;
3VIB570X1378P;VSN;
3VIB570X1699B;VSN;
3VIB570X1800P;VSN;
3VIB570X1992B;VSN;
3VIB570X2000B;VSN;
3VIB570X675P;VSN;
3VIB570X887B;VSN;
3VIB572X1198F;VSN;
3VIB573X1950F;VSN;
3VIB573X450F;VSN;
3VIB575X1685B;VSN;
3VIB575X255P;VSN;
3VIB575X300B;VSN;
3VIB575X315P;VSN;
3VIB575X705P;VSN;
3VIB575X810P;VSN;
3VIB575X983P;VSN;
3VIB576X1350P;VSN;
3VIB576X376P;VSN;
3VIB5770X1915;VSN;
3VIB5770X645;VSN;
3VIB577X1700P;VSN;
3VIB578X1315P;VSN;
3VIB580X1000P;VSN;
3VIB580X1200B;VSN;
3VIB580X1400P;VSN;
3VIB580X1518B;VSN;
3VIB580X1905B;VSN;
3VIB580X1950F;VSN;
3VIB580X2000P;VSN;
3VIB580X2200P;VSN;
3VIB580X2300P;VSN;
3VIB580X480P;VSN;
3VIB580X500P;VSN;
3VIB580X900P;VSN;
3VIB582X2000B;VSN;
3VIB584X431B;VSN;
3VIB585X1530P;VSN;
3VIB587X1220B;VSN;
3VIB587X2047B;VSN;
3VIB590X1000P;VSN;
3VIB590X1400P;VSN;
3VIB590X1800B;VSN;
3VIB590X2055P;VSN;
3VIB590X480P;VSN;
3VIB590X900P;VSN;
3VIB592X1035P;VSN;
3VIB595X1220B;VSN;
3VIB595X1300P;VSN;
3VIB595X1800F;VSN;
3VIB595X2047B;VSN;
3VIB595X2100P;VSN;
3VIB595X300P;VSN;
3VIB595X780P;VSN;
3VIB596X1094P;VSN;
3VIB596X2534P;VSN;
3VIB598X1154P;VSN;
3VIB600X1000B;VSN;
3VIB600X1025F;VSN;
3VIB600X1040B;VSN;
3VIB600X1060B;VSN;
3VIB600X1070P;VSN;
3VIB600X1100P;VSN;
3VIB600X1142B;VSN;
3VIB600X1150B;VSN;
3VIB600X1150P;VSN;
3VIB600X1180P;VSN;
3VIB600X1240B;VSN;
3VIB600X1250P;VSN;
3VIB600X1300B;VSN;
3VIB600X1300P;VSN;
3VIB600X1330B;VSN;
3VIB600X1340P;VSN;
3VIB600X1390P;VSN;
3VIB600X1400P;VSN;
3VIB600X1450P;VSN;
3VIB600X1470B;VSN;
3VIB600X1480B;VSN;
3VIB600X1500P;VSN;
3VIB600X1530P;VSN;
3VIB600X1550B;VSN;
3VIB600X1564B;VSN;
3VIB600X1600P;VSN;
3VIB600X1609P;VSN;
3VIB600X1611P;VSN;
3VIB600X1630P;VSN;
3VIB600X1636B;VSN;
3VIB600X1640P;VSN;
3VIB600X1700B;VSN;
3VIB600X1700P;VSN;
3VIB600X1715P;VSN;
3VIB600X1750B;VSN;
3VIB600X1800B;VSN;
3VIB600X1800P;VSN;
3VIB600X1900B;VSN;
3VIB600X1915P;VSN;
3VIB600X1950B;VSN;
3VIB600X1950P;VSN;
3VIB600X2000B;VSN;
3VIB600X2000P;VSN;
3VIB600X200P;VSN;
3VIB600X2018P;VSN;
3VIB600X2037B;VSN;
3VIB600X2100P;VSN;
3VIB600X2200B;VSN;
3VIB600X2200P;VSN;
3VIB600X2400B;VSN;
3VIB600X288P;VSN;
3VIB600X300B;VSN;
3VIB600X300F;VSN;
3VIB600X340P;VSN;
3VIB600X350P;VSN;
3VIB600X400P;VSN;
3VIB600X445P;VSN;
3VIB600X456P;VSN;
3VIB600X480B;VSN;
3VIB600X500B;VSN;
3VIB600X506P;VSN;
3VIB600X519P;VSN;
3VIB600X535B;VSN;
3VIB600X535P;VSN;
3VIB600X550B;VSN;
3VIB600X550P;VSN;
3VIB600X570B;VSN;
3VIB600X600B;VSN;
3VIB600X600F;VSN;
3VIB600X600P;VSN;
3VIB600X625P;VSN;
3VIB600X650B;VSN;
3VIB600X650P;VSN;
3VIB600X661B;VSN;
3VIB600X700F;VSN;
3VIB600X743P;VSN;
3VIB600X750B;VSN;
3VIB600X790B;VSN;
3VIB600X800P;VSN;
3VIB600X850B;VSN;
3VIB600X850P;VSN;
3VIB600X880P;VSN;
3VIB600X890B;VSN;
3VIB600X900B;VSN;
3VIB600X900P;VSN;
3VIB600X910P;VSN;
3VIB600X962P;VSN;
3VIB602X1000P;VSN;
3VIB602X1207P;VSN;
3VIB605X1390P;VSN;
3VIB606X1035B;VSN;
3VIB606X730B;VSN;
3VIB607X1040B;VSN;
3VIB607X1170P;VSN;
3VIB607X815P;VSN;
3VIB610X1108B;VSN;
3VIB610X1120B;VSN;
3VIB610X1265P;VSN;
3VIB610X1320B;VSN;
3VIB610X1378P;VSN;
3VIB610X1620P;VSN;
3VIB610X1680P;VSN;
3VIB610X2600B;VSN;
3VIB610X730F;VSN;
3VIB610X900P;VSN;
3VIB611X1900P;VSN;
3VIB611X351P;VSN;
3VIB611X741P;VSN;
3VIB612X650B;VSN;
3VIB614X2000P;VSN;
3VIB614X782P;VSN;
3VIB614X982P;VSN;
3VIB615X2200P;VSN;
3VIB615X2330B;VSN;
3VIB615X260P;VSN;
3VIB617X1450P;VSN;
3VIB618X1649B;VSN;
3VIB618X582P;VSN;
3VIB620X1395P;VSN;
3VIB620X1500P;VSN;
3VIB620X1580P;VSN;
3VIB620X2052P;VSN;
3VIB620X205P;VSN;
3VIB620X2130P;VSN;
3VIB620X2200P;VSN;
3VIB620X500B;VSN;
3VIB620X525P;VSN;
3VIB620X558P;VSN;
3VIB620X900P;VSN;
3VIB621X1460P;VSN;
3VIB621X2120P;VSN;
3VIB621X309P;VSN;
3VIB621X800P;VSN;
3VIB622X1752B;VSN;
3VIB625X1230P;VSN;
3VIB625X1690B;VSN;
3VIB626X610P;VSN;
3VIB628X1400P;VSN;
3VIB628X300P;VSN;
3VIB629X1798P;VSN;
3VIB630X1120P;VSN;
3VIB630X1300B;VSN;
3VIB630X1500B;VSN;
3VIB630X2060B;VSN;
3VIB630X2145B;VSN;
3VIB630X2180B;VSN;
3VIB630X2200P;VSN;
3VIB630X250P;VSN;
3VIB630X390P;VSN;
3VIB630X673B;VSN;
3VIB630X860B;VSN;
3VIB632X200P;VSN;
3VIB635X1080B;VSN;
3VIB637X1155B;VSN;
3VIB637X458P;VSN;
3VIB639X1047B;VSN;
3VIB639X1600P;VSN;
3VIB639X1798P;VSN;
3VIB639X790P;VSN;
3VIB640X1045P;VSN;
3VIB640X1500P;VSN;
3VIB640X1670P;VSN;
3VIB640X2395P;VSN;
3VIB640X2400B;VSN;
3VIB640X400B;VSN;
3VIB640X450B;VSN;
3VIB640X590P;VSN;
3VIB640X650B;VSN;
3VIB640X800B;VSN;
3VIB640X900P;VSN;
3VIB640X904P;VSN;
3VIB642X1350B;VSN;
3VIB643X1064P;VSN;
3VIB643X462P;VSN;
3VIB644X1460P;VSN;
3VIB644X1680B;VSN;
3VIB644X800P;VSN;
3VIB645X1830B;VSN;
3VIB645X650B;VSN;
3VIB648X2050P;VSN;
3VIB648X600P;VSN;
3VIB649X2200B;VSN;
3VIB650X1000B;VSN;
3VIB650X1000P;VSN;
3VIB650X1080P;VSN;
3VIB650X1100F;VSN;
3VIB650X1145P;VSN;
3VIB650X1200P;VSN;
3VIB650X1230P;VSN;
3VIB650X1240P;VSN;
3VIB650X1268P;VSN;
3VIB650X1400B;VSN;
3VIB650X1450P;VSN;
3VIB650X1600P;VSN;
3VIB650X1680P;VSN;
3VIB650X1700B;VSN;
3VIB650X1700P;VSN;
3VIB650X1730P;VSN;
3VIB650X1750P;VSN;
3VIB650X1850P;VSN;
3VIB650X1860P;VSN;
3VIB650X1870P;VSN;
3VIB650X1915B;VSN;
3VIB650X2000B;VSN;
3VIB650X2000PA;VSN;
3VIB650X2050P;VSN;
3VIB650X205P;VSN;
3VIB650X2102B;VSN;
3VIB650X2114B;VSN;
3VIB650X2194B;VSN;
3VIB650X2200B;VSN;
3VIB650X2200F;VSN;
3VIB650X2250P;VSN;
3VIB650X2418P;VSN;
3VIB650X266P;VSN;
3VIB650X280B;VSN;
3VIB650X325B;VSN;
3VIB650X328B;VSN;
3VIB650X340B;VSN;
3VIB650X350F;VSN;
3VIB650X362B;VSN;
3VIB650X480B;VSN;
3VIB650X570B;VSN;
3VIB650X600P;VSN;
3VIB650X640B;VSN;
3VIB650X640P;VSN;
3VIB650X683P;VSN;
3VIB650X700B;VSN;
3VIB650X750B;VSN;
3VIB650X795P;VSN;
3VIB650X800B;VSN;
3VIB650X800F;VSN;
3VIB650X975B;VSN;
3VIB652X1000P;VSN;
3VIB652X650P;VSN;
3VIB654X1680B;VSN;
3VIB655X1372P;VSN;
3VIB655X1380B;VSN;
3VIB655X2400B;VSN;
3VIB656X1727P;VSN;
3VIB656X1780B;VSN;
3VIB658X2095P;VSN;
3VIB658X426P;VSN;
3VIB658X700B;VSN;
3VIB658X790P;VSN;
3VIB659X2182P;VSN;
3VIB659X462P;VSN;
3VIB659X600P;VSN;
3VIB660X1000P;VSN;
3VIB660X1700P;VSN;
3VIB660X1770P;VSN;
3VIB660X1800P;VSN;
3VIB660X1965P;VSN;
3VIB660X2010P;VSN;
3VIB660X2037B;VSN;
3VIB660X2050B;VSN;
3VIB660X370B;VSN;
3VIB660X413P;VSN;
3VIB660X438P;VSN;
3VIB660X510P;VSN;
3VIB660X515B;VSN;
3VIB660X530B;VSN;
3VIB660X700B;VSN;
3VIB660X800B;VSN;
3VIB661X2190P;VSN;
3VIB662X2097P;VSN;
3VIB665X1372P;VSN;
3VIB665X1590B;VSN;
3VIB665X2390P;VSN;
3VIB666X459B;VSN;
3VIB666X460B;VSN;
3VIB667X782P;VSN;
3VIB668X836P;VSN;
3VIB669X1025B;VSN;
3VIB669X1099F;VSN;
3VIB669X251F;VSN;
3VIB669X572F;VSN;
3VIB669X743P;VSN;
3VIB669X754F;VSN;
3VIB670X1380P;VSN;
3VIB670X1580P;VSN;
3VIB670X2160P;VSN;
3VIB670X2180B;VSN;
3VIB670X2200P;VSN;
3VIB670X700P;VSN;
3VIB670X900P;VSN;
3VIB674X2200P;VSN;
3VIB674X2448B;VSN;
3VIB675X1015P;VSN;
3VIB675X1209P;VSN;
3VIB675X2110B;VSN;
3VIB675X2120B;VSN;
3VIB675X320P;VSN;
3VIB675X700P;VSN;
3VIB675X900P;VSN;
3VIB676X1880P;VSN;
3VIB676X457P;VSN;
3VIB678X1066P;VSN;
3VIB678X2144P;VSN;
3VIB679X270P;VSN;
3VIB680X1244F;VSN;
3VIB680X1545P;VSN;
3VIB680X1675B;VSN;
3VIB680X1853B;VSN;
3VIB680X1915P;VSN;
3VIB680X1990B;VSN;
3VIB680X200P;VSN;
3VIB680X2090P;VSN;
3VIB680X2100B;VSN;
3VIB680X2700P;VSN;
3VIB680X788F;VSN;
3VIB682X258B;VSN;
3VIB683X558P;VSN;
3VIB685X1000B;VSN;
3VIB685X1334B;VSN;
3VIB685X1600B;VSN;
3VIB685X1880P;VSN;
3VIB685X2000P;VSN;
3VIB685X300P;VSN;
3VIB685X590P;VSN;
3VIB685X904P;VSN;
3VIB686X1500B;VSN;
3VIB687X2102B;VSN;
3VIB687X368B;VSN;
3VIB688X1397P;VSN;
3VIB690X1083P;VSN;
3VIB690X1305P;VSN;
3VIB690X1375P;VSN;
3VIB690X1391P;VSN;
3VIB690X1615B;VSN;
3VIB690X1750B;VSN;
3VIB690X1800P;VSN;
3VIB690X1820P;VSN;
3VIB690X1920P;VSN;
3VIB690X210B;VSN;
3VIB690X2200P;VSN;
3VIB690X230B;VSN;
3VIB690X258B;VSN;
3VIB690X495B;VSN;
3VIB690X655B;VSN;
3VIB690X720B;VSN;
3VIB690X730P;VSN;
3VIB692X960P;VSN;
3VIB694X2350P;VSN;
3VIB695X1122B;VSN;
3VIB695X1125B;VSN;
3VIB695X1210P;VSN;
3VIB695X1855B;VSN;
3VIB695X2120B;VSN;
3VIB695X582P;VSN;
3VIB695X880P;VSN;
3VIB695X898P;VSN;
3VIB696X1068F;VSN;
3VIB696X1855B;VSN;
3VIB696X788F;VSN;
3VIB697X1084P;VSN;
3VIB697X2100P;VSN;
3VIB698X1749P;VSN;
3VIB700400B;VSN;
3VIB700756893;VSN;
3VIB700X1000B;VSN;
3VIB700X1100P;VSN;
3VIB700X1135P;VSN;
3VIB700X1162P;VSN;
3VIB700X1200B;VSN;
3VIB700X1270B;VSN;
3VIB700X1349P;VSN;
3VIB700X1350P;VSN;
3VIB700X1400P;VSN;
3VIB700X1425B;VSN;
3VIB700X1450P;VSN;
3VIB700X1500P;VSN;
3VIB700X1540B;VSN;
3VIB700X1585P;VSN;
3VIB700X1600P;VSN;
3VIB700X1614F;VSN;
3VIB700X1620P;VSN;
3VIB700X1650P;VSN;
3VIB700X1668P;VSN;
3VIB700X1680P;VSN;
3VIB700X1700B;VSN;
3VIB700X1700P;VSN;
3VIB700X1800P;VSN;
3VIB700X1830P;VSN;
3VIB700X1853B;VSN;
3VIB700X1932P;VSN;
3VIB700X2000P;VSN;
3VIB700X2001P;VSN;
3VIB700X2010P;VSN;
3VIB700X2050P;VSN;
3VIB700X2080P;VSN;
3VIB700X2102P;VSN;
3VIB700X2170P;VSN;
3VIB700X2200B;VSN;
3VIB700X2295P;VSN;
3VIB700X2400B;VSN;
3VIB700X2400P;VSN;
3VIB700X270P;VSN;
3VIB700X300B;VSN;
3VIB700X470B;VSN;
3VIB700X600P;VSN;
3VIB700X610P;VSN;
3VIB700X650P;VSN;
3VIB700X719P;VSN;
3VIB700X750P;VSN;
3VIB700X780P;VSN;
3VIB700X900B;VSN;
3VIB700X948P;VSN;
3VIB700X985P;VSN;
3VIB702X1722B;VSN;
3VIB702X1850B;VSN;
3VIB702X250B;VSN;
3VIB702X552B;VSN;
3VIB703X1120P;VSN;
3VIB704X2000P;VSN;
3VIB704X2120P;VSN;
3VIB704X375P;VSN;
3VIB705X1250P;VSN;
3VIB705X1390P;VSN;
3VIB705X1800B;VSN;
3VIB705X1800P;VSN;
3VIB705X700P;VSN;
3VIB706X1930P;VSN;
3VIB706X205P;VSN;
3VIB706X500P;VSN;
3VIB707X1805P;VSN;
3VIB708X475B;VSN;
3VIB709X2150B;VSN;
3VIB709X290B;VSN;
3VIB710X1000P;VSN;
3VIB710X1200P;VSN;
3VIB710X1300P;VSN;
3VIB710X2037B;VSN;
3VIB710X2093B;VSN;
3VIB710X2140B;VSN;
3VIB710X270B;VSN;
3VIB710X270P;VSN;
3VIB710X296P;VSN;
3VIB710X300P;VSN;
3VIB710X500B;VSN;
3VIB710X680P;VSN;
3VIB710X980P;VSN;
3VIB712X1121B;VSN;
3VIB712X1150P;VSN;
3VIB712X1940P;VSN;
3VIB713X675P;VSN;
3VIB715X1414B;VSN;
3VIB715X2000B;VSN;
3VIB715X2195CI;VSN;
3VIB715X478B;VSN;
3VIB715X710B;VSN;
3VIB718X1120B;VSN;
3VIB718X780B;VSN;
3VIB718X997P;VSN;
3VIB719X1560P;VSN;
3VIB719X754F;VSN;
3VIB720X1220B;VSN;
3VIB720X1527P;VSN;
3VIB720X2013F;VSN;
3VIB720X2200P;VSN;
3VIB720X500B;VSN;
3VIB720X560B;VSN;
3VIB721X1506B;VSN;
3VIB721X699P;VSN;
3VIB723X1539P;VSN;
3VIB723X1749P;VSN;
3VIB725X1020F;VSN;
3VIB725X1080F;VSN;
3VIB725X1850B;VSN;
3VIB725X2093B;VSN;
3VIB725X230B;VSN;
3VIB725X405B;VSN;
3VIB725X446B;VSN;
3VIB725X600B;VSN;
3VIB726X532P;VSN;
3VIB727X1142B;VSN;
3VIB728X2200B;VSN;
3VIB728X2298P;VSN;
3VIB728X760P;VSN;
3VIB729X265B;VSN;
3VIB730X1000P;VSN;
3VIB730X1200B;VSN;
3VIB730X1220B;VSN;
3VIB730X1410B;VSN;
3VIB730X1430P;VSN;
3VIB730X1510B;VSN;
3VIB730X1800P;VSN;
3VIB730X1810P;VSN;
3VIB730X1970P;VSN;
3VIB730X2226P;VSN;
3VIB730X226B;VSN;
3VIB730X2450F;VSN;
3VIB730X370P;VSN;
3VIB730X780P;VSN;
3VIB732X1150P;VSN;
3VIB732X1220B;VSN;
3VIB732X1508P;VSN;
3VIB732X470P;VSN;
3VIB733X579P;VSN;
3VIB734X1400B;VSN;
3VIB734X270B;VSN;
3VIB734X579P;VSN;
3VIB735X1125B;VSN;
3VIB735X1338P;VSN;
3VIB735X1800P;VSN;
3VIB736X1270B;VSN;
3VIB737X1772B;VSN;
3VIB737X251F;VSN;
3VIB737X570F;VSN;
3VIB737X572F;VSN;
3VIB738X1838P;VSN;
3VIB739X1772B;VSN;
3VIB740X1320P;VSN;
3VIB740X1338P;VSN;
3VIB740X1670P;VSN;
3VIB740X2067P;VSN;
3VIB740X370F;VSN;
3VIB740X700P;VSN;
3VIB740X770P;VSN;
3VIB741X1060P;VSN;
3VIB742X1855B;VSN;
3VIB742X2100B;VSN;
3VIB742X212B;VSN;
3VIB748X2102B;VSN;
3VIB748X368B;VSN;
3VIB750X1000P;VSN;
3VIB750X1120P;VSN;
3VIB750X1168P;VSN;
3VIB750X1285P;VSN;
3VIB750X1640B;VSN;
3VIB750X1668P;VSN;
3VIB750X1680F;VSN;
3VIB750X1700P;VSN;
3VIB750X1750P;VSN;
3VIB750X1800B;VSN;
3VIB750X1970P;VSN;
3VIB750X2000B;VSN;
3VIB750X2015P;VSN;
3VIB750X2070P;VSN;
3VIB750X2100P;VSN;
3VIB750X2200P;VSN;
3VIB750X230P;VSN;
3VIB750X2380B;VSN;
3VIB750X2400F;VSN;
3VIB750X250P;VSN;
3VIB750X270B;VSN;
3VIB750X300B;VSN;
3VIB750X300P;VSN;
3VIB750X350P;VSN;
3VIB750X478B;VSN;
3VIB750X500P;VSN;
3VIB750X558P;VSN;
3VIB750X635P;VSN;
3VIB750X650B;VSN;
3VIB750X650P;VSN;
3VIB750X710B;VSN;
3VIB750X900P;VSN;
3VIB752X1030P;VSN;
3VIB752X832P;VSN;
3VIB752X935P;VSN;
3VIB754X1090P;VSN;
3VIB754X2022P;VSN;
3VIB755X1330F;VSN;
3VIB755X1350F;VSN;
3VIB755X1630P;VSN;
3VIB755X200F;VSN;
3VIB755X2150P;VSN;
3VIB755X240P;VSN;
3VIB755X250P;VSN;
3VIB755X497XB;VSN;
3VIB755X650P;VSN;
3VIB756X1400B;VSN;
3VIB756X1810P;VSN;
3VIB756X400P;VSN;
3VIB758X2320P;VSN;
3VIB758X911P;VSN;
3VIB760X1022B;VSN;
3VIB760X1210P;VSN;
3VIB760X1450P;VSN;
3VIB760X1530B;VSN;
3VIB760X1764B;VSN;
3VIB760X1980P;VSN;
3VIB760X2058P;VSN;
3VIB760X2120B;VSN;
3VIB760X255B;VSN;
3VIB760X635B;VSN;
3VIB760X860P;VSN;
3VIB760X998P;VSN;
3VIB761X1535P;VSN;
3VIB761X1550P;VSN;
3VIB761X281B;VSN;
3VIB761X604P;VSN;
3VIB762X1135P;VSN;
3VIB762X1950P;VSN;
3VIB762X412B;VSN;
3VIB763X480P;VSN;
3VIB764X1246P;VSN;
3VIB764X1350P;VSN;
3VIB764X645P;VSN;
3VIB765X1184P;VSN;
3VIB765X1450B;VSN;
3VIB765X1450P;VSN;
3VIB765X2000B;VSN;
3VIB765X565P;VSN;
3VIB766X1000F;VSN;
3VIB766X1135P;VSN;
3VIB766X1900P;VSN;
3VIB766X1950P;VSN;
3VIB767X988B;VSN;
3VIB768X1945P;VSN;
3VIB770X1000B;VSN;
3VIB770X1200P;VSN;
3VIB770X1280P;VSN;
3VIB770X1350B;VSN;
3VIB770X1688B;VSN;
3VIB770X1690P;VSN;
3VIB770X1840P;VSN;
3VIB770X1920P;VSN;
3VIB770X2060B;VSN;
3VIB770X480P;VSN;
3VIB770X550B;VSN;
3VIB772X1135P;VSN;
3VIB772X1535P;VSN;
3VIB772X1550P;VSN;
3VIB772X1938P;VSN;
3VIB772X1950P;VSN;
3VIB773X1067P;VSN;
3VIB773X600P;VSN;
3VIB774X260F;VSN;
3VIB775X260F;VSN;
3VIB775X327P;VSN;
3VIB775X600P;VSN;
3VIB778X990P;VSN;
3VIB779X2058P;VSN;
3VIB780X1000P;VSN;
3VIB780X1620P;VSN;
3VIB780X1640P;VSN;
3VIB780X1750P;VSN;
3VIB780X1785P;VSN;
3VIB780X1950P;VSN;
3VIB780X2110B;VSN;
3VIB780X2200P;VSN;
3VIB780X400P;VSN;
3VIB780X780B;VSN;
3VIB782X1214P;VSN;
3VIB782X614P;VSN;
3VIB783X1535P;VSN;
3VIB783X1550P;VSN;
3VIB785X1300P;VSN;
3VIB785X1400P;VSN;
3VIB785X1530P;VSN;
3VIB785X1535P;VSN;
3VIB785X1550P;VSN;
3VIB785X1750P;VSN;
3VIB785X1830P;VSN;
3VIB785X1880B;VSN;
3VIB785X200P;VSN;
3VIB785X208B;VSN;
3VIB785X2100P;VSN;
3VIB785X215P;VSN;
3VIB785X695P;VSN;
3VIB786X1000B;VSN;
3VIB786X1135P;VSN;
3VIB786X1950P;VSN;
3VIB788500BR;VSN;
3VIB788X1120P;VSN;
3VIB789X1064P;VSN;
3VIB78X2200B;VSN;
3VIB790X1454P;VSN;
3VIB790X1900B;VSN;
3VIB790X2085P;VSN;
3VIB790X2100P;VSN;
3VIB790X2200P;VSN;
3VIB790X2400P;VSN;
3VIB790X300P;VSN;
3VIB790X470P;VSN;
3VIB790X490P;VSN;
3VIB792X932P;VSN;
3VIB793X1100B;VSN;
3VIB793X1260B;VSN;
3VIB793X948B;VSN;
3VIB794X1320B;VSN;
3VIB794X600P;VSN;
3VIB794X900P;VSN;
3VIB795X1000P;VSN;
3VIB795X1150P;VSN;
3VIB795X1400P;VSN;
3VIB795X1707B;VSN;
3VIB795X2000B;VSN;
3VIB795X2010B;VSN;
3VIB795X530B;VSN;
3VIB796672BR;VSN;
3VIB796X1170P;VSN;
3VIB796X260F;VSN;
3VIB798X2155P;VSN;
3VIB798X225P;VSN;
3VIB798X300P;VSN;
3VIB798X950B;VSN;
3VIB799X250P;VSN;
3VIB800X1030P;VSN;
3VIB800X1100B;VSN;
3VIB800X1100F;VSN;
3VIB800X1100P;VSN;
3VIB800X1108B;VSN;
3VIB800X1120B;VSN;
3VIB800X1200B;VSN;
3VIB800X1200P;VSN;
3VIB800X1280B;VSN;
3VIB800X1300B;VSN;
3VIB800X1300P;VSN;
3VIB800X1330B;VSN;
3VIB800X1370B;VSN;
3VIB800X1400B;VSN;
3VIB800X1400P;VSN;
3VIB800X1443B;VSN;
3VIB800X1450P;VSN;
3VIB800X1500P;VSN;
3VIB800X1505P;VSN;
3VIB800X1590P;VSN;
3VIB800X1600B;VSN;
3VIB800X1600F;VSN;
3VIB800X1636B;VSN;
3VIB800X1650B;VSN;
3VIB800X1660B;VSN;
3VIB800X1730B;VSN;
3VIB800X1750B;VSN;
3VIB800X1800B;VSN;
3VIB800X1800P;VSN;
3VIB800X1800PA;VSN;
3VIB800X1810P;VSN;
3VIB800X1815P;VSN;
3VIB800X1870P;VSN;
3VIB800X1880P;VSN;
3VIB800X1897P;VSN;
3VIB800X1900P;VSN;
3VIB800X1912P;VSN;
3VIB800X1950P;VSN;
3VIB800X1960B;VSN;
3VIB800X2000P;VSN;
3VIB800X2060B;VSN;
3VIB800X2060P;VSN;
3VIB800X2068P;VSN;
3VIB800X2070P;VSN;
3VIB800X2080P;VSN;
3VIB800X2100P;VSN;
3VIB800X2130P;VSN;
3VIB800X2200P;VSN;
3VIB800X2360B;VSN;
3VIB800X2383P;VSN;
3VIB800X2400P;VSN;
3VIB800X250B;VSN;
3VIB800X250P;VSN;
3VIB800X300B;VSN;
3VIB800X300P;VSN;
3VIB800X330F;VSN;
3VIB800X340P;VSN;
3VIB800X350B;VSN;
3VIB800X365F;VSN;
3VIB800X390P;VSN;
3VIB800X400P;VSN;
3VIB800X410B;VSN;
3VIB800X420B;VSN;
3VIB800X432B;VSN;
3VIB800X500B;VSN;
3VIB800X500P;VSN;
3VIB800X550P;VSN;
3VIB800X600P;VSN;
3VIB800X620P;VSN;
3VIB800X627P;VSN;
3VIB800X661B;VSN;
3VIB800X700B;VSN;
3VIB800X740B;VSN;
3VIB800X743P;VSN;
3VIB800X750B;VSN;
3VIB800X800B;VSN;
3VIB800X800P;VSN;
3VIB800X820P;VSN;
3VIB800X890P;VSN;
3VIB800X950P;VSN;
3VIB800X960B;VSN;
3VIB800X960P;VSN;
3VIB802X1108P;VSN;
3VIB802X1210B;VSN;
3VIB802X1224P;VSN;
3VIB803X1138P;VSN;
3VIB803X1306P;VSN;
3VIB803X1985B;VSN;
3VIB804X1530B;VSN;
3VIB804X1535B;VSN;
3VIB805X1000P;VSN;
3VIB805X1230B;VSN;
3VIB805X1600B;VSN;
3VIB805X1680F;VSN;
3VIB805X2200B;VSN;
3VIB805X2200P;VSN;
3VIB805X2210B;VSN;
3VIB805X2400F;VSN;
3VIB805X390P;VSN;
3VIB805X425B;VSN;
3VIB805X426B;VSN;
3VIB805X532B;VSN;
3VIB805X851B;VSN;
3VIB807X1975P;VSN;
3VIB810X1000P;VSN;
3VIB810X1188P;VSN;
3VIB810X1380B;VSN;
3VIB810X1720P;VSN;
3VIB810X2060B;VSN;
3VIB810X420B;VSN;
3VIB811X2161P;VSN;
3VIB811X2700P;VSN;
3VIB812X600P;VSN;
3VIB812X700P;VSN;
3VIB812X890P;VSN;
3VIB812X902B;VSN;
3VIB813X1200B;VSN;
3VIB814X1250B;VSN;
3VIB814X1536B;VSN;
3VIB814X280B;VSN;
3VIB814X523P;VSN;
3VIB814X690B;VSN;
3VIB815X1240F;VSN;
3VIB815X2306B;VSN;
3VIB816X1237P;VSN;
3VIB816X1385P;VSN;
3VIB816X1900P;VSN;
3VIB816X582P;VSN;
3VIB816X600P;VSN;
3VIB817X1276B;VSN;
3VIB818X1200B;VSN;
3VIB818X255B;VSN;
3VIB818X260B;VSN;
3VIB820X120P;VSN;
3VIB820X1230P;VSN;
3VIB820X1380B;VSN;
3VIB820X1395P;VSN;
3VIB820X1565P;VSN;
3VIB820X1732P;VSN;
3VIB820X193P;VSN;
3VIB820X200P;VSN;
3VIB820X2100B;VSN;
3VIB820X2410P;VSN;
3VIB820X280F;VSN;
3VIB820X300F;VSN;
3VIB820X300P;VSN;
3VIB820X443P;VSN;
3VIB820X480P;VSN;
3VIB820X500P;VSN;
3VIB820X796P;VSN;
3VIB821X470B;VSN;
3VIB821X650B;VSN;
3VIB821X750B;VSN;
3VIB825X2200P;VSN;
3VIB826X1200P;VSN;
3VIB826X2200P;VSN;
3VIB826X588P;VSN;
3VIB828X2528B;VSN;
3VIB828X628P;VSN;
3VIB829X1645P;VSN;
3VIB830X1045B;VSN;
3VIB830X1193P;VSN;
3VIB830X1460P;VSN;
3VIB830X1941P;VSN;
3VIB830X1960P;VSN;
3VIB830X2200B;VSN;
3VIB830X2355B;VSN;
3VIB830X260B;VSN;
3VIB830X290B;VSN;
3VIB830X290P;VSN;
3VIB830X800P;VSN;
3VIB830X900P;VSN;
3VIB832X2110P;VSN;
3VIB833X400B;VSN;
3VIB834X900P;VSN;
3VIB835X1150P;VSN;
3VIB835X215P;VSN;
3VIB835X220P;VSN;
3VIB835X350B;VSN;
3VIB835X579B;VSN;
3VIB836X1192P;VSN;
3VIB837X1615B;VSN;
3VIB837X210B;VSN;
3VIB838X1760P;VSN;
3VIB839X2099B;VSN;
3VIB839X420B;VSN;
3VIB840X1240B;VSN;
3VIB840X1300B;VSN;
3VIB840X1400P;VSN;
3VIB840X1565F;VSN;
3VIB840X1760P;VSN;
3VIB840X1780B;VSN;
3VIB840X1870P;VSN;
3VIB840X2052P;VSN;
3VIB840X2090P;VSN;
3VIB840X2200B;VSN;
3VIB840X390B;VSN;
3VIB840X420P;VSN;
3VIB840X568B;VSN;
3VIB840X800P;VSN;
3VIB840X810P;VSN;
3VIB840X840P;VSN;
3VIB840X860P;VSN;
3VIB840X900P;VSN;
3VIB840X920B;VSN;
3VIB842X2200B;VSN;
3VIB843X1002P;VSN;
3VIB844X2290P;VSN;
3VIB845X1200B;VSN;
3VIB845X1450B;VSN;
3VIB845X1915P;VSN;
3VIB845X2320B;VSN;
3VIB845X409P;VSN;
3VIB845X480P;VSN;
3VIB845X953P;VSN;
3VIB846X1860P;VSN;
3VIB846X2065P;VSN;
3VIB846X400P;VSN;
3VIB850X1140P;VSN;
3VIB850X1180B;VSN;
3VIB850X1240P;VSN;
3VIB850X1378P;VSN;
3VIB850X1600B;VSN;
3VIB850X1650P;VSN;
3VIB850X2077P;VSN;
3VIB850X2110P;VSN;
3VIB850X2115F;VSN;
3VIB850X2400B;VSN;
3VIB850X300B;VSN;
3VIB850X380P;VSN;
3VIB850X450B;VSN;
3VIB850X450P;VSN;
3VIB850X460F;VSN;
3VIB850X475B;VSN;
3VIB850X500B;VSN;
3VIB850X570F;VSN;
3VIB850X730P;VSN;
3VIB850X890B;VSN;
3VIB852X2306B;VSN;
3VIB852X570F;VSN;
3VIB852X820P;VSN;
3VIB855X1340B;VSN;
3VIB855X1640P;VSN;
3VIB855X1950B;VSN;
3VIB855X2113B;VSN;
3VIB855X2200B;VSN;
3VIB855X407B;VSN;
3VIB856X1230P;VSN;
3VIB857X1200P;VSN;
3VIB857X1230P;VSN;
3VIB857X1350P;VSN;
3VIB858X300B;VSN;
3VIB858X395P;VSN;
3VIB858X670P;VSN;
3VIB860X1800P;VSN;
3VIB860X1950P;VSN;
3VIB860X2400B;VSN;
3VIB860X670B;VSN;
3VIB860X785P;VSN;
3VIB860X900P;VSN;
3VIB861X1250B;VSN;
3VIB861X200P;VSN;
3VIB861X550P;VSN;
3VIB861X800B;VSN;
3VIB861X970B;VSN;
3VIB862X2010P;VSN;
3VIB862X300P;VSN;
3VIB862X816P;VSN;
3VIB862X910P;VSN;
3VIB864X1193P;VSN;
3VIB864X800P;VSN;
3VIB865X1830P;VSN;
3VIB865X2000P;VSN;
3VIB865X2449B;VSN;
3VIB865X300PA;VSN;
3VIB866X1835P;VSN;
3VIB866X1850P;VSN;
3VIB866X200P;VSN;
3VIB867X1200P;VSN;
3VIB867X1930P;VSN;
3VIB867X2152P;VSN;
3VIB867X367B;VSN;
3VIB867X382B;VSN;
3VIB867X500P;VSN;
3VIB868X2070P;VSN;
3VIB868X2115P;VSN;
3VIB868X979P;VSN;
3VIB869X1280F;VSN;
3VIB869X369B;VSN;
3VIB869X384B;VSN;
3VIB870X1180P;VSN;
3VIB870X1200P;VSN;
3VIB870X2105P;VSN;
3VIB870X2450P;VSN;
3VIB871X1720B;VSN;
3VIB871X750B;VSN;
3VIB872X572F;VSN;
3VIB873X1300B;VSN;
3VIB873X920B;VSN;
3VIB874X1262P;VSN;
3VIB875X1795B;VSN;
3VIB875X1800P;VSN;
3VIB875X1990B;VSN;
3VIB875X2134P;VSN;
3VIB875X2174P;VSN;
3VIB875X950B;VSN;
3VIB878X1336B;VSN;
3VIB880X1070B;VSN;
3VIB880X1180B;VSN;
3VIB880X1240B;VSN;
3VIB880X1265P;VSN;
3VIB880X1335B;VSN;
3VIB880X1450P;VSN;
3VIB880X1728P;VSN;
3VIB880X2200P;VSN;
3VIB880X2295P;VSN;
3VIB880X2400P;VSN;
3VIB880X450B;VSN;
3VIB881X850F;VSN;
3VIB882X1135P;VSN;
3VIB882X1370B;VSN;
3VIB882X1950P;VSN;
3VIB883X1250B;VSN;
3VIB883X500B;VSN;
3VIB8852653B;VSN;
3VIB885X1500P;VSN;
3VIB886X1420P;VSN;
3VIB886X1500B;VSN;
3VIB887X1050P;VSN;
3VIB888X850F;VSN;
3VIB890X1100P;VSN;
3VIB890X1260B;VSN;
3VIB890X1875P;VSN;
3VIB890X1995P;VSN;
3VIB890X2040P;VSN;
3VIB890X2090P;VSN;
3VIB890X2200P;VSN;
3VIB890X2330B;VSN;
3VIB890X610P;VSN;
3VIB890X700P;VSN;
3VIB890X800P;VSN;
3VIB892X1000P;VSN;
3VIB892X1370B;VSN;
3VIB892X1564P;VSN;
3VIB894X290P;VSN;
3VIB894X736B;VSN;
3VIB895X1135P;VSN;
3VIB895X1820B;VSN;
3VIB895X2200P;VSN;
3VIB895X800P;VSN;
3VIB896X552B;VSN;
3VIB896X700B;VSN;
3VIB898X735P;VSN;
3VIB899X290P;VSN;
3VIB900X1000B;VSN;
3VIB900X1009P;VSN;
3VIB900X1050P;VSN;
3VIB900X1080P;VSN;
3VIB900X1100B;VSN;
3VIB900X1150B;VSN;
3VIB900X1175P;VSN;
3VIB900X1200P;VSN;
3VIB900X1220B;VSN;
3VIB900X1250P;VSN;
3VIB900X1280P;VSN;
3VIB900X1290B;VSN;
3VIB900X1300P;VSN;
3VIB900X1340P;VSN;
3VIB900X1350P;VSN;
3VIB900X1400P;VSN;
3VIB900X1414P;VSN;
3VIB900X1500P;VSN;
3VIB900X1510P;VSN;
3VIB900X1535P;VSN;
3VIB900X1550P;VSN;
3VIB900X1578B;VSN;
3VIB900X1633P;VSN;
3VIB900X1655B;VSN;
3VIB900X1675B;VSN;
3VIB900X1843B;VSN;
3VIB900X1850PF;VSN;
3VIB900X1900B;VSN;
3VIB900X1900P;VSN;
3VIB900X1940P;VSN;
3VIB900X2000P;VSN;
3VIB900X200B;VSN;
3VIB900X2050P;VSN;
3VIB900X2080B;VSN;
3VIB900X2080P;VSN;
3VIB900X2100B;VSN;
3VIB900X2100P;VSN;
3VIB900X2105P;VSN;
3VIB900X2117P;VSN;
3VIB900X2200B;VSN;
3VIB900X2200P;VSN;
3VIB900X2300P;VSN;
3VIB900X2350B;VSN;
3VIB900X2600P;VSN;
3VIB900X270P;VSN;
3VIB900X271P;VSN;
3VIB900X290P;VSN;
3VIB900X300B;VSN;
3VIB900X330P;VSN;
3VIB900X340B;VSN;
3VIB900X360P;VSN;
3VIB900X375B;VSN;
3VIB900X400B;VSN;
3VIB900X400P;VSN;
3VIB900X450F;VSN;
3VIB900X458P;VSN;
3VIB900X500B;VSN;
3VIB900X530B;VSN;
3VIB900X530P;VSN;
3VIB900X540B;VSN;
3VIB900X550P;VSN;
3VIB900X570B;VSN;
3VIB900X570P;VSN;
3VIB900X617B;VSN;
3VIB900X680P;VSN;
3VIB900X699B;VSN;
3VIB900X728B;VSN;
3VIB900X768B;VSN;
3VIB900X790P;VSN;
3VIB900X800B;VSN;
3VIB900X804P;VSN;
3VIB900X840B;VSN;
3VIB900X841B;VSN;
3VIB900X850B;VSN;
3VIB900X860B;VSN;
3VIB900X868B;VSN;
3VIB900X900B;VSN;
3VIB900X900P;VSN;
3VIB900X950P;VSN;
3VIB900X990P;VSN;
3VIB900X995P;VSN;
3VIB901X1480B;VSN;
3VIB903X2440P;VSN;
3VIB904X472B;VSN;
3VIB905X525P;VSN;
3VIB906X330F;VSN;
3VIB906X600P;VSN;
3VIB908X1148P;VSN;
3VIB910X1070PA;VSN;
3VIB910X1100P;VSN;
3VIB910X1270P;VSN;
3VIB910X1285B;VSN;
3VIB910X1997P;VSN;
3VIB910X2270B;VSN;
3VIB910X310P;VSN;
3VIB910X820B;VSN;
3VIB910X840B;VSN;
3VIB911X478P;VSN;
3VIB911X758P;VSN;
3VIB912X1508P;VSN;
3VIB912X470P;VSN;
3VIB913X472B;VSN;
3VIB913X803P;VSN;
3VIB914X2046B;VSN;
3VIB915X2180B;VSN;
3VIB915X600P;VSN;
3VIB915X755P;VSN;
3VIB915X860B;VSN;
3VIB916X330F;VSN;
3VIB916X450B;VSN;
3VIB917X2040B;VSN;
3VIB918X1174F;VSN;
3VIB919X1085S;VSN;
3VIB919X823P;VSN;
3VIB919X825P;VSN;
3VIB920X1162B;VSN;
3VIB920X1170B;VSN;
3VIB920X1425B;VSN;
3VIB920X1705B;VSN;
3VIB920X1980P;VSN;
3VIB920X2070P;VSN;
3VIB920X2200P;VSN;
3VIB920X230P;VSN;
3VIB920X628P;VSN;
3VIB920X755P;VSN;
3VIB921X282B;VSN;
3VIB922X1221P;VSN;
3VIB923X2077P;VSN;
3VIB925X1046P;VSN;
3VIB925X1047P;VSN;
3VIB925X1845B;VSN;
3VIB926X2000P;VSN;
3VIB927X310B;VSN;
3VIB930X1200P;VSN;
3VIB930X1430P;VSN;
3VIB930X1456P;VSN;
3VIB930X1500P;VSN;
3VIB930X1700B;VSN;
3VIB930X2200P;VSN;
3VIB930X545P;VSN;
3VIB930X800B;VSN;
3VIB933X1050P;VSN;
3VIB933X1894P;VSN;
3VIB935X600P;VSN;
3VIB936X1301B;VSN;
3VIB936X2190P;VSN;
3VIB936X297P;VSN;
3VIB937X1050P;VSN;
3VIB937X425P;VSN;
3VIB938X1250B;VSN;
3VIB938X2110B;VSN;
3VIB938X780B;VSN;
3VIB939X1044P;VSN;
3VIB939X2000B;VSN;
3VIB939X220P;VSN;
3VIB939X400B;VSN;
3VIB940X1087P;VSN;
3VIB940X1550P;VSN;
3VIB940X1754P;VSN;
3VIB940X2114P;VSN;
3VIB940X2300P;VSN;
3VIB940X409P;VSN;
3VIB940X441B;VSN;
3VIB940X530P;VSN;
3VIB940X800B;VSN;
3VIB940X900P;VSN;
3VIB941X500P;VSN;
3VIB942X1980B;VSN;
3VIB945X1200P;VSN;
3VIB945X1740P;VSN;
3VIB945X1954P;VSN;
3VIB946X583F;VSN;
3VIB948X692P;VSN;
3VIB950X1030P;VSN;
3VIB950X1132P;VSN;
3VIB950X1150B;VSN;
3VIB950X1200B;VSN;
3VIB950X1200P;VSN;
3VIB950X1250P;VSN;
3VIB950X1300P;VSN;
3VIB950X1360P;VSN;
3VIB950X1500P;VSN;
3VIB950X1501B;VSN;
3VIB950X1552P;VSN;
3VIB950X1700P;VSN;
3VIB950X1730B;VSN;
3VIB950X1800P;VSN;
3VIB950X1850P;VSN;
3VIB950X2150P;VSN;
3VIB950X2190P;VSN;
3VIB950X2200P;VSN;
3VIB950X2390P;VSN;
3VIB950X250P;VSN;
3VIB950X270B;VSN;
3VIB950X360P;VSN;
3VIB950X400P;VSN;
3VIB950X430P;VSN;
3VIB950X474P;VSN;
3VIB950X570B;VSN;
3VIB950X587F;VSN;
3VIB950X600P;VSN;
3VIB950X700B;VSN;
3VIB950X900P;VSN;
3VIB950X978P;VSN;
3VIB954X1740P;VSN;
3VIB954X1746P;VSN;
3VIB954X365P;VSN;
3VIB954X584P;VSN;
3VIB955X1955P;VSN;
3VIB955X2295B;VSN;
3VIB955X420B;VSN;
3VIB955X700B;VSN;
3VIB957X1650P;VSN;
3VIB957X1970PA;VSN;
3VIB957X390P;VSN;
3VIB957X450P;VSN;
3VIB957X969B;VSN;
3VIB958X1845B;VSN;
3VIB958X255B;VSN;
3VIB960X1048B;VSN;
3VIB960X1200P;VSN;
3VIB960X1300P;VSN;
3VIB960X1360P;VSN;
3VIB960X1500P;VSN;
3VIB960X1531P;VSN;
3VIB960X2200B;VSN;
3VIB960X480P;VSN;
3VIB960X600B;VSN;
3VIB960X825B;VSN;
3VIB962X1410B;VSN;
3VIB962X692B;VSN;
3VIB963X1163PB;VSN;
3VIB965X1572P;VSN;
3VIB966X1585P;VSN;
3VIB966X2300P;VSN;
3VIB966X800B;VSN;
3VIB967X1462P;VSN;
3VIB969X1058B;VSN;
3VIB970X1080P;VSN;
3VIB970X1950P;VSN;
3VIB970X2000P;VSN;
3VIB970X2024P;VSN;
3VIB970X250P;VSN;
3VIB970X391P;VSN;
3VIB970X481P;VSN;
3VIB970X550P;VSN;
3VIB970X576P;VSN;
3VIB971X2152B;VSN;
3VIB972X1000B;VSN;
3VIB972X1040P;VSN;
3VIB972X2200P;VSN;
3VIB972X316P;VSN;
3VIB973X510B;VSN;
3VIB974X1350B;VSN;
3VIB974X753P;VSN;
3VIB975X1080P;VSN;
3VIB975X1501B;VSN;
3VIB975X2040P;VSN;
3VIB975X2167B;VSN;
3VIB975X270B;VSN;
3VIB975X300B;VSN;
3VIB975X602P;VSN;
3VIB976X2200P;VSN;
3VIB978X1845B;VSN;
3VIB978X255B;VSN;
3VIB978X498P;VSN;
3VIB978X548P;VSN;
3VIB9802643F;VSN;
3VIB980X1070P;VSN;
3VIB980X1200P;VSN;
3VIB980X1580B;VSN;
3VIB980X2200B;VSN;
3VIB980X2200P;VSN;
3VIB980X750B;VSN;
3VIB980X905P;VSN;
3VIB982X1000P;VSN;
3VIB982X1214P;VSN;
3VIB982X1240P;VSN;
3VIB983X1777P;VSN;
3VIB983X550P;VSN;
3VIB985X1150F;VSN;
3VIB985X1537P;VSN;
3VIB985X1888P;VSN;
3VIB985X650B;VSN;
3VIB986X1500P;VSN;
3VIB986X1537P;VSN;
3VIB987X1360B;VSN;
3VIB987X200B;VSN;
3VIB987X2200B;VSN;
3VIB987X350B;VSN;
3VIB987X480B;VSN;
3VIB990X1036P;VSN;
3VIB990X1200P;VSN;
3VIB990X1250P;VSN;
3VIB990X1290B;VSN;
3VIB990X1415P;VSN;
3VIB990X1572P;VSN;
3VIB990X1700P;VSN;
3VIB990X2093P;VSN;
3VIB990X325P;VSN;
3VIB990X482B;VSN;
3VIB990X503P;VSN;
3VIB990X660P;VSN;
3VIB990X900P;VSN;
3VIB993X2568F;VSN;
3VIB994X980P;VSN;
3VIB995X1210P;VSN;
3VIB995X900P;VSN;
3VIB997X1207P;VSN;
3VIB997X1685P;VSN;
3VIB997X872B;VSN;
3VIB998X1426F;VSN;
3VIB998X1678P;VSN;
3VIB998X2418B;VSN;
3VIB998X573F;VSN;
3VIB998X872B;VSN;
3VIBES732X333P;VSN;
3VIBS1094X960P;VSN;
3VIBS1200X1100P;VSN;
3VIBS1235X1100P;VSN;
3VIBS1380X1100P;VSN;
3VIBS525X2200P;VSN;
3VIBS850X1100P;VSN;
3VID0ESP2479;VSN;
3VID0ESP59737;VSN;
 3TIPENGADIR;FNC;
300000001QMRV;RV;
300000002QMRV;RV;
300501001IURV;RV;
300756455RNRV;RV;
301010002CNRV;RV;
301020004MZRV;RV;
301020005MZRV;RV;
301100014EBRV;RV;
301100014NARV;RV;
301100016EBRV;RV;
301100016NARV;RV;
301100018EBRV;RV;
301100018NARV;RV;
30203051NCDRV;RV;
30203160MCDRV;RV;
30203235FCDRV;RV;
30230030FCDRV;RV;
30303020CCDRV;RV;
30309001BCDRV;RV;
30309011BCDRV;RV;
30315014CCDRV;RV;
30315024CCDRV;RV;
30319061ECDRV;RV;
303310100CDRV;RV;
30331010BCDRV;RV;
30331010WCDRV;RV;
30331030BCDRV;RV;
30337040BCDRV;RV;
30337100BCDRV;RV;
30343030BCDRV;RV;
303450101CDRV;RV;
304030002ESRV;RV;
304060004MZRV;RV;
304100006ESRV;RV;
304100006TSRV;RV;
304110007TSRV;RV;
304120007TSRV;RV;
304170010CNRV;RV;
304170010TSRV;RV;
304180010CERV;RV;
304180010CNRV;RV;
304180010ESRV;RV;
304180010TBRV;RV;
304180010TCRV;RV;
304180010TFRV;RV;
304180010TSRV;RV;
304190012CNRV;RV;
304190012ESRV;RV;
304190012TCRV;RV;
304203160CDRV;RV;
304203198CDRV;RV;
304250006CNRV;RV;
304320011CNRV;RV;
304330012CNRV;RV;
304330012TFRV;RV;
304350016MZRV;RV;
304380019CNRV;RV;
304412022ESRV;RV;
304420023CNRV;RV;
30443002401RV;RV;
304430024CNRV;RV;
304461032QKRV;RV;
304470065QKRV;RV;
304480019ESRV;RV;
304480019TFRV;RV;
304500035QKRV;RV;
305140020FJRV;RV;
305530085MNRV;RV;
305550088GARV;RV;
305680246GBRV;RV;
305769138GBRV;RV;
305780257FRRV;RV;
305930179GBRV;RV;
305930288GBRV;RV;
306138451JHRV;RV;
307010001CNRV;RV;
307012902JHRV;RV;
307040004QKRV;RV;
307040004TFRV;RV;
307080007CNRV;RV;
307080007TFRV;RV;
307110007TFRV;RV;
307115007TFRV;RV;
307116007CNRV;RV;
307116007ESRV;RV;
30731002401RV;RV;
307415034CNRV;RV;
307415034QKRV;RV;
307470043QKRV;RV;
307580023CNRV;RV;
308020002TFRV;RV;
308030003CNRV;RV;
308030003TFRV;RV;
308041003CNRV;RV;
308041003ESRV;RV;
308060003TFRV;RV;
308065003TFRV;RV;
308130010MZRV;RV;
308185012CNRV;RV;
308240020QKRV;RV;
308340008CNRV;RV;
310100100JHRV;RV;
310100302JHRV;RV;
310100303JHRV;RV;
3101003TLJHRV;RV;
310100400TCRV;RV;
3101005TLJHRV;RV;
3101006TLJHRV;RV;
3101007TLJHRV;RV;
3101008TLJHRV;RV;
3101009TLJHRV;RV;
3101010TLJHRV;RV;
3101011TLJHRV;RV;
3101012TLJHRV;RV;
3101013TLJHRV;RV;
3101014TLJHRV;RV;
3101015TLJHRV;RV;
3101016TLJHRV;RV;
3101023TLJHRV;RV;
3101024TLJHRV;RV;
3101025TLJHRV;RV;
310200700TFRV;RV;
31020070101RV;RV;
310200701TFRV;RV;
310300907JHRV;RV;
310300908JHRV;RV;
310300909JHRV;RV;
311070100ORV;RV;
311203305JHRV;RV;
311203306JHRV;RV;
311203307JHRV;RV;
311203308JHRV;RV;
311203309JHRV;RV;
311203310JHRV;RV;
311203311JHRV;RV;
311203312JHRV;RV;
311203313JHRV;RV;
313606900JHRV;RV;
315999904XXRV;RV;
31MVAMES0025RV;RV;
3203108126SORV;RV;
3203405170CNRV;RV;
321000600JHRV;RV;
321004702JHRV;RV;
321004703JHRV;RV;
321007600JHRV;RV;
321008001JHRV;RV;
321008500JHRV;RV;
321043000JHRV;RV;
323001300JHRV;RV;
323140000JHRV;RV;
3237064TFJHRV;RV;
323706501JHRV;RV;
323706504JHRV;RV;
323706505JHRV;RV;
323706506JHRV;RV;
323706507JHRV;RV;
323706508JHRV;RV;
330603601JHRV;RV;
333012100ORRV;RV;
336501100RIRV;RV;
336501273RIRV;RV;
336501413RIRV;RV;
336501544RIRV;RV;
336501545RIRV;RV;
336501546RIRV;RV;
336501547RIRV;RV;
336501548RIRV;RV;
336501549RIRV;RV;
336501599RIRV;RV;
336501600RIRV;RV;
336501650RIRV;RV;
336501651RIRV;RV;
336501652RIRV;RV;
336501653RIRV;RV;
336501654RIRV;RV;
336501656RIRV;RV;
336501842RIRV;RV;
336501843RIRV;RV;
336501889RIRV;RV;
336501991RIRV;RV;
336501993RIRV;RV;
336501994RIRV;RV;
336501995RIRV;RV;
336502010RIRV;RV;
336502012RIRV;RV;
336502015RIRV;RV;
336502016RIRV;RV;
336502017RIRV;RV;
336502018RIRV;RV;
336502023RIRV;RV;
336502024RIRV;RV;
336502026RIRV;RV;
336502027RIRV;RV;
336502036RIRV;RV;
336502038RIRV;RV;
336502041RIRV;RV;
336502042RIRV;RV;
336502043RIRV;RV;
336502044RIRV;RV;
336502052RIRV;RV;
336502053RIRV;RV;
336502054RIRV;RV;
336502055RIRV;RV;
336502062RIRV;RV;
336502067RIRV;RV;
336502068RIRV;RV;
336502070RIRV;RV;
336502117RIRV;RV;
336502141RIRV;RV;
336502227RIRV;RV;
336502281RIRV;RV;
336502282RIRV;RV;
33650228RIRV;RV;
336502293RIRV;RV;
336502294RIRV;RV;
336502295RIRV;RV;
336502418RIRV;RV;
336502419RIRV;RV;
336502420RIRV;RV;
336502421RIRV;RV;
336502423RIRV;RV;
336502426RIRV;RV;
336502439RIRV;RV;
336502440RIRV;RV;
336502495RIRV;RV;
336502498RIRV;RV;
336502499RIRV;RV;
336502501RIRV;RV;
336502502RIRV;RV;
336502506RIRV;RV;
336502507RIRV;RV;
336502508RIRV;RV;
336502514RIRV;RV;
336502515RIRV;RV;
336502516RIRV;RV;
336502517RIRV;RV;
336502522RIRV;RV;
336502528RIRV;RV;
336502529RIRV;RV;
336502583RIRV;RV;
336502585RIRV;RV;
336502586RIRV;RV;
336502587RIRV;RV;
336502596RIRV;RV;
336502600RIRV;RV;
336502603RIRV;RV;
336502604RIRV;RV;
336502605RIRV;RV;
336502606RIRV;RV;
336502607RIRV;RV;
336502608RIRV;RV;
336502634RIRV;RV;
336502635RIRV;RV;
336502686RIRV;RV;
336502687RIRV;RV;
336502688RIRV;RV;
336502689RIRV;RV;
336502690RIRV;RV;
336502691RIRV;RV;
336502694RIRV;RV;
336502695RIRV;RV;
336502696RIRV;RV;
336502697RIRV;RV;
336502699RIRV;RV;
336502700RIRV;RV;
336502701RIRV;RV;
336502702RIRV;RV;
336502722RIRV;RV;
336502786RIRV;RV;
336502838RIRV;RV;
336502839RIRV;RV;
336502840RIRV;RV;
336502974RIRV;RV;
336502977RIRV;RV;
336502978RIRV;RV;
336502979RIRV;RV;
336502980RIRV;RV;
336502981RIRV;RV;
336502995RIRV;RV;
336502996RIRV;RV;
336502997RIRV;RV;
336502998RIRV;RV;
336503000RIRV;RV;
336503023RIRV;RV;
336503036RIRV;RV;
336503037RIRV;RV;
336503038RIRV;RV;
336503129RIRV;RV;
336503224RIRV;RV;
336503228RIRV;RV;
336503229RIRV;RV;
336503230RIRV;RV;
336503231RIRV;RV;
336503232RIRV;RV;
336503234RIRV;RV;
336503235RIRV;RV;
336503236RIRV;RV;
336503237RIRV;RV;
336503238RIRV;RV;
336503239RIRV;RV;
336503248RIRV;RV;
336503249RIRV;RV;
336503253RIRV;RV;
336503254RIRV;RV;
336503255RIRV;RV;
336503256RIRV;RV;
336503257RIRV;RV;
336503258RIRV;RV;
336503264RIRV;RV;
336503271RIRV;RV;
336503272RIRV;RV;
336503330RIRV;RV;
336503469RIRV;RV;
336503470RIRV;RV;
336503471RIRV;RV;
336503495RIRV;RV;
336503496RIRV;RV;
336503497RIRV;RV;
336503499RIRV;RV;
336503505RIRV;RV;
336503506RIRV;RV;
336503507RIRV;RV;
336503508RIRV;RV;
336503509RIRV;RV;
336503512RIRV;RV;
336503513RIRV;RV;
336503514RIRV;RV;
336503516RIRV;RV;
336503518RIRV;RV;
336503519RIRV;RV;
336503520RIRV;RV;
336503537RIRV;RV;
336503538RIRV;RV;
336503539RIRV;RV;
336503540RIRV;RV;
336503541RIRV;RV;
336503642RIRV;RV;
336503643RIRV;RV;
336503647RIRV;RV;
336503648RIRV;RV;
336503649RIRV;RV;
336503650RIRV;RV;
336503653RIRV;RV;
336503663RIRV;RV;
336503664RIRV;RV;
336503667RIRV;RV;
336503674RIRV;RV;
336503677RIRV;RV;
336503681RIRV;RV;
336503682RIRV;RV;
336503686RIRV;RV;
336503714RIRV;RV;
336503715RIRV;RV;
336503716RIRV;RV;
336503717RIRV;RV;
336503718RIRV;RV;
336503754RIRV;RV;
336503758RIRV;RV;
336503760RIRV;RV;
336503770RIRV;RV;
336503779RIRV;RV;
336503780RIRV;RV;
336503787RIRV;RV;
336503788RIRV;RV;
336503789RIRV;RV;
336503791RIRV;RV;
336503792RIRV;RV;
336503793RIRV;RV;
336503794RIRV;RV;
336503795RIRV;RV;
336503796RIRV;RV;
336503797RIRV;RV;
336503798RIRV;RV;
336503799RIRV;RV;
336503800RIRV;RV;
336503841RIRV;RV;
336503842RIRV;RV;
336503937RIRV;RV;
336503939RIRV;RV;
336503940RIRV;RV;
336503941RIRV;RV;
336503942RIRV;RV;
336503947RIRV;RV;
336503948RIRV;RV;
336503949RIRV;RV;
336503950RIRV;RV;
336503951RIRV;RV;
336503955RIRV;RV;
336503956RIRV;RV;
336503957RIRV;RV;
336503958RIRV;RV;
336503959RIRV;RV;
336503960RIRV;RV;
336503961RIRV;RV;
336503962RIRV;RV;
336503963RIRV;RV;
336503967RIRV;RV;
336503968RIRV;RV;
336503990RIRV;RV;
336503991RIRV;RV;
336503992RIRV;RV;
336503993RIRV;RV;
336504000RIRV;RV;
336504001RIRV;RV;
336504002RIRV;RV;
336504024RIRV;RV;
336504025RIRV;RV;
336504027RIRV;RV;
336504028RIRV;RV;
336504029RIRV;RV;
336504031RIRV;RV;
336504032RIRV;RV;
336504033RIRV;RV;
336504034RIRV;RV;
336504035RIRV;RV;
336504036RIRV;RV;
336504037RIRV;RV;
336504047RIRV;RV;
336504048RIRV;RV;
336504050RIRV;RV;
336504054RIRV;RV;
336504055RIRV;RV;
336504067RIRV;RV;
336504330RIRV;RV;
336504355RIRV;RV;
336504358RIRV;RV;
336504359RIRV;RV;
336504391RIRV;RV;
336504404RIRV;RV;
336504405RIRV;RV;
336504406RIRV;RV;
336504428RIRV;RV;
336504429RIRV;RV;
336504434RIRV;RV;
336504435RIRV;RV;
336504436RIRV;RV;
336504437RIRV;RV;
336504438RIRV;RV;
336504439RIRV;RV;
336504440RIRV;RV;
336504480RIRV;RV;
336504498RIRV;RV;
336504499RIRV;RV;
336504500RIRV;RV;
336504507RIRV;RV;
336504508RIRV;RV;
336504509RIRV;RV;
336504510RIRV;RV;
336504511RIRV;RV;
336504512RIRV;RV;
336504514RIRV;RV;
336504516RIRV;RV;
336504517RIRV;RV;
336504519RIRV;RV;
336504565RIRV;RV;
336504566RIRV;RV;
336504567RIRV;RV;
336504569RIRV;RV;
336504571RIRV;RV;
336504584RIRV;RV;
336504585RIRV;RV;
336504586RIRV;RV;
336504642RIRV;RV;
336504643RIRV;RV;
336504644RIRV;RV;
336504646RIRV;RV;
336504647RIRV;RV;
336504648RIRV;RV;
336504649RIRV;RV;
336504666RIRV;RV;
336504667RIRV;RV;
336504668RIRV;RV;
336504669RIRV;RV;
336504670RIRV;RV;
336504672RIRV;RV;
336504673RIRV;RV;
336504674RIRV;RV;
336504675RIRV;RV;
336504676RIRV;RV;
336504677RIRV;RV;
336504678RIRV;RV;
336504700RIRV;RV;
336504710RIRV;RV;
336504711RIRV;RV;
336504712RIRV;RV;
336504713RIRV;RV;
336504751RIRV;RV;
336504752RIRV;RV;
336504753RIRV;RV;
336504754RIRV;RV;
336504755RIRV;RV;
336504756RIRV;RV;
336504757RIRV;RV;
336504758RIRV;RV;
336504759RIRV;RV;
336504761RIRV;RV;
336504762RIRV;RV;
336504763RIRV;RV;
336504764RIRV;RV;
336504765RIRV;RV;
336504766RIRV;RV;
336504784RIRV;RV;
336504787RIRV;RV;
336504789RIRV;RV;
336504793RIRV;RV;
336504803RIRV;RV;
336504804RIRV;RV;
336504805RIRV;RV;
336504806RIRV;RV;
336504807RIRV;RV;
336504808RIRV;RV;
336504809RIRV;RV;
336504810RIRV;RV;
336504811RIRV;RV;
336504821RIRV;RV;
336504822RIRV;RV;
336504823RIRV;RV;
336504824RIRV;RV;
336504825RIRV;RV;
336504829RIRV;RV;
336504831RIRV;RV;
336504832RIRV;RV;
336504843RIRV;RV;
336504844RIRV;RV;
336504851RIRV;RV;
336504852RIRV;RV;
336504853RIRV;RV;
336504854RIRV;RV;
336504948RIRV;RV;
336504949RIRV;RV;
33650494RIRV;RV;
336504950RIRV;RV;
336504956RIRV;RV;
336504957RIRV;RV;
336504958RIRV;RV;
33650495RIRV;RV;
336504961RIRV;RV;
336504965RIRV;RV;
336504968RIRV;RV;
336504969RIRV;RV;
336504970RIRV;RV;
336505043RIRV;RV;
336505044RIRV;RV;
336505048RIRV;RV;
336505049RIRV;RV;
336505058RIRV;RV;
336505059RIRV;RV;
336505060RIRV;RV;
336505062RIRV;RV;
336505063RIRV;RV;
336505064RIRV;RV;
336505065RIRV;RV;
336505066RIRV;RV;
336505067RIRV;RV;
336505069RIRV;RV;
336505070RIRV;RV;
336505071RIRV;RV;
336505073RIRV;RV;
336505080RIRV;RV;
336505081RIRV;RV;
336505090RIRV;RV;
336505091RIRV;RV;
336505092RIRV;RV;
336505093RIRV;RV;
336505094RIRV;RV;
336505095RIRV;RV;
336505096RIRV;RV;
336505097RIRV;RV;
336505098RIRV;RV;
336505099RIRV;RV;
336505100RIRV;RV;
336505101RIRV;RV;
336505102RIRV;RV;
336505103RIRV;RV;
336505104RIRV;RV;
336505105RIRV;RV;
336505132RIRV;RV;
336505133RIRV;RV;
336505134RIRV;RV;
336505135RIRV;RV;
336505136RIRV;RV;
336505137RIRV;RV;
336505145RIRV;RV;
336505149RIRV;RV;
336505150RIRV;RV;
336505151RIRV;RV;
336505152RIRV;RV;
336505153RIRV;RV;
336505154RIRV;RV;
336505155RIRV;RV;
336505156RIRV;RV;
336505157RIRV;RV;
336505158RIRV;RV;
336505159RIRV;RV;
336505160RIRV;RV;
336505161RIRV;RV;
336505162RIRV;RV;
336505163RIRV;RV;
336505164RIRV;RV;
336505165RIRV;RV;
336505220RIRV;RV;
336505283RIRV;RV;
336505284RIRV;RV;
336505286RIRV;RV;
336505287RIRV;RV;
336505289RIRV;RV;
336505340RIRV;RV;
336505341RIRV;RV;
336505342RIRV;RV;
336505343RIRV;RV;
336505355RIRV;RV;
336505356RIRV;RV;
336505378RIRV;RV;
336505383RIRV;RV;
336505384RIRV;RV;
336505385RIRV;RV;
336505390RIRV;RV;
336505434RIRV;RV;
336505476RIRV;RV;
336505477RIRV;RV;
336505478RIRV;RV;
336505479RIRV;RV;
336505480RIRV;RV;
336505482RIRV;RV;
336505497RIRV;RV;
336505498RIRV;RV;
336505499RIRV;RV;
336505500RIRV;RV;
336505501RIRV;RV;
336505502RIRV;RV;
336505503RIRV;RV;
336505504RIRV;RV;
336505505RIRV;RV;
336505506RIRV;RV;
336505507RIRV;RV;
336505508RIRV;RV;
336505509RIRV;RV;
336505510RIRV;RV;
336505511RIRV;RV;
336505512RIRV;RV;
336505513RIRV;RV;
336505514RIRV;RV;
336505515RIRV;RV;
336505516RIRV;RV;
336505517RIRV;RV;
336505518RIRV;RV;
336505519RIRV;RV;
336505520RIRV;RV;
336505521RIRV;RV;
336505522RIRV;RV;
336505523RIRV;RV;
336505524RIRV;RV;
336505525RIRV;RV;
336505526RIRV;RV;
336505527RIRV;RV;
336505528RIRV;RV;
336505529RIRV;RV;
336505530RIRV;RV;
336505532RIRV;RV;
336505533RIRV;RV;
336505534RIRV;RV;
336505537RIRV;RV;
336505538RIRV;RV;
336505540RIRV;RV;
336505541RIRV;RV;
336505542RIRV;RV;
336505551RIRV;RV;
336505552RIRV;RV;
336505553RIRV;RV;
336505554RIRV;RV;
336505555RIRV;RV;
336505556RIRV;RV;
336505557RIRV;RV;
336505558RIRV;RV;
336505560RIRV;RV;
336505561RIRV;RV;
336505562RIRV;RV;
336505563RIRV;RV;
336505564RIRV;RV;
336505565RIRV;RV;
336505566RIRV;RV;
336505567RIRV;RV;
336505568RIRV;RV;
336505569RIRV;RV;
336505570RIRV;RV;
336505571RIRV;RV;
336505572RIRV;RV;
336505573RIRV;RV;
336505574RIRV;RV;
336505575RIRV;RV;
336505576RIRV;RV;
336505577RIRV;RV;
336505578RIRV;RV;
336505579RIRV;RV;
336505580RIRV;RV;
336505581RIRV;RV;
336505582RIRV;RV;
336505583RIRV;RV;
336505584RIRV;RV;
336505585RIRV;RV;
336505586RIRV;RV;
336505587RIRV;RV;
336505588RIRV;RV;
336505589RIRV;RV;
336505590RIRV;RV;
336505591RIRV;RV;
336505592RIRV;RV;
336505593RIRV;RV;
336505594RIRV;RV;
336505597RIRV;RV;
336505599RIRV;RV;
336505600RIRV;RV;
336505601RIRV;RV;
336505602RIRV;RV;
336505603RIRV;RV;
336505604RIRV;RV;
336505605RIRV;RV;
336505606RIRV;RV;
336505712RIRV;RV;
336505718RIRV;RV;
336505797RIRV;RV;
336505798RIRV;RV;
336505799RIRV;RV;
336505800RIRV;RV;
336505865RIRV;RV;
336505868RIRV;RV;
336505930RIRV;RV;
336505932RIRV;RV;
336505933RIRV;RV;
336505989RIRV;RV;
336505990RIRV;RV;
336505991RIRV;RV;
336505992RIRV;RV;
336505995RIRV;RV;
336505996RIRV;RV;
336505997RIRV;RV;
336505998RIRV;RV;
336505999RIRV;RV;
336506000RIRV;RV;
336506001RIRV;RV;
336506009RIRV;RV;
336506010RIRV;RV;
336506012RIRV;RV;
336506013RIRV;RV;
336506014RIRV;RV;
336506015RIRV;RV;
336506095RIRV;RV;
336506099RIRV;RV;
336506100RIRV;RV;
336506129RIRV;RV;
336506130RIRV;RV;
336506131RIRV;RV;
336506154RIRV;RV;
33650618RIRV;RV;
336506197RIRV;RV;
336506198RIRV;RV;
336506199RIRV;RV;
33650619RIRV;RV;
33650620RIRV;RV;
33650621RIRV;RV;
336506264RIRV;RV;
336506265RIRV;RV;
336506316RIRV;RV;
336506317RIRV;RV;
336506318RIRV;RV;
336506319RIRV;RV;
336506320RIRV;RV;
336506321RIRV;RV;
336506322RIRV;RV;
336506323RIRV;RV;
336506325RIRV;RV;
336506326RIRV;RV;
336506327RIRV;RV;
33650632RIRV;RV;
33650634RIRV;RV;
33650646RIRV;RV;
33650647RIRV;RV;
33650648RIRV;RV;
33650649RIRV;RV;
336506549RIRV;RV;
336506550RIRV;RV;
336506558RIRV;RV;
336506565RIRV;RV;
336506566RIRV;RV;
336506567RIRV;RV;
336506568RIRV;RV;
336506569RIRV;RV;
336506570RIRV;RV;
336506571RIRV;RV;
336506572RIRV;RV;
336506573RIRV;RV;
336506574RIRV;RV;
336506575RIRV;RV;
336506577RIRV;RV;
336506578RIRV;RV;
336506579RIRV;RV;
336506580RIRV;RV;
336506581RIRV;RV;
336506583RIRV;RV;
336506584RIRV;RV;
336506585RIRV;RV;
336506586RIRV;RV;
336506587RIRV;RV;
336506588RIRV;RV;
336506589RIRV;RV;
336506591RIRV;RV;
336506592RIRV;RV;
336506593RIRV;RV;
336506594RIRV;RV;
336506595RIRV;RV;
336506598RIRV;RV;
336506599RIRV;RV;
33650659RIRV;RV;
336506600RIRV;RV;
336506601RIRV;RV;
336506602RIRV;RV;
336506603RIRV;RV;
33650660RIRV;RV;
336506624RIRV;RV;
336506625RIRV;RV;
336506626RIRV;RV;
336506627RIRV;RV;
336506628RIRV;RV;
336506629RIRV;RV;
336506640RIRV;RV;
336506643RIRV;RV;
336506646RIRV;RV;
336506648RIRV;RV;
336506649RIRV;RV;
336506651RIRV;RV;
336506652RIRV;RV;
336506653RIRV;RV;
336506655RIRV;RV;
336506659RIRV;RV;
336506660RIRV;RV;
336506661RIRV;RV;
336506662RIRV;RV;
336506663RIRV;RV;
336506664RIRV;RV;
336506665RIRV;RV;
336506666RIRV;RV;
336506667RIRV;RV;
336506668RIRV;RV;
336506669RIRV;RV;
336506671RIRV;RV;
336506675RIRV;RV;
336506676RIRV;RV;
336506677RIRV;RV;
336506678RIRV;RV;
336506679RIRV;RV;
336506680RIRV;RV;
336506681RIRV;RV;
336506682RIRV;RV;
336506684RIRV;RV;
336506685RIRV;RV;
336506686RIRV;RV;
336506687RIRV;RV;
336506688RIRV;RV;
336506689RIRV;RV;
336506690RIRV;RV;
336506691RIRV;RV;
336506693RIRV;RV;
336506694RIRV;RV;
336506695RIRV;RV;
336506696RIRV;RV;
336506697RIRV;RV;
336506698RIRV;RV;
336506699RIRV;RV;
336506701RIRV;RV;
336506702RIRV;RV;
336506711RIRV;RV;
336506712RIRV;RV;
336506713RIRV;RV;
336506714RIRV;RV;
336506715RIRV;RV;
336506716RIRV;RV;
336506717RIRV;RV;
336506718RIRV;RV;
336506720RIRV;RV;
336506727RIRV;RV;
336506728RIRV;RV;
336506729RIRV;RV;
336506730RIRV;RV;
336506731RIRV;RV;
336506732RIRV;RV;
336506733RIRV;RV;
336506734RIRV;RV;
336506735RIRV;RV;
336506738RIRV;RV;
336506739RIRV;RV;
336506740RIRV;RV;
336506741RIRV;RV;
336506770RIRV;RV;
336506771RIRV;RV;
336506773RIRV;RV;
336506774RIRV;RV;
336506775RIRV;RV;
336506785RIRV;RV;
336506786RIRV;RV;
336506791RIRV;RV;
336506792RIRV;RV;
336506793RIRV;RV;
336506794RIRV;RV;
336506795RIRV;RV;
336506796RIRV;RV;
336506891RIRV;RV;
336506944RIRV;RV;
336506945RIRV;RV;
336506947RIRV;RV;
336506948RIRV;RV;
336506952RIRV;RV;
336506953RIRV;RV;
336506954RIRV;RV;
336506967RIRV;RV;
336506970RIRV;RV;
336506972RIRV;RV;
336506995RIRV;RV;
336506998RIRV;RV;
336507330RIRV;RV;
336507331RIRV;RV;
336507378RIRV;RV;
336507585RIRV;RV;
336507638RIRV;RV;
336507865RIRV;RV;
336507868RIRV;RV;
336507871RIRV;RV;
33650888RIRV;RV;
33650889RIRV;RV;
360030150MXRV;RV;
360033401JHRV;RV;
360033801JHRV;RV;
360033803JHRV;RV;
360037200JHRV;RV;
360038400JHRV;RV;
360047101JHRV;RV;
361310100JHRV;RV;
361312301JHRV;RV;
361312700JHRV;RV;
361312902JHRV;RV;
361325001JHRV;RV;
361327401JHRV;RV;
361336301JHRV;RV;
36502838RIRV;RV;
370398001JHRV;RV;
370458001JHRV;RV;
370612001JHRV;RV;
3ADDIT002FKRV;RV;
3ADDIT006FKRV;RV;
3ADDIT008FKRV;RV;
3ADDIT009FKRV;RV;
3ADDIT010FKRV;RV;
3ADDIT011FKRV;RV;
3ADDIT012FKRV;RV;
3ADDIT013FKRV;RV;
3ADDIT014FKRV;RV;
3ADDIT015FKRV;RV;
3ADDIT016FKRV;RV;
3ADDIT017FKRV;RV;
3ADDIT018FKRV;RV;
3ADDIT019FKRV;RV;
3AGILE001FKRV;RV;
3AGILE002FKRV;RV;
3AGILE003FKRV;RV;
3ALLES002FKRV;RV;
3ALLES003FKRV;RV;
3APROM001RORV;RV;
3ASS0CRIS529;RV;
3BA000001QMRV;RV;
3BA000002QMRV;RV;
3BA000003QMRV;RV;
3BA000004QMRV;RV;
3BA000005QMRV;RV;
3BA000006QMRV;RV;
3BA000007QMRV;RV;
3BA000008QMRV;RV;
3BA000009QMRV;RV;
3BA000010QMRV;RV;
3BA000011QMRV;RV;
3BA000012QMRV;RV;
3BA000013QMRV;RV;
3BA000014QMRV;RV;
3BA000015QMRV;RV;
3BA000016QMRV;RV;
3BA000017QMRV;RV;
3BA000018QMRV;RV;
3BA000019QMRV;RV;
3BA000020QMRV;RV;
3BA000021QMRV;RV;
3BA000022QMRV;RV;
3BA000023QMRV;RV;
3BA000024QMRV;RV;
3BA000025QMRV;RV;
3BA000026QMRV;RV;
3BA000027QMRV;RV;
3BA000028QMRV;RV;
3BA000029QMRV;RV;
3BA000033QMRV;RV;
3BA000034QMRV;RV;
3BA000035QMRV;RV;
3BA000036QMRV;RV;
3BA000037QMRV;RV;
3BA000038QMRV;RV;
3BA000080MDRV;RV;
3BA000090MDRV;RV;
3BA000120QMRV;RV;
3BA000121QMRV;RV;
3BA000122QMRV;RV;
3BA000123QMRV;RV;
3BA000124QMRV;RV;
3BA000125QMRV;RV;
3BA000126QMRV;RV;
3BA000127QMRV;RV;
3BA000128QMRV;RV;
3BA000141QMRV;RV;
3BA000143QMRV;RV;
3BA000150QMRV;RV;
3BA000151QMRV;RV;
3BA000152QMRV;RV;
3BA000174QMRV;RV;
3BA000175QMRV;RV;
3BA000176QMRV;RV;
3BA000195QMRV;RV;
3BA000196QMRV;RV;
3BA000197QMRV;RV;
3BA000198QMRV;RV;
3BA000199QMRV;RV;
3BA000200QMRV;RV;
3BA000219QMRV;RV;
3BA000220QMRV;RV;
3BA000221QMRV;RV;
3BA000231QMRV;RV;
3BA000232QMRV;RV;
3BA000233QMRV;RV;
3BA000237QMRV;RV;
3BA000238QMRV;RV;
3BA000239QMRV;RV;
3BA6610PRORRV;RV;
3BAAMPVMARIRV;RV;
3BAAMPVPRRIRV;RV;
3BABA1801QMRV;RV;
3BABAINCNQMRV;RV;
3BABARICCRIRV;RV;
3BABCPUCARIRV;RV;
3BABCPUMARIRV;RV;
3BABE1601QMRV;RV;
3BABE16CAQMRV;RV;
3BABE16NTQMRV;RV;
3BABE18MDQMRV;RV;
3BABECR01BDRV;RV;
3BABEINSUQMRV;RV;
3BABEINTFQMRV;RV;
3BABEP201BDRV;RV;
3BABEPRPRBDRV;RV;
3BABHCOPRRIRV;RV;
3BABQA006DORV;RV;
3BABQM006DORV;RV;
3BABRPUCARIRV;RV;
3BABSPUCARIRV;RV;
3BACA15CNQMRV;RV;
3BACHEACEQMRV;RV;
3BACHEATFQMRV;RV;
3BACLPPNURIRV;RV;
3BACOFRTFQMRV;RV;
3BACOIMTFQMRV;RV;
3BACONCMARIRV;RV;
3BACONCPRRIRV;RV;
3BACONNBPFKRV;RV;
3BACONNRNFKRV;RV;
3BACOPFCNQMRV;RV;
3BADUET01ADRV;RV;
3BADUNA01ADRV;RV;
3BAFMMDBRRIRV;RV;
3BAGN15CAQMRV;RV;
3BAGN15EBQMRV;RV;
3BAGN18CAQMRV;RV;
3BAGRI58SRMRV;RV;
3BAGRIT8SRMRV;RV;
3BAIRMDPRORRV;RV;
3BAIRMDPRRIRV;RV;
3BAITABBRRIRV;RV;
3BAJULI05IMRV;RV;
3BALEPPBRRIRV;RV;
3BALINE01QMRV;RV;
3BALRMDBRRIRV;RV;
3BALRMDNURIRV;RV;
3BANCDIPRRIRV;RV;
3BANCESMARIRV;RV;
3BANCESPRRIRV;RV;
3BANCMDBERIRV;RV;
3BANCMDPRRIRV;RV;
3BANIESBRRIRV;RV;
3BAOR1140ORRV;RV;
3BARAAZ32BZRV;RV;
3BASON001JHRV;RV;
3BATAPUPVRIRV;RV;
3BAUBTCPRRIRV;RV;
3BAVENE01LRRV;RV;
3BAVENE02LRRV;RV;
3BAVIMDBRRIRV;RV;
3BAYOKO01ADRV;RV;
3BAYOKO02ADRV;RV;
3BIT00001FKRV;RV;
3CA000039QMRV;RV;
3CA000040QMRV;RV;
3CA000041QMRV;RV;
3CA000042QMRV;RV;
3CA000043QMRV;RV;
3CA000044QMRV;RV;
3CA000045QMRV;RV;
3CA000046QMRV;RV;
3CA000047QMRV;RV;
3CA000048QMRV;RV;
3CA000049QMRV;RV;
3CA000050QMRV;RV;
3CA000051QMRV;RV;
3CA000052QMRV;RV;
3CA000053QMRV;RV;
3CA000054QMRV;RV;
3CA000055QMRV;RV;
3CA000056QMRV;RV;
3CA000057QMRV;RV;
3CA000058QMRV;RV;
3CA000059QMRV;RV;
3CA000060QMRV;RV;
3CA000061QMRV;RV;
3CA000062QMRV;RV;
3CA000063QMRV;RV;
3CA000064QMRV;RV;
3CA000065QMRV;RV;
3CA000066QMRV;RV;
3CA000067QMRV;RV;
3CA000068QMRV;RV;
3CA000069QMRV;RV;
3CA000070QMRV;RV;
3CA000071QMRV;RV;
3CA000072QMRV;RV;
3CA000073QMRV;RV;
3CA000074QMRV;RV;
3CA000075QMRV;RV;
3CA000076QMRV;RV;
3CA000077QMRV;RV;
3CA000078QMRV;RV;
3CA000079QMRV;RV;
3CA000081QMRV;RV;
3CA000082QMRV;RV;
3CA000083QMRV;RV;
3CA000084QMRV;RV;
3CA000085QMRV;RV;
3CA000086QMRV;RV;
3CA000087QMRV;RV;
3CA000088QMRV;RV;
3CA000089QMRV;RV;
3CA000090QMRV;RV;
3CA000203MDRV;RV;
3CA000240MDRV;RV;
3CA000258MDRV;RV;
3CA000364MDRV;RV;
3CA000369MDRV;RV;
3CA000A61QMRV;RV;
3CA1152PRORRV;RV;
3CA3310AZORRV;RV;
3CA3315PRORRV;RV;
3CA38725ATIRV;RV;
3CA4405CAORRV;RV;
3CAACAPPRORRV;RV;
3CAAD01FNAPRV;RV;
3CAALPCINRIRV;RV;
3CAALPPLTRIRV;RV;
3CAALPPNURIRV;RV;
3CAALPPPRRIRV;RV;
3CAALPPVKRIRV;RV;
3CAAMMD01ADRV;RV;
3CAAMMD02ADRV;RV;
3CAAMMD03ADRV;RV;
3CAAMMD04ADRV;RV;
3CAAMMD05ADRV;RV;
3CAAMMD06ADRV;RV;
3CAAMPVCBRIRV;RV;
3CAAMPVCCIIRV;RV;
3CAAMPVCMAIRV;RV;
3CAAMPVCNRIRV;RV;
3CAAMPVCNUIRV;RV;
3CAAMPVCPRIRV;RV;
3CAARPPNURIRV;RV;
3CAARPPPRRIRV;RV;
3CAAVBAPRRIRV;RV;
3CAAVROPRRIRV;RV;
3CABENE01BORV;RV;
3CABEP7CABDRV;RV;
3CABEPRPRBDRV;RV;
3CABGACPRRIRV;RV;
3CABGRDPRRIRV;RV;
3CABIPUMARIRV;RV;
3CABOGIRBRCRV;RV;
3CABOGIRPRCML;RV;
3CABSCBMDADRV;RV;
3CABSMD02ADRV;RV;
3CABSMD03ADRV;RV;
3CABSMD04ADRV;RV;
3CABSMD05ADRV;RV;
3CABTCRCEQMRV;RV;
3CABTPUCARIRV;RV;
3CABTPUMARIRV;RV;
3CACAESNARIRV;RV;
3CACBRDMARIRV;RV;
3CACBRDPRRIRV;RV;
3CACEBMPRRIRV;RV;
3CACHPCGERIRV;RV;
3CACONNBPFKRV;RV;
3CACONNRCFKRV;RV;
3CACONNRPFKRV;RV;
3CACRESESRIRV;RV;
3CACRESNARIRV;RV;
3CACRTMPRRIRV;RV;
3CACSPPNURIRV;RV;
3CAD0INC399;RV;
3CAD0PANTONRV;RV;
3CADBRDPRRIRV;RV;
3CADEA117XXRV;RV;
3CADHERAPRXRV;RV;
3CADIANPRRIRV;RV;
3CADUET01ADRV;RV;
3CADUET02ADRV;RV;
3CADUET03ADRV;RV;
3CADUET04ADRV;RV;
3CADUET05ADRV;RV;
3CADUET06ADRV;RV;
3CADUET08ADRV;RV;
3CADUET09ADRV;RV;
3CADUET10ADRV;RV;
3CADUET11ADRV;RV;
3CADVALALBRRV;RV;
3CADWOLBXPRRV;RV;
3CAEDMDBERIRV;RV;
3CAEDMDMARIRV;RV;
3CAEIBONURIRV;RV;
3CAEIPBBAORRV;RV;
3CAEIPBBMRIRV;RV;
3CAEIPBNMRIRV;RV;
3CAEIPBPMRIRV;RV;
3CAEIPCBMRIRV;RV;
3CAEIPCIAORRV;RV;
3CAEIPCIARIRV;RV;
3CAEIPCIGORRV;RV;
3CAEIPCIMORRV;RV;
3CAEIPCIMRIRV;RV;
3CAEIPCINLIRV;RV;
3CAEIPCVARIRV;RV;
3CAEIPCVIRIRV;RV;
3CAEIPPAKORRV;RV;
3CAEIPPBARIRV;RV;
3CAEIPPBKRIRV;RV;
3CAEIPPBMRIRV;RV;
3CAEIPPBRORRV;RV;
3CAEIPPFMORRV;RV;
3CAEIPPNMORRV;RV;
3CAEIPPPARIRV;RV;
3CAEIPPPMORRV;RV;
3CAEIPPPMRIRV;RV;
3CAEIPPRKRIRV;RV;
3CAEIPPUMRIRV;RV;
3CAEIPPZKORRV;RV;
3CAEIPPZKRIRV;RV;
3CAELAMMDRIRV;RV;
3CAEVROPRRIRV;RV;
3CAGHCBPRLIRV;RV;
3CAGHSBINORRV;RV;
3CAGHSBINRIRV;RV;
3CAGHSBPRRIRV;RV;
3CAGRPA01ADRV;RV;
3CAGRPA02ADRV;RV;
3CAGRPPFEMIRV;RV;
3CAHEALGCRIRV;RV;
3CAHEALPRORRV;RV;
3CAHEALPRRIRV;RV;
3CAHECRGCRIRV;RV;
3CAIRVIACRIRV;RV;
3CAJASPPRLIRV;RV;
3CAJLPPBRRIRV;RV;
3CAJLPPPRRIRV;RV;
3CALAURMCRIRV;RV;
3CALBRDMARIRV;RV;
3CALBSEMARIRV;RV;
3CALBSEPRRIRV;RV;
3CALDBS02ADRV;RV;
3CALDBSMDADRV;RV;
3CALDPPCIRIRV;RV;
3CALGPPCIRIRV;RV;
3CALGPPPRRIRV;RV;
3CALLMDCCRIRV;RV;
3CALUCRBRRIRV;RV;
3CALUCRCIRIRV;RV;
3CALUCRPRRIRV;RV;
3CALUPPBRRIRV;RV;
3CALUPPCIRIRV;RV;
3CALUPPPRRIRV;RV;
3CALURDBRRIRV;RV;
3CALURDCIRIRV;RV;
3CAMABACARIRV;RV;
3CAMARAGRRIRV;RV;
3CAMETR01ADRV;RV;
3CAMETR02ADRV;RV;
3CAMETRO001RV;RV;
3CAMRPPCMRIRV;RV;
3CANIMDLBRIRV;RV;
3CANIMDLCRIRV;RV;
3CANIMDPRRIRV;RV;
3CAOR1106BPRV;RV;
3CAOR3301BPRV;RV;
3CAOR3304BPRV;RV;
3CAPACI01ADRV;RV;
3CAPALO02ADRV;RV;
3CAPALO03ADRV;RV;
3CAPALO04ADRV;RV;
3CAPALO05ADRV;RV;
3CAPALO07ADRV;RV;
3CAPANTBKRIRV;RV;
3CAPANTZKRIRV;RV;
3CAPGMXPCRIRV;RV;
3CAPGMXPVRIRV;RV;
3CAPGV2PARIRV;RV;
3CAPGV2PBRIRV;RV;
3CAPL0001INRV;RV;
3CAPLINTFGURV;RV;
3CAPLPT01GURV;RV;
3CAPLPTTFGURV;RV;
3CARACEPARIRV;RV;
3CARACEPCRIRV;RV;
3CARACEPVRIRV;RV;
3CARUTEPRRIRV;RV;
3CASACRPRRIRV;RV;
3CASAROCIRIRV;RV;
3CASAROPRRIRV;RV;
3CASASBBRORRV;RV;
3CASASBPRORRV;RV;
3CASASBRBLIRV;RV;
3CASASPRPLIRV;RV;
3CASEALAEORRV;RV;
3CASEALBRORRV;RV;
3CASEALBRRIRV;RV;
3CASEALCEORRV;RV;
3CASEALCIORRV;RV;
3CASEALFEORRV;RV;
3CASEALMAORRV;RV;
3CASEALMARIRV;RV;
3CASEALTBRIRV;RV;
3CASEALTCRIRV;RV;
3CASEALTDRIRV;RV;
3CASEALTNENRV;RV;
3CASEALTNORRV;RV;
3CASEALTPRIRV;RV;
3CASEBXAEORRV;RV;
3CASEBXBPORRV;RV;
3CASEBXBRORRV;RV;
3CASEBXBRRIRV;RV;
3CASEBXCEORRV;RV;
3CASEBXCIORRV;RV;
3CASEBXFEORRV;RV;
3CASEBXMAORRV;RV;
3CASEBXMARIRV;RV;
3CASEBXPRORRV;RV;
3CASEBXPRRIRV;RV;
3CASEBXTBRIRV;RV;
3CASEBXTCRIRV;RV;
3CASEBXTDRIRV;RV;
3CASEFIBRRIRV;RV;
3CASEFICIORRV;RV;
3CASEFIMAORRV;RV;
3CASEFIMARIRV;RV;
3CASEFIPRRIRV;RV;
3CASEFITPORRV;RV;
3CASEFITPRIRV;RV;
3CATACVBCRIRV;RV;
3CATALITMARIRV;RV;
3CATAMVBNRIRV;RV;
3CATANIMCRIRV;RV;
3CATAPVBCRIRV;RV;
3CATIANPRRIRV;RV;
3CAVAALBRRIRV;RV;
3CAVAALPRORRV;RV;
3CAVAALPRRIRV;RV;
3CAVABXPRRIRV;RV;
3CAVAESNARIRV;RV;
3CB902401ARRV;RV;
3CBL8040CSMRV;RV;
3CMPATE01CLRV;RV;
3CO194101ATRV;RV;
3COBB1901ATRV;RV;
3COCL0001CLRV;RV;
3COU0COU148;CSD;
3COU0COU149;CSD;
3COUBCOU331;CSD;
3COUBCOU354;CSD;
3COURASP042;CSD;
3ESITAPCCRIRV;RV;
3ESST01PRVTRV;RV;
3ESST03PRVTRV;RV;
3GIS00004APRV;RV;
3GOAH0001FKRV;RV;
3GOAH0002FKRV;RV;
3HEXA0001FKRV;RV;
3INS0014377RV;RV;
3INS0031122RV;RV;
3INSU002268RV;RV;
3INSU003265RV;RV;
3INSU004449RV;RV;
3INSU004614RV;RV;
3INSU004667RV;RV;
3INSU006540RV;RV;
3INSU006634RV;RV;
3INSU007316RV;RV;
3INSU007863RV;RV;
3INSU007937RV;RV;
3INSU008295RV;RV;
3INSU008571RV;RV;
3INSU008842RV;RV;
3INSU009020RV;RV;
3INSU009068RV;RV;
3INSU010624RV;RV;
3INSU010671RV;RV;
3INSU011265RV;RV;
3INSU011594RV;RV;
3INSU011748RV;RV;
3INSU011762RV;RV;
3INSU011853RV;RV;
3INSU013131RV;RV;
3INSU013245RV;RV;
3INSU013256RV;RV;
3INSU013704RV;RV;
3INSU013940RV;RV;
3INSU014034RV;RV;
3INSU014349RV;RV;
3INSU014377RV;RV;
3INSU014612RV;RV;
3INSU014767RV;RV;
3INSU014987RV;RV;
3INSU015283RV;RV;
3INSU015396RV;RV;
3INSU015778RV;RV;
3INSU015975RV;RV;
3INSU015993RV;RV;
3INSU016112RV;RV;
3INSU016123RV;RV;
3INSU016266RV;RV;
3INSU016273RV;RV;
3INSU016606RV;RV;
3INSU017142RV;RV;
3INSU017264RV;RV;
3INSU017368RV;RV;
3INSU017547RV;RV;
3INSU017841RV;RV;
3INSU017972RV;RV;
3INSU018197RV;RV;
3INSU018426RV;RV;
3INSU018624RV;RV;
3INSU018764RV;RV;
3INSU019132RV;RV;
3INSU019191RV;RV;
3INSU019213RV;RV;
3INSU019295RV;RV;
3INSU019404RV;RV;
3INSU019531RV;RV;
3INSU019559RV;RV;
3INSU019845RV;RV;
3INSU019891RV;RV;
3INSU019944RV;RV;
3INSU020240RV;RV;
3INSU020725RV;RV;
3INSU020882RV;RV;
3INSU020884RV;RV;
3INSU021046RV;RV;
3INSU021131RV;RV;
3INSU022013RV;RV;
3INSU022262RV;RV;
3INSU022903RV;RV;
3INSU023011RV;RV;
3INSU024068RV;RV;
3INSU024335RV;RV;
3INSU024914RV;RV;
3INSU025008RV;RV;
3INSU025236RV;RV;
3INSU025265RV;RV;
3INSU025865RV;RV;
3INSU026141RV;RV;
3INSU026450RV;RV;
3INSU026655RV;RV;
3INSU026674RV;RV;
3INSU026737RV;RV;
3INSU026928RV;RV;
3INSU027004RV;RV;
3INSU027205RV;RV;
3INSU027310RV;RV;
3INSU027367RV;RV;
3INSU027774RV;RV;
3INSU028094RV;RV;
3INSU028115RV;RV;
3INSU028136RV;RV;
3INSU028259RV;RV;
3INSU028664RV;RV;
3INSU028957RV;RV;
3INSU029033RV;RV;
3INSU030127RV;RV;
3INSU030785RV;RV;
3INSU030940RV;RV;
3INSU031162RV;RV;
3INSU031279RV;RV;
3INSU031961RV;RV;
3INSU032445RV;RV;
3INSU032459RV;RV;
3INSU032530RV;RV;
3INSU032549RV;RV;
3INSU032792RV;RV;
3INSU033053RV;RV;
3INSU033217RV;RV;
3INSU033287RV;RV;
3INSU033386RV;RV;
3INSU033545RV;RV;
3INSU034376RV;RV;
3INSU034706RV;RV;
3INSU035167RV;RV;
3INSU035387RV;RV;
3INSU036228RV;RV;
3INSU036819RV;RV;
3INSU036896RV;RV;
3INSU036899RV;RV;
3INSU036925RV;RV;
3INSU037301RV;RV;
3INSU037485RV;RV;
3INSU037538RV;RV;
3INSU037605RV;RV;
3INSU037640RV;RV;
3INSU037915RV;RV;
3INSU038080RV;RV;
3INSU038451RV;RV;
3INSU038723RV;RV;
3INSU039135RV;RV;
3INSU039141RV;RV;
3INSU039324RV;RV;
3INSU040460RV;RV;
3INSU040671RV;RV;
3INSU040700RV;RV;
3INSU040798RV;RV;
3INSU04089ARV;RV;
3INSU044346RV;RV;
3INSU044429RV;RV;
3INSU045080RV;RV;
3INSU045268RV;RV;
3INSU045384RV;RV;
3INSU045754RV;RV;
3INSU113704RV;RV;
3INSU173727RV;RV;
3INSU190474RV;RV;
3INSU190621RV;RV;
3INSU195137RV;RV;
3INSU915853RV;RV;
3INSUA25865RV;RV;
3INSUA26450RV;RV;
3INSUA32530RV;RV;
3INSUB25865RV;RV;
3INSUB26450RV;RV;
3INSUC25865RV;RV;
3INSUD25865RV;RV;
3INSUMO0001RV;RV;
3INSUMO0005RV;RV;
3INSUMO0007RV;RV;
3INSUMO0014RV;RV;
3INSUMO0019RV;RV;
3INSUMO0024RV;RV;
3INSUMO0043RV;RV;
3INSUMO0054RV;RV;
3INSUMO0060RV;RV;
3INSUMOEIBSRV;RV;
3ISO00002FKRV;RV;
3LEAF0001FKRV;RV;
3LEAF0002FKRV;RV;
3ME000001MDRV;RV;
3ME000001QMRV;RV;
3ME00001LTRV;RV;
3ME000108QMRV;RV;
3ME000109QMRV;RV;
3ME000110QMRV;RV;
3ME000111QMRV;RV;
3ME000112QMRV;RV;
3ME000113QMRV;RV;
3ME000496MDRV;RV;
3ME00049AMDRV;RV;
3ME000536MDRV;RV;
3ME2206BPORRV;RV;
3ME38952FTIRV;RV;
3ME39337CTIRV;RV;
3ME5045INRIRV;RV;
3ME7003LFTIRV;RV;
3MEALECPRRIRV;RV;
3MEAMPA01JHRV;RV;
3MEASTI05BORV;RV;
3MEASTI06BORV;RV;
3MEBOL001DORV;RV;
3MEBR000ES1RV;RV;
3MECA13NUBDRV;RV;
3MECACL01CLRV;RV;
3MECALD03LTRV;RV;
3MECALD04LTRV;RV;
3MECALD05LTRV;RV;
3MECALD06LTRV;RV;
3MECALD07LTRV;RV;
3MECALD08LTRV;RV;
3MECALD10LTRV;RV;
3MECALD11LTRV;RV;
3MECMJO1302RV;RV;
3MECMJO1303RV;RV;
3MECMJO1304RV;RV;
3MECMJO13MCRV;RV;
3MECMJO13MDRV;RV;
3MECMJO13MMRV;RV;
3MECMJO13MNRV;RV;
3MECMJO13MVRV;RV;
3MECMJO13TVRV;RV;
3MECMJO1602RV;RV;
3MECMJO1603RV;RV;
3MECMJO1604RV;RV;
3MECMJO1605RV;RV;
3MECMJO16MERV;RV;
3MECMJO16MPRV;RV;
3MECMJO16TGRV;RV;
3MECMJO16TVRV;RV;
3MECMJO1808RV;RV;
3MECMJO1809RV;RV;
3MECMJO1810RV;RV;
3MECMJO1811RV;RV;
3MECMJO1812RV;RV;
3MECMJO1813RV;RV;
3MECMJO1814RV;RV;
3MECMJO1815RV;RV;
3MECMJO1816RV;RV;
3MECMJO1817RV;RV;
3MECMJO18MDRV;RV;
3MECMJO18MERV;RV;
3MECMJO18MKRV;RV;
3MECMJO18MMRV;RV;
3MECMJO18TCRV;RV;
3MECMJO18TGRV;RV;
3MECMJO18TMRV;RV;
3MECMJO1901RV;RV;
3MECMJO1906RV;RV;
3MECMJO1907RV;RV;
3MECMJO1908RV;RV;
3MECMJO1909RV;RV;
3MECMJO19BSRV;RV;
3MECMJO19MDRV;RV;
3MECMJO19MERV;RV;
3MECMJO19MIRV;RV;
3MECMJO19MKRV;RV;
3MECMJO19MMRV;RV;
3MECMJO19MNRV;RV;
3MECMJO19MVRV;RV;
3MECMJO19TVRV;RV;
3MECMJO2001RV;RV;
3MECMJO2201RV;RV;
3MECMJO2301RV;RV;
3MECMJO2302RV;RV;
3MECMJO2305RV;RV;
3MECMJO2306RV;RV;
3MECMJO23BSRV;RV;
3MECMJO23MARV;RV;
3MECMJO23MBRV;RV;
3MECMJO23MCRV;RV;
3MECMJO23MDRV;RV;
3MECMJO23MIRV;RV;
3MECMJO23MNRV;RV;
3MECMJO24MARV;RV;
3MECMJO24MVRV;RV;
3MECMJO2601RV;RV;
3MECMJR07MKRV;RV;
3MECMJR08MDRV;RV;
3MECMJR0901RV;RV;
3MECMJR0902RV;RV;
3MECMJR0903RV;RV;
3MECMJR0904RV;RV;
3MECMJR0905RV;RV;
3MECMJR09BSRV;RV;
3MECMJR09MARV;RV;
3MECMJR09MDRV;RV;
3MECMJR09MGRV;RV;
3MECMJR09MIRV;RV;
3MECMJR09MKRV;RV;
3MECMJR09MMRV;RV;
3MECMJR09MNRV;RV;
3MECMJR09TNRV;RV;
3MECMJR1003RV;RV;
3MECMJR1004RV;RV;
3MECMJR10MMRV;RV;
3MECMJR1202RV;RV;
3MECMJR12BSRV;RV;
3MECMJR12MCRV;RV;
3MECMJR12MDRV;RV;
3MECMJR12MMRV;RV;
3MECMJR12TCRV;RV;
3MECMJR1401RV;RV;
3MECMJR14MKRV;RV;
3MECMJR14MVRV;RV;
3MECMLA0601RV;RV;
3MECMLA36MTRV;RV;
3MECMLA42MCRV;RV;
3MECMLA42MGRV;RV;
3MECMLA42TIRV;RV;
3MECMLA5101RV;RV;
3MECMLA51MIRV;RV;
3MECMLA51MMRV;RV;
3MECMLA5501RV;RV;
3MECMLA5503RV;RV;
3MECMLA55MCRV;RV;
3MECMLA55MGRV;RV;
3MECMLA55MMRV;RV;
3MECMLA55MPRV;RV;
3MECMLA6001RV;RV;
3MECMLA6002RV;RV;
3MECMLA70MMRV;RV;
3MECMLA70MVRV;RV;
3MECMLA7505RV;RV;
3MECMLA7507RV;RV;
3MECMLA75MIRV;RV;
3MECMLA75MMRV;RV;
3MECMLA75MRRV;RV;
3MECSCO1302RV;RV;
3MECSCO13MGRV;RV;
3MECSCO13MNRV;RV;
3MECSCO13MVRV;RV;
3MECSJM10MVRV;RV;
3MECSJO1201RV;RV;
3MECSJO13MIRV;RV;
3MECSJO13TVRV;RV;
3MECSJO1608RV;RV;
3MECSJO16BSRV;RV;
3MECSJO16MARV;RV;
3MECSJO16MCRV;RV;
3MECSJO16MDRV;RV;
3MECSJO16MGRV;RV;
3MECSJO16MIRV;RV;
3MECSJO16MNRV;RV;
3MECSJO16MRRV;RV;
3MECSJO16MVRV;RV;
3MECSJO16TCRV;RV;
3MECSJO16TVRV;RV;
3MECSJO1805RV;RV;
3MECSJO1806RV;RV;
3MECSJO18BSRV;RV;
3MECSJO18CTRV;RV;
3MECSJO18MARV;RV;
3MECSJO18MBRV;RV;
3MECSJO18MCRV;RV;
3MECSJO18MDRV;RV;
3MECSJO18MGRV;RV;
3MECSJO18MIRV;RV;
3MECSJO18MMRV;RV;
3MECSJO18MNRV;RV;
3MECSJO18MRRV;RV;
3MECSJO18MTRV;RV;
3MECSJO18MVRV;RV;
3MECSJO18TCRV;RV;
3MECSJO18TIRV;RV;
3MECSJO18TMRV;RV;
3MECSJO18TVRV;RV;
3MECSJO1906RV;RV;
3MECSJO19MARV;RV;
3MECSJO19MBRV;RV;
3MECSJO19MCRV;RV;
3MECSJO19MDRV;RV;
3MECSJO19MGRV;RV;
3MECSJO19MRRV;RV;
3MECSJO19MTRV;RV;
3MECSJO19MURV;RV;
3MECSJO19MVRV;RV;
3MECSJO19TARV;RV;
3MECSJO19TDRV;RV;
3MECSJO19TIRV;RV;
3MECSJO19TVRV;RV;
3MECSJO2001RV;RV;
3MECSJO20MGRV;RV;
3MECSJO20MVRV;RV;
3MECSJO21CTRV;RV;
3MECSJO21MCRV;RV;
3MECSJO21TCRV;RV;
3MECSJO2202RV;RV;
3MECSJO22TCRV;RV;
3MECSJO2305RV;RV;
3MECSJO2306RV;RV;
3MECSJO23BSRV;RV;
3MECSJO23MBRV;RV;
3MECSJO23MDRV;RV;
3MECSJO23MRRV;RV;
3MECSJO23TMRV;RV;
3MECSJO2403RV;RV;
3MECSJO2404RV;RV;
3MECSJO2405RV;RV;
3MECSJO24BSRV;RV;
3MECSJO24MCRV;RV;
3MECSJO24MDRV;RV;
3MECSJO24MIRV;RV;
3MECSJO24MNRV;RV;
3MECSJO24TARV;RV;
3MECSJO24TCRV;RV;
3MECSJO24TVRV;RV;
3MECSJR01MVRV;RV;
3MECSJR07MCRV;RV;
3MECSJR07MIRV;RV;
3MECSJR07MVRV;RV;
3MECSJR08MARV;RV;
3MECSJR08MGRV;RV;
3MECSJR08MMRV;RV;
3MECSJR0904RV;RV;
3MECSJR0905RV;RV;
3MECSJR0906RV;RV;
3MECSJR09BSRV;RV;
3MECSJR09MARV;RV;
3MECSJR09MDRV;RV;
3MECSJR09MNRV;RV;
3MECSJR09MVRV;RV;
3MECSJR09TVRV;RV;
3MECSJR1002RV;RV;
3MECSJR1004RV;RV;
3MECSJR1005RV;RV;
3MECSJR10BSRV;RV;
3MECSJR10MARV;RV;
3MECSJR10MDRV;RV;
3MECSJR10MGRV;RV;
3MECSJR10MNRV;RV;
3MECSJR10MVRV;RV;
3MECSJR10TVRV;RV;
3MECSJR1201RV;RV;
3MECSJR1202RV;RV;
3MECSJR12MGRV;RV;
3MECSJR12MIRV;RV;
3MECSJR12MNRV;RV;
3MECSJR12MVRV;RV;
3MECSJR1301RV;RV;
3MECSJR1302RV;RV;
3MECSJR13MARV;RV;
3MECSJR13MCRV;RV;
3MECSJR13MDRV;RV;
3MECSJR13MIRV;RV;
3MECSJR13MMRV;RV;
3MECSJR13MVRV;RV;
3MECSJR14BSRV;RV;
3MECSJR14MCRV;RV;
3MECSJR14MVRV;RV;
3MECSJR15MCRV;RV;
3MECSJR15MRRV;RV;
3MECSJR15MVRV;RV;
3MECSJR16BSRV;RV;
3MECSJR16MCRV;RV;
3MECSJR16MIRV;RV;
3MECSLA36MCRV;RV;
3MECSLA36MIRV;RV;
3MECSLA36MMRV;RV;
3MECSLA36MORV;RV;
3MECSLA42MIRV;RV;
3MECSLA42MMRV;RV;
3MECSLA42MNRV;RV;
3MECSLA42MVRV;RV;
3MECSLA5001RV;RV;
3MECSLA5103RV;RV;
3MECSLA5104RV;RV;
3MECSLA51BSRV;RV;
3MECSLA51MARV;RV;
3MECSLA51MCRV;RV;
3MECSLA51MDRV;RV;
3MECSLA51MGRV;RV;
3MECSLA51MIRV;RV;
3MECSLA51MRRV;RV;
3MECSLA51MVRV;RV;
3MECSLA51TMRV;RV;
3MECSLA51TVRV;RV;
3MECSLA55MDRV;RV;
3MECSLA55MMRV;RV;
3MECSLA55MVRV;RV;
3MECSLA7003RV;RV;
3MECSLA70MCRV;RV;
3MECSLA7508RV;RV;
3MECSLA75BSRV;RV;
3MECSLA75MCRV;RV;
3MECSLA75MDRV;RV;
3MECSLA75MIRV;RV;
3MECSLA75MMRV;RV;
3MECSLA75MNRV;RV;
3MECSLA75MVRV;RV;
3MECSLA8001RV;RV;
3MEDISC01DORV;RV;
3MEEIINFPBDRV;RV;
3MEEIMDBRRIRV;RV;
3MEEIMM12RIRV;RV;
3MEEIMP12RIRV;RV;
3MEINF001QMRV;RV;
3MEINF002QMRV;RV;
3MEJ49600TIRV;RV;
3MEJ49601TIRV;RV;
3MEMI0001LTRV;RV;
3MEOB1800MHRV;RV;
3MEPLBZJNGURV;RV;
3MEPLINJNGURV;RV;
3MEQD60IBORRV;RV;
3MEQD70IBORRV;RV;
3MERD60PRORRV;RV;
3MERD70IBORRV;RV;
3MERD80EVORRV;RV;
3MERD90EBFIRV;RV;
3MEROM01RORV;RV;
3MEROM02RORV;RV;
3MEROM03RORV;RV;
3MEROM04RORV;RV;
3MEROM05RORV;RV;
3MEROM06RORV;RV;
3MEROM07RORV;RV;
3MEROM08RORV;RV;
3MEROM09RORV;RV;
3MEROM10RORV;RV;
3MEROM11RORV;RV;
3MEROM12RORV;RV;
3MEROM13RORV;RV;
3MESL0002LTRV;RV;
3MESL0003LTRV;RV;
3MESL0004LTRV;RV;
3MESL0005LTRV;RV;
3MESMBI07PRRV;RV;
3MESMJO1505RV;RV;
3MESMJO15BRRV;RV;
3MESMJO1603RV;RV;
3MESMJO1604RV;RV;
3MESMJO1667RV;RV;
3MESMJO16BRRV;RV;
3MESMJO16PRRV;RV;
3MESMJO1704RV;RV;
3MESMJO1705RV;RV;
3MESMJO1706RV;RV;
3MESMJO1707RV;RV;
3MESMJO17BRRV;RV;
3MESMJO17PRRV;RV;
3MESMJO1804RV;RV;
3MESMJO1807RV;RV;
3MESMJO1808RV;RV;
3MESMJO1809RV;RV;
3MESMJO18BRRV;RV;
3MESMJO18LVRV;RV;
3MESMJO2010RV;RV;
3MESMJO2011RV;RV;
3MESMJO2012RV;RV;
3MESMJO20BGRV;RV;
3MESMJO20BRRV;RV;
3MESMJO20H5RV;RV;
3MESMJO20PRRV;RV;
3MESMJO2213RV;RV;
3MESMJO2214RV;RV;
3MESMJO22BRRV;RV;
3MESMJO2403RV;RV;
3MESMJO2404RV;RV;
3MESMJO24BRRV;RV;
3MESMJO24FDRV;RV;
3MESMJO24PRRV;RV;
3MESMJO2501RV;RV;
3MESMJO2502RV;RV;
3MESMJO2503RV;RV;
3MESMJO2504RV;RV;
3MESMJO25BRRV;RV;
3MESMJO2701RV;RV;
3MESMJR0701RV;RV;
3MESMJR0801RV;RV;
3MESMJR08BRRV;RV;
3MESMJR09BGRV;RV;
3MESMJR09BRRV;RV;
3MESMJR1008RV;RV;
3MESMJR1009RV;RV;
3MESMJR10BGRV;RV;
3MESMJR10BRRV;RV;
3MESMJR1203RV;RV;
3MESMJR1204RV;RV;
3MESMJR1205RV;RV;
3MESMJR13FDRV;RV;
3MESMJR15BRRV;RV;
3MESMLA7001RV;RV;
3MESMLT0501RV;RV;
3MESMRI0001RV;RV;
3MESMSA0001RV;RV;
3MESR00;RV;
3MESRAZ0000002;RV;
3MESRAZ0000024;RV;
3MESRAZ0000026;RV;
3MESRAZ0000028;RV;
3MESRAZ0000030;RV;
3MESRAZ0000036;RV;
3MESRAZ0000038;RV;
3MESRAZ0000040;RV;
3MESRAZ0000042;RV;
3MESRAZ0002853;RV;
3MESROV;RV;
3MFALME0017RV;RV;
3MJAV4060DORV;RV;
3MJM19400DORV;RV;
3MJQ34601DORV;RV;
3MVAL000467RV;RV;
3MVAL000853RV;RV;
3MVAL000971RV;RV;
3MVAL001049RV;RV;
3MVAL001050RV;RV;
3MVAL100190RV;RV;
3MVAL120702RV;RV;
3MVAL120703RV;RV;
3MVAL120704RV;RV;
3MVAL121903RV;RV;
3MVAL125001RV;RV;
3MVAL140001RV;RV;
3MVAL189400RV;RV;
3MVAL331003RV;RV;
3MVAL370001RV;RV;
3MVAL390003RV;RV;
3MVAL392000RV;RV;
3MVAL547000RV;RV;
3MVAL715002RV;RV;
3MVAL834001RV;RV;
3MVAL835001RV;RV;
3MVAL890001RV;RV;
3MVAL890002RV;RV;
3MVALBA0002RV;RV;
3MVALBA0003RV;RV;
3MVALBAGARCRV;RV;
3MVALBASTRORV;RV;
3MVALCA0001RV;RV;
3MVALCA0002RV;RV;
3MVALCA0003RV;RV;
3MVALCAANTARV;RV;
3MVALCAPAN3RV;RV;
3MVALCORICNRV;RV;
3MVALES0001RV;RV;
3MVALES0002RV;RV;
3MVALESANCCRV;RV;
3MVALESGVSCRV;RV;
3MVALESLIV1RV;RV;
3MVALESSIECRV;RV;
3MVALME0009RV;RV;
3MVALME0010RV;RV;
3MVALME0011RV;RV;
3MVALME0012RV;RV;
3MVALME0013RV;RV;
3MVALME0014RV;RV;
3MVALME0015RV;RV;
3MVALME0016RV;RV;
3MVALME0017RV;RV;
3MVALME0018RV;RV;
3MVALME0019RV;RV;
3MVALME0020RV;RV;
3MVALMEASTERV;RV;
3MVALMEBUZ9RV;RV;
3MVALMEIND1RV;RV;
3MVALOM0001RV;RV;
3MVALOM0002RV;RV;
3MVALOM0003RV;RV;
3MVALOML330RV;RV;
3MVALOMLQ3FRV;RV;
3MVALPO0004RV;RV;
3MVALPO0005RV;RV;
3MVALPO0006RV;RV;
3MVALPO0007RV;RV;
3MVALPO0008RV;RV;
3MVALPO0009RV;RV;
3MVALPO0010RV;RV;
3MVALPO0011RV;RV;
3MVALPO0012RV;RV;
3MVALPO0013RV;RV;
3MVALPO0014RV;RV;
3MVALPO0015RV;RV;
3MVALPO0016RV;RV;
3MVALPO0017RV;RV;
3MVALPOANTARV;RV;
3MVALPOASTERV;RV;
3MVALPOFI01RV;RV;
3MVALPOPABARV;RV;
3MVALPOPAN2RV;RV;
3MVALPOPAN3RV;RV;
3MVALPULU01RV;RV;
3MVALSO0003RV;RV;
3MVALSOPAN4RV;RV;
3MVAMBA0002RV;RV;
3MVAMBA0015RV;RV;
3MVAMBA0022RV;RV;
3MVAMBA0023RV;RV;
3MVAMBA0024RV;RV;
3MVAMBA0025RV;RV;
3MVAMBA006RV;RV;
3MVAMBA007RV;RV;
3MVAMBA008RV;RV;
3MVAMBA009RV;RV;
3MVAMBA010RV;RV;
3MVAMBA011RV;RV;
3MVAMBA012RV;RV;
3MVAMBA013RV;RV;
3MVAMBA014RV;RV;
3MVAMBA015RV;RV;
3MVAMBA016RV;RV;
3MVAMBA017RV;RV;
3MVAMBA018RV;RV;
3MVAMBA019RV;RV;
3MVAMBA020RV;RV;
3MVAMBA021RV;RV;
3MVAMBA022RV;RV;
3MVAMBA023RV;RV;
3MVAMBA024RV;RV;
3MVAMBA025RV;RV;
3MVAMBA026RV;RV;
3MVAMCA0010RV;RV;
3MVAMCA0011RV;RV;
3MVAMCA0012RV;RV;
3MVAMCA0014RV;RV;
3MVAMCA0015RV;RV;
3MVAMCA0016RV;RV;
3MVAMCA0017RV;RV;
3MVAMCA0018RV;RV;
3MVAMCA0019RV;RV;
3MVAMCA0023RV;RV;
3MVAMCA0024RV;RV;
3MVAMCA0025RV;RV;
3MVAMCA0026RV;RV;
3MVAMCA0027RV;RV;
3MVAMCA0028RV;RV;
3MVAMCA0029RV;RV;
3MVAMCA0030RV;RV;
3MVAMCA0031RV;RV;
3MVAMCA0032RV;RV;
3MVAMCA0033RV;RV;
3MVAMCA0034RV;RV;
3MVAMCA0035RV;RV;
3MVAMCA0036RV;RV;
3MVAMCA0037RV;RV;
3MVAMCA0038RV;RV;
3MVAMCA0039RV;RV;
3MVAMCA0040RV;RV;
3MVAMCA0041RV;RV;
3MVAMCA0042RV;RV;
3MVAMCA0043RV;RV;
3MVAMCA0044RV;RV;
3MVAMCA0045RV;RV;
3MVAMCA0046RV;RV;
3MVAMCA0047RV;RV;
3MVAMCA0048RV;RV;
3MVAMCA0049RV;RV;
3MVAMCA0050RV;RV;
3MVAMCA0052RV;RV;
3MVAMCA0053RV;RV;
3MVAMCA0054RV;RV;
3MVAMCA0055RV;RV;
3MVAMCA0056RV;RV;
3MVAMCA0065RV;RV;
3MVAMCA0068RV;RV;
3MVAMCA0069RV;RV;
3MVAMCA0070RV;RV;
3MVAMCA0071RV;RV;
3MVAMCA0072RV;RV;
3MVAMCA0073RV;RV;
3MVAMCA0074RV;RV;
3MVAMES0006RV;RV;
3MVAMES0007RV;RV;
3MVAMES0008RV;RV;
3MVAMES0009RV;RV;
3MVAMES0010RV;RV;
3MVAMES0011RV;RV;
3MVAMES0012RV;RV;
3MVAMES0013RV;RV;
3MVAMES0014RV;RV;
3MVAMES0015RV;RV;
3MVAMES0016RV;RV;
3MVAMES0017RV;RV;
3MVAMES0018RV;RV;
3MVAMES0019RV;RV;
3MVAMES0020RV;RV;
3MVAMES0021RV;RV;
3MVAMES0022RV;RV;
3MVAMES0023RV;RV;
3MVAMES0024RV;RV;
3MVAMES0025RV;RV;
3MVAMES0026RV;RV;
3MVAMES0027RV;RV;
3MVAMESBZTCRV;RV;
3MVAMESMA03RV;RV;
3MVAMME0010RV;RV;
3MVAMME0026RV;RV;
3MVAMME0027RV;RV;
3MVAMME0028RV;RV;
3MVAMME0029RV;RV;
3MVAMME0030RV;RV;
3MVAMME0031RV;RV;
3MVAMME0032RV;RV;
3MVAMME0033RV;RV;
3MVAMME0034RV;RV;
3MVAMME0035RV;RV;
3MVAMME0036RV;RV;
3MVAMME0037RV;RV;
3MVAMME0038RV;RV;
3MVAMME0039RV;RV;
3MVAMME0040RV;RV;
3MVAMME0041RV;RV;
3MVAMME0042RV;RV;
3MVAMME0043RV;RV;
3MVAMME0044RV;RV;
3MVAMME0045RV;RV;
3MVAMME0046RV;RV;
3MVAMME0047RV;RV;
3MVAMME0048RV;RV;
3MVAMME0049RV;RV;
3MVAMME0050RV;RV;
3MVAMME0051RV;RV;
3MVAMME0052RV;RV;
3MVAMME0053RV;RV;
3MVAMME0054RV;RV;
3MVAMME0055RV;RV;
3MVAMME0056RV;RV;
3MVAMME0057RV;RV;
3MVAMME0058RV;RV;
3MVAMME0059RV;RV;
3MVAMME0060RV;RV;
3MVAMME0061RV;RV;
3MVAMME0062RV;RV;
3MVAMME0063RV;RV;
3MVAMME0064RV;RV;
3MVAMME0065RV;RV;
3MVAMME0066RV;RV;
3MVAMME0067RV;RV;
3MVAMME0068RV;RV;
3MVAMME0069RV;RV;
3MVAMME0070RV;RV;
3MVAMME0071RV;RV;
3MVAMME0072RV;RV;
3MVAMME0073RV;RV;
3MVAMME0074RV;RV;
3MVAMME0075RV;RV;
3MVAMME0076RV;RV;
3MVAMME0077RV;RV;
3MVAMME0078RV;RV;
3MVAMME0079RV;RV;
3MVAMME0080RV;RV;
3MVAMME0081RV;RV;
3MVAMME0082RV;RV;
3MVAMME0085RV;RV;
3MVAMME0086RV;RV;
3MVAMME0087RV;RV;
3MVAMME0088RV;RV;
3MVAMME0089RV;RV;
3MVAMME0090RV;RV;
3MVAMME0091RV;RV;
3MVAMME0092RV;RV;
3MVAMME0093RV;RV;
3MVAMME0095RV;RV;
3MVAMME0096RV;RV;
3MVAMME0097RV;RV;
3MVAMME0098RV;RV;
3MVAMME0099RV;RV;
3MVAMME0101RV;RV;
3MVAMME0111RV;RV;
3MVAMME0112RV;RV;
3MVAMME0113RV;RV;
3MVAMME0117RV;RV;
3MVAMME0121RV;RV;
3MVAMME0127RV;RV;
3MVAMME0128RV;RV;
3MVAMME0129RV;RV;
3MVAMME0135RV;RV;
3MVAMME0136RV;RV;
3MVAMME0137RV;RV;
3MVAMME0138RV;RV;
3MVAMME0139RV;RV;
3MVAMME0140RV;RV;
3MVAMME0141RV;RV;
3MVAMME0142RV;RV;
3MVAMMEBE01RV;RV;
3MVAMMEIND0RV;RV;
3MVAMMEIND1RV;RV;
3MVAMPO0006RV;RV;
3MVAMPO0010RV;RV;
3MVAMPO0011RV;RV;
3MVAMPO0012RV;RV;
3MVAMPO0013RV;RV;
3MVAMPO0014RV;RV;
3MVAMPO0015RV;RV;
3MVAMPO0016RV;RV;
3MVAMPO0017RV;RV;
3MVAMPO0019RV;RV;
3MVAMPO0020RV;RV;
3MVAMPO0021RV;RV;
3MVAMPO0022RV;RV;
3MVAMPO0023RV;RV;
3MVAMPO0024RV;RV;
3MVAMPO0025RV;RV;
3MVAMPO0026RV;RV;
3MVAMPO0027RV;RV;
3MVAMPO0028RV;RV;
3MVAMPO0029RV;RV;
3MVAMPO0030RV;RV;
3MVAMPO0031RV;RV;
3MVAMPO0032RV;RV;
3MVAMPO0033RV;RV;
3MVAMPO0034RV;RV;
3MVAMPO0035RV;RV;
3MVAMPO0036RV;RV;
3MVAMPO0037RV;RV;
3MVAMPO0038RV;RV;
3MVAMPO0039RV;RV;
3MVAMPO0040RV;RV;
3MVAMPO0041RV;RV;
3MVAMPO0042RV;RV;
3MVAMPO0043RV;RV;
3MVAMPO0044RV;RV;
3MVAMPO0045RV;RV;
3MVAMPO0046RV;RV;
3MVAMPO0047RV;RV;
3MVAMPO0048RV;RV;
3MVAMPO0049RV;RV;
3MVAMPO0050RV;RV;
3MVAMPO0051RV;RV;
3MVAMPO0052RV;RV;
3MVAMPO0053RV;RV;
3MVAMPO0054RV;RV;
3MVAMPO0055RV;RV;
3MVAMPO0056RV;RV;
3MVAMPO0057RV;RV;
3MVAMPO0058RV;RV;
3MVAMPO0059RV;RV;
3MVAMPO0065RV;RV;
3MVAMPO0066RV;RV;
3MVAMPO0067RV;RV;
3MVAMPO0068RV;RV;
3MVAMPO0069RV;RV;
3MVAMPO0070RV;RV;
3MVAMPO0071RV;RV;
3MVAMPO0072RV;RV;
3MVAMPO0076RV;RV;
3MVAMPO0077RV;RV;
3MVAMPOBA06RV;RV;
3MVAMPOBA07RV;RV;
3MVAMPOBA08RV;RV;
3MVAMSO0003RV;RV;
3MVAMSO0004RV;RV;
3MVAMSO0005RV;RV;
3MVAMSO0006RV;RV;
3MVAMSO0007RV;RV;
3MVAMSO0008RV;RV;
3MVAMSO0009RV;RV;
3MVAMSO0010RV;RV;
3MVAMSO0011RV;RV;
3MVAMSO0012RV;RV;
3MVAMSO0013RV;RV;
3MVAMSO0014RV;RV;
3MVAMSO0015RV;RV;
3MVAMSO0016RV;RV;
3MVAMSO0017RV;RV;
3MVAMSO0020RV;RV;
3MVAMSO0021RV;RV;
3MVAMSO0024RV;RV;
3MVAMSO0025RV;RV;
3MVAMSO0026RV;RV;
3MVAMSO0027RV;RV;
3MVAOES0001RV;RV;
3MVAPPO0002RV;RV;
3MVBB000002RV;RV;
3MVBB000003RV;RV;
3MVBB000005RV;RV;
3MVBEBA0001RV;RV;
3MVBEBA0002RV;RV;
3MVBEBA0003RV;RV;
3MVBEBA0004RV;RV;
3MVBEBA0005RV;RV;
3MVBECA0001RV;RV;
3MVBEES0001RV;RV;
3MVBEES0002RV;RV;
3MVBEES0003RV;RV;
3MVBEES0004RV;RV;
3MVBEES0005RV;RV;
3MVBEME0001RV;RV;
3MVBEME0002RV;RV;
3MVBEME0003RV;RV;
3MVBEME0004RV;RV;
3MVBEME0005RV;RV;
3MVBEME0006RV;RV;
3MVBEME0007RV;RV;
3MVBEME0008RV;RV;
3MVBEME0009RV;RV;
3MVBEME0010RV;RV;
3MVBEME0011RV;RV;
3MVBEPO0001RV;RV;
3MVBEPO0002RV;RV;
3MVBEPO0003RV;RV;
3MVBEPO0004RV;RV;
3MVBESO0001RV;RV;
3MVGH150010RV;RV;
3MVGHCA0001RV;RV;
3MVGHCA0002RV;RV;
3MVGHCA0003RV;RV;
3MVGHL343001RV;RV;
3MVGHME0001RV;RV;
3MVGHME0002RV;RV;
3MVGHME0003RV;RV;
3MVGHME0004RV;RV;
3MVGHME0005RV;RV;
3MVGHME0006RV;RV;
3MVGHME0007RV;RV;
3MVGHME0008RV;RV;
3MVGHME0009RV;RV;
3MVGHME0010RV;RV;
3MVGHME0011RV;RV;
3MVGHOMAKZTRV;RV;
3MVGHOMNS40RV;RV;
3MVGHOMNSBSRV;RV;
3MVGHPO0001RV;RV;
3MVGHPO0002RV;RV;
3MVGHPO0003RV;RV;
3MVGHPO0004RV;RV;
3MVGHPO0005RV;RV;
3MVGHPO0006RV;RV;
3MVGHPO0007RV;RV;
3MVGHPO0008RV;RV;
3MVGHPO0009RV;RV;
3MVGHSO0002RV;RV;
3MVGROMRO01RV;RV;
3MVIG30BAPBRV;RV;
3MVIG35ALWORV;RV;
3MVIG35TPMBRV;RV;
3MVIGOMBPRERV;RV;
3MVMA070185RV;RV;
3MVMA070188RV;RV;
3MVMA070191RV;RV;
3MVMA220620RV;RV;
3MVMABA0001RV;RV;
3MVMABA0002RV;RV;
3MVMABA0003RV;RV;
3MVMABA0004RV;RV;
3MVMACA0001RV;RV;
3MVMAES0001RV;RV;
3MVMAES0002RV;RV;
3MVMAES0003RV;RV;
3MVMAME0001RV;RV;
3MVMAME0002RV;RV;
3MVMAME0003RV;RV;
3MVMAME0004RV;RV;
3MVMAME0005RV;RV;
3MVMAME0006RV;RV;
3MVMAME0007RV;RV;
3MVMAME0008RV;RV;
3MVMAME0009RV;RV;
3MVMAME0010RV;RV;
3MVMAME0011RV;RV;
3MVMAME0012RV;RV;
3MVMAME0013RV;RV;
3MVMAME0014RV;RV;
3MVMAME0015RV;RV;
3MVMAME0016RV;RV;
3MVMAME0017RV;RV;
3MVMAME0018RV;RV;
3MVMAPO0001RV;RV;
3MVMAPO0002RV;RV;
3MVMAPO0003RV;RV;
3MVMAPO0004RV;RV;
3MVMASO0001RV;RV;
3MVRIBAOMLTRV;RV;
3MVRIOMSAAMRV;RV;
3MVRIOMSABERV;RV;
3MVSMOMBA03RV;RV;
3MVWUBA0007RV;RV;
3MVWUBA0009RV;RV;
3MVWUBA0017RV;RV;
3MVWUBA0018RV;RV;
3MVWUBA0067RV;RV;
3MVWUBA0076RV;RV;
3MVWUBA0077RV;RV;
3MVWUBA0098RV;RV;
3MVWUBA0104RV;RV;
3MVWUBA0149RV;RV;
3MVWUBA0155RV;RV;
3MVWUOM0045RV;RV;
3MVWUOM0050RV;RV;
3MVWUOM0052RV;RV;
3MVWUOM0061RV;RV;
3MVWUOM0063RV;RV;
3MVWUOM0530RV;RV;
3MVWUOM0809RV;RV;
3MVWUOM0937RV;RV;
3MVWUOM0999RV;RV;
3MVWUOM1000RV;RV;
3MVWUOM1001RV;RV;
3MVWUOM1002RV;RV;
3MVWUOM100ARV;RV;
3MVWUOM1027RV;RV;
3MVWUOM1035RV;RV;
3MVWUOM1037RV;RV;
3MVWUOM1043RV;RV;
3MVWUOM1047RV;RV;
3MVWUOM1109RV;RV;
3MVWUOM1469RV;RV;
3MVWUOM1473RV;RV;
3MVWUPA0001RV;RV;
3MVWUPA0002RV;RV;
3MVWUPA0003RV;RV;
3MVWUPA0004RV;RV;
3MVWUPA0005RV;RV;
3MVWUPA0006RV;RV;
3MVWUPA0007RV;RV;
3MVWUPA0008RV;RV;
3MVWUPA0009RV;RV;
3MVWUPA0010RV;RV;
3MVWUPA0011RV;RV;
3MVWUPA0337RV;RV;
3MVWUPA0979RV;RV;
3MVWUPA1026RV;RV;
3MVWUPA1052RV;RV;
3MVWUPA2612RV;RV;
3MVWUPO0001RV;RV;
3MVWUPO0002RV;RV;
3MVWUPO0003RV;RV;
3MVWUPO0004RV;RV;
3MVWUPO0006RV;RV;
3MVWUPO0007RV;RV;
3NOA00001FKRV;RV;
3NSU013245RV;RV;
3NSU013940RV;RV;
3PIT00007APRV;RV;
3PIT00008APRV;RV;
3PIT00021APRV;RV;
3PIT00022APRV;RV;
3PIT00023APRV;RV;
3PIT00024APRV;RV;
3PIT00025APRV;RV;
3PIT00026APRV;RV;
3PIT00027APRV;RV;
3PIT00028APRV;RV;
3PIT00029APRV;RV;
3PIT00030APRV;RV;
3PIT00031APRV;RV;
3PIT00032APRV;RV;
3PIT00033APRV;RV;
3PIT00034APRV;RV;
3PO000030QMRV;RV;
3PO000031QMRV;RV;
3PO000091QMRV;RV;
3PO000092QMRV;RV;
3PO000093QMRV;RV;
3PO000094QMRV;RV;
3PO000095QMRV;RV;
3PO000096QMRV;RV;
3PO000097QMRV;RV;
3PO000098QMRV;RV;
3PO000099QMRV;RV;
3PO000100QMRV;RV;
3PO000101QMRV;RV;
3PO000102QMRV;RV;
3PO000103QMRV;RV;
3PO000104QMRV;RV;
3PO000105QMRV;RV;
3PO000106QMRV;RV;
3PO000107QMRV;RV;
3PO000114QMRV;RV;
3PO000115QMRV;RV;
3PO000116QMRV;RV;
3PO000117QMRV;RV;
3PO000118QMRV;RV;
3PO000119QMRV;RV;
3PO000129QMRV;RV;
3PO000130QMRV;RV;
3PO000131QMRV;RV;
3PO000132QMRV;RV;
3PO000133QMRV;RV;
3PO000134QMRV;RV;
3PO000135QMRV;RV;
3PO000137QMRV;RV;
3PO000138QMRV;RV;
3PO000140QMRV;RV;
3PO000144QMRV;RV;
3PO000145QMRV;RV;
3PO000146QMRV;RV;
3PO000147QMRV;RV;
3PO000148QMRV;RV;
3PO000149QMRV;RV;
3PO000153QMRV;RV;
3PO000154QMRV;RV;
3PO000155QMRV;RV;
3PO000156QMRV;RV;
3PO000157QMRV;RV;
3PO000158QMRV;RV;
3PO000159QMRV;RV;
3PO000160QMRV;RV;
3PO000161QMRV;RV;
3PO000162QMRV;RV;
3PO000163QMRV;RV;
3PO000164QMRV;RV;
3PO000165QMRV;RV;
3PO000166QMRV;RV;
3PO000167QMRV;RV;
3PO000168QMRV;RV;
3PO000169QMRV;RV;
3PO000170QMRV;RV;
3PO000171QMRV;RV;
3PO000172QMRV;RV;
3PO000173QMRV;RV;
3PO000177QMRV;RV;
3PO000178QMRV;RV;
3PO000179QMRV;RV;
3PO000180QMRV;RV;
3PO000181QMRV;RV;
3PO000182QMRV;RV;
3PO000183QMRV;RV;
3PO000184QMRV;RV;
3PO000185QMRV;RV;
3PO000186QMRV;RV;
3PO000187QMRV;RV;
3PO000188QMRV;RV;
3PO000189QMRV;RV;
3PO000190QMRV;RV;
3PO000191QMRV;RV;
3PO000192QMRV;RV;
3PO000193QMRV;RV;
3PO000194QMRV;RV;
3PO000201QMRV;RV;
3PO000202QMRV;RV;
3PO000203QMRV;RV;
3PO000204QMRV;RV;
3PO000205QMRV;RV;
3PO000206QMRV;RV;
3PO000207QMRV;RV;
3PO000208QMRV;RV;
3PO000209QMRV;RV;
3PO000210QMRV;RV;
3PO000211QMRV;RV;
3PO000212QMRV;RV;
3PO000213QMRV;RV;
3PO000214QMRV;RV;
3PO000215QMRV;RV;
3PO000216QMRV;RV;
3PO000217QMRV;RV;
3PO000218QMRV;RV;
3PO000222QMRV;RV;
3PO000223QMRV;RV;
3PO000224QMRV;RV;
3PO000225QMRV;RV;
3PO000226QMRV;RV;
3PO000227QMRV;RV;
3PO000228QMRV;RV;
3PO000229QMRV;RV;
3PO000230QMRV;RV;
3PO000234QMRV;RV;
3PO000235QMRV;RV;
3PO000236QMRV;RV;
3PO000240QMRV;RV;
3PO000241QMRV;RV;
3PO000242QMRV;RV;
3PO000243QMRV;RV;
3PO000244QMRV;RV;
3PO000245QMRV;RV;
3PO000246QMRV;RV;
3PO000247QMRV;RV;
3PO000248QMRV;RV;
3PO000249QMRV;RV;
3PO000250QMRV;RV;
3PO000251QMRV;RV;
3PO000252QMRV;RV;
3PO000253QMRV;RV;
3PO000937MDRV;RV;
3PO000947MDRV;RV;
3PO000998QMRV;RV;
3PO000999QMRV;RV;
3PO00A218QMRV;RV;
3PO178PTFATRV;RV;
3PO189001ATRV;RV;
3POBACR01QMRV;RV;
3POBACRCNQMRV;RV;
3POBAINCNQMRV;RV;
3POBAINTFQMRV;RV;
3POBEINCNQMRV;RV;
3POBEINSUQMRV;RV;
3POCHEACEQMRV;RV;
3POCHEATFQMRV;RV;
3POCHES02QMRV;RV;
3POCHRDCNQMRV;RV;
3POCIE2CNSCRV;RV;
3POCOFRTFQMRV;RV;
3POCOIMTFQMRV;RV;
3POCOPFCNQMRV;RV;
3POLAQU01ESRV;RV;
3POLAQU02ESRV;RV;
3POLAQU03ESRV;RV;
3POLC1PCNQMRV;RV;
3POLC4C01QMRV;RV;
3POLC4ICNQMRV;RV;
3POMRCL01QMRV;RV;
3POMRILTFQMRV;RV;
3POPLBZTFGURV;RV;
3POPLINTFGURV;RV;
3POPLPTTFGURV;RV;
3POSWGICNQMRV;RV;
3POTUOFTFQMRV;RV;
3REVENDAXBORV;RV;
3REVENDAXFKRV;RV;
3REVENDAXJHRV;RV;
3REVENDAXJHRVA;RV;
3REVENDAXXRV;RV;
3SO000254QMRV;RV;
3SO000255QMRV;RV;
3SO000256QMRV;RV;
3SO000257QMRV;RV;
3SO000258QMRV;RV;
3SO000259QMRV;RV;
3SO000260QMRV;RV;
3SO000261QMRV;RV;
3SO000262QMRV;RV;
3SO000263QMRV;RV;
3SO000264QMRV;RV;
3SO000265QMRV;RV;
3SO000266QMRV;RV;
3SO000267QMRV;RV;
3SO000268QMRV;RV;
3SO000269QMRV;RV;
3SO000270QMRV;RV;
3SO000271QMRV;RV;
3SO000272QMRV;RV;
3SO000273QMRV;RV;
3SO000274QMRV;RV;
3SO000275QMRV;RV;
3SO000276QMRV;RV;
3SO000277QMRV;RV;
3SO000278QMRV;RV;
3SO000279QMRV;RV;
3SO000280QMRV;RV;
3SO000281QMRV;RV;
3SO000282QMRV;RV;
3SO000283QMRV;RV;
3SO000284QMRV;RV;
3SO000285QMRV;RV;
3SO000286QMRV;RV;
3SO000287QMRV;RV;
3SO000288QMRV;RV;
3SO000289QMRV;RV;
3SO000290QMRV;RV;
3SO000291QMRV;RV;
3SO000292QMRV;RV;
3SO000293QMRV;RV;
3SO000294QMRV;RV;
3SO000295QMRV;RV;
3SO000296QMRV;RV;
3SO000297QMRV;RV;
3SO000298QMRV;RV;
3SO000299QMRV;RV;
3SO000300QMRV;RV;
3SO000301QMRV;RV;
3SO000302QMRV;RV;
3SO000303QMRV;RV;
3SO000304QMRV;RV;
3SO000305QMRV;RV;
3SO000306QMRV;RV;
3SO000307QMRV;RV;
3SO000308QMRV;RV;
3SO000309QMRV;RV;
3SOCH3LCNQMRV;RV;
3SOCH3LTFQMRV;RV;
3TEC0000001;CSD;
3TEC000001R;CSD;
3TEC0001263;CSD;
3TEC0001277;CSD;
3TEC0001293;CSD;
3TEC0A10501;CST;
3TEC0A10502;CST;
3TEC0A10504;CST;
3TEC0A10507;CST;
3TEC0A10508;CST;
3TEC0A10510;CST;
3TEC0A10512;CST;
3TEC0A10514;CST;
3TEC0A10516;CST;
3TEC0A10519;CST;
3TEC0A10520;CST;
3TEC0A10522;CST;
3TEC0A10523;CST;
3TEC0A10528;CST;
3TEC0A10530;CST;
3TEC0A10533;CST;
3TEC0A10535;CST;
3TEC0A10536;CST;
3TEC0A10538;CST;
3TEC0A10539;CST;
3TEC0A10541;CST;
3TEC0A10543;CST;
3TEC0A10545;CST;
3TEC0A10546;CST;
3TEC0A10553;CST;
3TEC0A10554;CST;
3TEC0A10556;CST;
3TEC0A10557;CST;
3TEC0A10560;CST;
3TEC0A10561;CST;
3TEC0A10562;CST;
3TEC0A10564;CST;
3TEC0A10565;CST;
3TEC0A10566;CST;
3TEC0A10567;CST;
3TEC0A10568;CST;
3TEC0A10569;CST;
3TEC0A10570;CST;
3TEC0A10573;CST;
3TEC0A10575;CST;
3TEC0A10579;CST;
3TEC0A10580;CST;
3TEC0A10581;CST;
3TEC0A10582;CST;
3TEC0A10585;CST;
3TEC0A10586;CST;
3TEC0A10587;CST;
3TEC0A10589;CST;
3TEC0A10600;CST;
3TEC0A11241;CST;
3TEC0A11268;CST;
3TEC0A11274;CST;
3TEC0A11307;CST;
3TEC0A11323;CST;
3TEC0A11327;CST;
3TEC0A11333;CST;
3TEC0A11420;CST;
3TEC0A11422;CST;
3TEC0A11435;CST;
3TEC0A11442;CST;
3TEC0A11445;CST;
3TEC0A11447;CST;
3TEC0A11456;CST;
3TEC0A11458;CST;
3TEC0A11459;CST;
3TEC0A11463;CST;
3TEC0A11487;CST;
3TEC0A11497;CST;
3TEC0A11501;CST;
3TEC0A11502;CST;
3TEC0A11503;CST;
3TEC0A11505;CST;
3TEC0A11510;CST;
3TEC0A11513;CST;
3TEC0A11514;CST;
3TEC0A11516;CST;
3TEC0A11517;CST;
3TEC0A11519;CST;
3TEC0A11520;CST;
3TEC0A11522;CST;
3TEC0A11525;CST;
3TEC0A11529;CST;
3TEC0A11530;CST;
3TEC0A11531;CST;
3TEC0A11565;CST;
3TEC0A22228;CST;
3TEC0A22242;CST;
3TEC0B10425;CST;
3TEC0B10499;CST;
3TEC0B10500;CST;
3TEC0B10506;CST;
3TEC0B10518;CST;
3TEC0B10532;CST;
3TEC0B10542;CST;
3TEC0B10558;CST;
3TEC0B10594;CST;
3TEC0B11426;CST;
3TEC0B11431;CST;
3TEC0B11436;CST;
3TEC0B11438;CST;
3TEC0B11439;CST;
3TEC0B11440;CST;
3TEC0B11441;CST;
3TEC0B11446;CST;
3TEC0B11449;CST;
3TEC0B11453;CST;
3TEC0B11457;CST;
3TEC0B11462;CST;
3TEC0B11466;CST;
3TEC0B11467;CST;
3TEC0B11486;CST;
3TEC0B11490;CST;
3TEC0B11492;CST;
3TEC0B11499;CST;
3TEC0B11500;CST;
3TEC0B11504;CST;
3TEC0B11506;CST;
3TEC0B11515;CST;
3TEC0B11518;CST;
3TEC0B11532;CST;
3TEC0B11533;CST;
3TEC0B22120;CST;
3TEC0B22237;CST;
3TEC0C10309;CST;
3TEC0C10311;CST;
3TEC0C10312;CST;
3TEC0C10333;CST;
3TEC0C10402;CST;
3TEC0C10405;CST;
3TEC0C10439;CST;
3TEC0C10441;CST;
3TEC0C10728;CST;
3TEC0C10738;CST;
3TEC0C10745;CST;
3TEC0C11099;CST;
3TEC0C11100;CST;
3TEC0C11101;CST;
3TEC0C11102;CST;
3TEC0C11103;CST;
3TEC0C11104;CST;
3TEC0C11105;CST;
3TEC0C11108;CST;
3TEC0C11109;CST;
3TEC0C11110;CST;
3TEC0C11111;CST;
3TEC0C11112;CST;
3TEC0C11113;CST;
3TEC0C11114;CST;
3TEC0C11115;CST;
3TEC0C11117;CST;
3TEC0C11118;CST;
3TEC0C11119;CST;
3TEC0C11120;CST;
3TEC0C11122;CST;
3TEC0C11123;CST;
3TEC0C11124;CST;
3TEC0C11126;CST;
3TEC0C11129;CST;
3TEC0C11130;CST;
3TEC0C11131;CST;
3TEC0C11132;CST;
3TEC0C11134;CST;
3TEC0C11135;CST;
3TEC0C11137;CST;
3TEC0C11138;CST;
3TEC0C11139;CST;
3TEC0C11170;CST;
3TEC0C11176;CST;
3TEC0C11185;CST;
3TEC0C11210;CST;
3TEC0C11233;CST;
3TEC0C11247;CST;
3TEC0C11248;CST;
3TEC0C11253;CST;
3TEC0C11258;CST;
3TEC0C11271;CST;
3TEC0C11288;CST;
3TEC0C11289;CST;
3TEC0C11297;CST;
3TEC0C11301;CST;
3TEC0C11318;CST;
3TEC0C11335;CST;
3TEC0C11406;CST;
3TEC0C11414;CST;
3TEC0C11433;CST;
3TEC0C11443;CST;
3TEC0C11444;CST;
3TEC0C11452;CST;
3TEC0C11495;CST;
3TEC0C11547;CST;
3TEC0D10134;CST;
3TEC0D10139;CST;
3TEC0D10140;CST;
3TEC0D10142;CST;
3TEC0D10146;CST;
3TEC0D10160;CST;
3TEC0D10163;CST;
3TEC0D10172;CST;
3TEC0D10174;CST;
3TEC0D10175;CST;
3TEC0D10197;CST;
3TEC0D10203;CST;
3TEC0D10209;CST;
3TEC0D10212;CST;
3TEC0D10228;CST;
3TEC0D10238;CST;
3TEC0D10239;CST;
3TEC0D10251;CST;
3TEC0D10257;CST;
3TEC0D10385;CST;
3TEC0D10394;CST;
3TEC0D10396;CST;
3TEC0D10399;CST;
3TEC0D10403;CST;
3TEC0D10410;CST;
3TEC0D10411;CST;
3TEC0D10412;CST;
3TEC0D10429;CST;
3TEC0D10435;CST;
3TEC0D10437;CST;
3TEC0D10440;CST;
3TEC0D10443;CST;
3TEC0D10445;CST;
3TEC0D10452;CST;
3TEC0D10453;CST;
3TEC0D10454;CST;
3TEC0D10456;CST;
3TEC0D10457;CST;
3TEC0D10780;CST;
3TEC0D11140;CST;
3TEC0D11151;CST;
3TEC0D11162;CST;
3TEC0D11231;CST;
3TEC0D11232;CST;
3TEC0D11270;CST;
3TEC0D11421;CST;
3TEC0E10154;CST;
3TEC0E10157;CST;
3TEC0E10162;CST;
3TEC0E10179;CST;
3TEC0E10233;CST;
3TEC0E10234;CST;
3TEC0E10258;CST;
3TEC0E10261;CST;
3TEC0E10351;CST;
3TEC0E10777;CSD;
3TEC0E11106;CST;
3TEC0E11107;CST;
3TEC0E11116;CST;
3TEC0E11121;CST;
3TEC0E11127;CST;
3TEC0E11128;CST;
3TEC0E11136;CST;
3TEC0F10117;CSD;
3TEC0F10161;CST;
3TEC0F10667;CSD;
3TEC0F10668;CSD;
3TEC0F10670;CSD;
3TEC0F10671;CSD;
3TEC0F10674;CSD;
3TEC0F10687;CSD;
3TEC0F10781;CSD;
3TEC0F10798;CST;
3TEC0F10800;CST;
3TEC0F10809;CSD;
3TEC0F10810;CSD;
3TEC0F10812;CSD;
3TEC0F10813;CSD;
3TEC0F10818;CSD;
3TEC0F10821;CSD;
3TEC0F10823;CSD;
3TEC0F10825;CSD;
3TEC0F10827;CSD;
3TEC0F10828;CSD;
3TEC0F11272;CST;
3TEC0F11279;CST;
3TEC0F11286;CST;
3TEC0F11309;CST;
3TEC0F11310;CST;
3TEC0F11317;CST;
3TEC0F11320;CST;
3TEC0F11330;CST;
3TEC0F11334;CST;
3TEC0F11534;CST;
3TEC0F11540;CST;
3TEC0F22043;CST;
3TEC0F22238;CST;
3TEC0G10626;CSD;
3TEC0G10685;CSD;
3TEC0G10773;CSD;
3TEC0G10799;CST;
3TEC0G10807;CSD;
3TEC0G11153;CST;
3TEC0H10032;CSD;
3TEC0H10053;CSD;
3TEC0H10255;CSD;
3TEC0H10601;CST;
3TEC0H10602;CST;
3TEC0H10603;CST;
3TEC0H10604;CST;
3TEC0H10605;CST;
3TEC0H10606;CST;
3TEC0H10607;CST;
3TEC0H10608;CST;
3TEC0H10609;CST;
3TEC0H10760;CSD;
3TEC0H10761;CSD;
3TEC0H10763;CSD;
3TEC0H11309;CST;
3TEC0P11549;CST;
3TEC0P22229;CST;
3TEC0VI0819;CST;
3TEC0VI1213;CST;
3TECAT00W61;CSD;
3TECESPA024;CSD;
3TECESPA040;CSD;
3TECESPA077;CSD;
3TECMLH0008;CST;
3TECMLH1356;CST;
3TIME0002SZRV;RV;
3LUAPSFC331Q;FNC;
3PTESM2DV01R1;VSN;
3LUAPSFC425Q;FNC;
3LUAPSFC770Q;FNC;
3LUAPSFS390Q;FNC;
3LUAPSFS528Q;FNC;
3LUAPSFS530Q;FNC;
3LUAPSFS538Q;FNC;
3LUAPSFS703Q;FNC;
3LUAPSFS725Q;FNC;
3LUAPSFS743Q;FNC;
3PCU625SJ155F;VSN;
3PCU746SJ155F;VSN;
3PTCUBTDV9TV1;VSN;
3PTCUBTDV9TV2;VSN;
3PTESBADW9QU1;VSN;
3PTESBADW9QU2;VSN;
3PTLO3Y6SM0E1;VSN;
3PTLO3Y6SM0E2;VSN;
3PTLOYGWIJ351;VSN;
3PTLOYGWIJ352;VSN;
3PTSOKNERW8U1;VSN;
3PTSOKNERW8U2;VSN;
3PTSOQZWXH5W1;VSN;
3PTSOQZWXH5W2;VSN;
3PTSOQZWXH5W3;VSN;
3PTSOQZWXH5W4;VSN;
3PTSOQZWXH5W5;VSN;
3PTSORGP3FFL1;VSN;
3PTSORGP3FFL2;VSN;
3PUXPAMPA200F;FNC;
3PXEU241AL;NEC;
3PXEU621AL;NEC;
3PXEU637AL;NEC;
3PXEU647AL;NEC;
3PXEU691AL;NEC;
3PXEU814AL;NEC;
3VIB1200X1455P;VSN;
3VIB1200X1810P;VSN;
3VIB578X1810P;VSN;
3VIB580X2103P;VSN;
3101036TLJHRV;RV;
336507796RIRV;RV;
336507825RIRV;RV;
336507867RIRV;RV;
336508769RIRV;RV;
3AMOST260226;NEC;
3AORING2014D16;FNC;
3AROR500BI1N10;FNC;
3AROR500BI328;FNC;
3AROR500KI438;FNC;
3BAELEG001JHRV;RV;
3BRAHKXS1600TO;FNC;
3CA000341MDRV;RV;
3CA3358BPORRV;RV;
3CABSMD11ADRV;RV;
3CAGOM006ADRV;RV;
3CIEU600CHCHPR;FNC;
3CONECOCU25FRO;FNC;
3CONECOCU25POS;FNC;
3COTES2XTMADPR;FNC;
3COTESTOUMADPR;FNC;
3CROPOLARMACC5;VRG;
3CROPORCEMACC2;VRG;
3CRORAPADMACC3;VRG;
3ESV1035X1200AF;VSN;
3ESV1300X1100PF;VSN;
3ESV710X1540AF;VSN;
3FEMAGWAVCILPR;FNC;
3INSU063829RV;RV;
3INSU069469RV;RV;
3KISEQUNO2PDIR;FNC;
3KISEQUNO3PESQ;FNC;
3KISUP1PEXTOCE;FNC;
3KISUP1PINDIRO;FNC;
3KITINFRON252P;FNC;
3KMFOCUSCHTRFO;FNC;
3KTFEMATOUCIPR;FNC;
3KTFEMATOUSIPR;FNC;
3LEDDP72700K24V;FNC;
3LUAPSFC1070F;FNC;
3LUAPSFC1072Q;FNC;
3LUAPSFC392Q;FNC;
3LUAPSFC430Q;FNC;
3LUAPSFC446Q;FNC;
3LUAPSFC730Q;FNC;
3LUAPSFC943Q;FNC;
3LUAPSFEC1012Q;FNC;
3LUAPSFEC1195Q;FNC;
3LUAPSFEC480Q;FNC;
3LUAPSFES1039Q;FNC;
3LUAPSFES1052Q;FNC;
3LUAPSFES1057Q;FNC;
3LUAPSFES1070Q;FNC;
3LUAPSFES1195Q;FNC;
3LUAPSFS1056Q;FNC;
3LUAPSFS1066Q;FNC;
3LUAPSFS1172Q;FNC;
3LUAPSFS1180Q;FNC;
3LUAPSFS1230Q;FNC;
3LUAPSFS370Q;FNC;
3LUAPSFS371Q;FNC;
3LUAPSFS399Q;FNC;
3LUAPSFS430Q;FNC;
3LUAPSFS577Q;FNC;
3LUAPSFS665Q;FNC;
3LUAPSFS718Q;FNC;
3LUAPSFS757Q;FNC;
3LUAPSFS805Q;FNC;
3LUAPSFS843Q;FNC;
3LUAPSFS895Q;FNC;
3LUAPSFS930Q;FNC;
3LUAPSFS935F;FNC;
3LUAPSFS955Q;FNC;
3LUAPSFS958F;FNC;
3LUAPSFS995Q;FNC;
3LUCABRETI1093Q;NEC;
3LUDOBBAL1000F;FNC;
3LUTHIN1004Q;FNC;
3LUTHIN1016Q;FNC;
3LUTHIN1230Q;FNC;
3LUTHIN1281Q;FNC;
3LUTHIN1504Q;FNC;
3LUTHIN1524Q;FNC;
3LUTHIN1868Q;FNC;
3LUTHIN2151Q;FNC;
3LUTHIN2330Q;FNC;
3LUTHIN2575Q;FNC;
3LUTHIN376Q;FNC;
3LUTHIN720Q;FNC;
3LUTHIN918Q;FNC;
3MAMC22CBFL;VRG;
3MAPLPTRAV21AN;VRG;
3MARCO177517;VRG;
3MARG168880;VRG;
3MARIMPDS50;VRG;
3MARIMPPL10ASF;VRG;
3MARORIO295;VRG;
3MARORIO770AN;VRG;
3MARORIOBT16;VRG;
3MARORIOBT16AN;VRG;
3MARORIOBT19;VRG;
3MARORIOCBI;VRG;
3MARORIPL13;VRG;
3MARORIPL66AN;VRG;
3MARPORDS35AN;VRG;
3MARPORDS42;VRG;
3MARPORR295;VRG;
3MARPORRCBIAN;VRG;
3MARPORRMK10;VRG;
3MEASTI08BORV;RV;
3MECMJO13MTRV;RV;
3MECMJO16MHRV;RV;
3MECMJO18MIRV;RV;
3MECSJO1609RV;RV;
3MEECLI01ESRV;RV;
3MESAINOX000L;NEC;
3MESE0002JHRV;RV;
3MESMJR0702RV;RV;
3MMSP2174459E;VRG;
3MMSP2IMP174459;VRG;
3MMSY00174770;VRG;
3MTPARORIO80AN;VRG;
3MTPARPORR11;VRG;
3MTPARPORR80AN;VRG;
3MTPCVIMPE17;VRG;
3MTPCVTRAV20;VRG;
3MTPCVTRAV20AN;VRG;
3MTPECORIO20;VRG;
3MTPTIIM176420;VRG;
3MTPTIORIO26;VRG;
3MTPVOORIO12;VRG;
3MVWUOM1032RV;RV;
3ORJOAB1599D10;FNC;
3ORJOAB2049A2D;FNC;
3PCU1576CONCRF;VSN;
3PCU1746QUINOF;VSN;
3PCU2276CONCRF;VSN;
3PCU2396QUINMF;VSN;
3PCU2556QUINOF;VSN;
3PCU416QUINOF;VSN;
3PCU494SK101F;VSN;
3PCU496QUINMF;VSN;
3PCU496R9002F;VSN;
3PCU531SK101F;VSN;
3PCU556SK101F;VSN;
3PCU596AMENDF;VSN;
3PCU659QUINOF;VSN;
3PCU796QUINOF;VSN;
3PERCVRM416NAT;FNC;
3PLD171QUINMF;VSN;
3PLD292QUINMF;VSN;
3PLD309QUINMF;VSN;
3PLD354QUINMF;VSN;
3PLD375QUINMF;VSN;
3PLD4830DUNAF;VSN;
3PLD4840DUNAF;VSN;
3PLD4920DUNAF;VSN;
3PLD519CARBOF;VSN;
3PLD594CARBOF;VSN;
3PLE309QUINMF;VSN;
3PLE354QUINMF;VSN;
3PLE4840DUNAF;VSN;
3PLE501QUINMF;VSN;
3PLE519CARBOF;VSN;
3PLE594CARBOF;VSN;
3PLL1059RUSTMF;VSN;
3PLL1195R9002F;VSN;
3PLL1196R9002F;VSN;
3PLL1976QUINMF;VSN;
3PLL2246STEEMF;VSN;
3PLL4410CAFEF;VSN;
3PLL566R9002F;VSN;
3PLL886CERAMF;VSN;
3PLL9710DUNAF;VSN;
3PONCVPE416CRA;FNC;
3PTCUDJT13NK1;VSN;
3PTCUDJT13NK2;VSN;
3PTCUJMFSQ841;VSN;
3PTCUJMFSQ842;VSN;
3PTCUJMFSQ843;VSN;
3PTCUL4K3OJP1;VSN;
3PTCUQSEE94Y1;VSN;
3PTCUQSEE94Y2;VSN;
3PTCURV2GHIL1;VSN;
3PTCURV2GHIL2;VSN;
3PTCUXDRDE331;VSN;
3PTCUXDRDE332;VSN;
3PTCUXDRDE333;VSN;
3PTCUXDRDE334;VSN;
3PTCUY13PIG11;VSN;
3PTCUY13PIG12;VSN;
3PTESEA3DJHU1;VSN;
3PTESEA3DJHU2;VSN;
3PTESEA3DJHU3;VSN;
3PTESEA3DJHU4;VSN;
3PTESPNZ3EE21;VSN;
3PTESPNZ3EE22;VSN;
3PTSO4ESFE081;VSN;
3PTSO850NCV31;VSN;
3PTSO850NCV32;VSN;
3PTSOAI01YDO1;VSN;
3PTSOAI01YDO2;VSN;
3PTSOBR5L9UA1;VSN;
3PTSOBR5L9UA2;VSN;
3PTSODXEZUMT1;VSN;
3PTSOG1QYJJV1;VSN;
3PTSOG1QYJJV2;VSN;
3PTSOG1QYJJV3;VSN;
3PTSOG1QYJJV4;VSN;
3PTSOHXX87NW1;VSN;
3PTSOHXX87NW10;VSN;
3PTSOHXX87NW2;VSN;
3PTSOHXX87NW3;VSN;
3PTSOHXX87NW4;VSN;
3PTSOHXX87NW5;VSN;
3PTSOHXX87NW6;VSN;
3PTSOHXX87NW7;VSN;
3PTSOHXX87NW8;VSN;
3PTSOHXX87NW9;VSN;
3PTSOISV11I41;VSN;
3PTSOISV11I42;VSN;
3PTSOMILO1DT1;VSN;
3PTSOMILO1DT2;VSN;
3PTSOMILO1DT3;VSN;
3PTSONQHYGIR1;VSN;
3PTSONYWYADN1;VSN;
3PTSONYWYADN2;VSN;
3PTSONYWYADN3;VSN;
3PTSONYWYADN4;VSN;
3PTSOZFYTHEE1;VSN;
3PTSOZFYTHEE2;VSN;
3PTVCMILO1DT1;VSN;
3PTVCMILO1DT2;VSN;
3PTVCMILO1DT3;VSN;
3PTVCMILO1DT4;VSN;
3PTVRO3EDMJX1;VSN;
3PTVRO3EDMJX2;VSN;
3PTVRS8IEC3K4;VSN;
3PTWY1QPGUQ91;VSN;
3PTWY1QPGUQ92;VSN;
3PTWYA0CGYMW1;VSN;
3PTWYHGETZQE1;VSN;
3PTWYHGETZQE2;VSN;
3PTWYHGETZQE3;VSN;
3PTWYP06PK2C1;VSN;
3PTWYP06PK2C2;VSN;
3PTWYP06PK2C3;VSN;
3PUXDR215BR;FNC;
3PUXDREPICCOBR;FNC;
3PUXDREPICFUBR;FNC;
3PUXFDR215BR;FNC;
3PUXMACWAVCIPR;FNC;
3PXEU1096AL;NEC;
3PXEU1159AL;NEC;
3PXEU1196AL;NEC;
3PXEU1376AL;NEC;
3PXEU2156AL;NEC;
3PXEU246AL;NEC;
3PXEU301TI;NEC;
3PXEU396AL;NEC;
3PXEU404IN;NEC;
3PXEU446AL;NEC;
3PXEU469AL;NEC;
3PXEU496AL;NEC;
3PXEU498AL;NEC;
3PXEU605TI;NEC;
3PXEU630AL;NEC;
3PXEU746AL;NEC;
3PXEU828AL;NEC;
3PXEU853AL;NEC;
3PXEU996AL;NEC;
3RIPA10MM0069;NEC;
3RIPA10MM0071;NEC;
3RIPA10MM0073;NEC;
3ROSQUADEUROPR;FNC;
3SGMH1C450350A;VSN;
3SIGNPRT550AN;VSN;
3SKY1225X548QA;VSN;
3SKY180434A;VSN;
3SKY180434B;VSN;
3SKY180434C;VSN;
3SKY180434D;VSN;
3SKY850X295QP;VSN;
3SOL600A2210Q;VSN;
3SOL600A2280Q;VSN;
3TEC0179633;CST;
3TEC0A26012;CST;
3TEC0A26024;CST;
3TEC0A26025;CST;
3TEC0A26026;CST;
3TEC0A26040;CST;
3TEC0A26047;CST;
3TEC0A26054;CST;
3TEC0B26023;CST;
3TEC0B26028;CST;
3TEC0B26030;CST;
3TEC0B26046;CST;
3TEC0B26078;CST;
3TEC0B26079;CST;
3TEC0B26081;CST;
3TEC0B26085;CST;
3TEC0B26091;CST;
3TEC0B26094;CST;
3TEC0B26099;CST;
3TEC0C26002;CST;
3TEC0C26007;CST;
3TEC0C26019;CST;
3TEC0C26027;CST;
3TEC0C26029;CST;
3TEC0C26032;CST;
3TEC0C26036;CST;
3TEC0C26043;CST;
3TEC0C26050;CST;
3TEC0C26061;CST;
3TEC0C26074;CST;
3TEC0C26077;CST;
3TEC0C26082;CST;
3TEC0C26090;CST;
3TEC0C26092;CST;
3TEC0C26093;CST;
3TEC0C26096;CST;
3TEC0C26097;CST;
3TEC0D26013;CST;
3TEC0D26020;CST;
3TEC0D26021;CST;
3TEC0D26034;CST;
3TEC0D26035;CST;
3TEC0D26044;CST;
3TEC0D26052;CST;
3TEC0D26063;CST;
3TEC0D26098;CST;
3TEC0E26003;CST;
3TEC0E26006;CST;
3TEC0E26022;CST;
3TEC0E26059;CST;
3TEC0EP1108;CST;
3TEC0EP1387;CST;
3TEC0EPBA1213;CST;
3TEC0EPBA1387;CST;
3TEC0EPBA1630;CST;
3TEC0QUAKER;CST;
3TPLURELICI270;FNC;
3VIB595X1750P;VSN;
;;
;;
;;
;;
